account_id,display_name,email,account_status,app_role,privileged,created_date,last_login_date
MAHMOUD.HADDAD,Mahmoud Haddad,Mahmoud.Haddad@BiTermTest.com,Enabled,Standard User,No,2015-07-20,2026-08-05
ANDIAYE,Aylin Ndiaye,Aylin.Ndiaye@BiTermTest.com,Enabled,Standard User,No,2011-06-30,2026-06-28
ESHAN.HOLMGREN,Eshan Holmgren,Eshan.Holmgren@BiTermTest.com,Enabled,Standard User,No,2015-01-01,2026-06-25
MFONSECA,Mateo Fonseca,Mateo.Fonseca@BiTermTest.com,Enabled,Read Only,No,2008-05-12,2026-07-08
INGRID.YAMAMOTO,Ingrid Yamamoto,,Disabled,Administrator,Yes,2023-09-02,2025-09-11
MATTEO.DOGAN,Matteo Dogan,Matteo.Dogan@BiTermTest.com,Enabled,Standard User,No,2026-03-09,2026-07-10
LALEH.SANDBERG,Laleh Sandberg,Laleh.Sandberg@BiTermTest.com,Enabled,Power User,No,2017-05-01,2026-07-16
LINH.HAILE,Linh Haile,Linh.Haile@BiTermTest.com,Enabled,Standard User,No,2014-04-14,2026-08-02
LARS.FOFANA,Lars Fofana,Lars.Fofana@BiTermTest.com,Enabled,Standard User,No,2015-01-01,2026-07-26
KOFI.KAMINSKI,Kofi Kaminski,Kofi.Kaminski@BiTermTest.com,Disabled,Standard User,No,2021-09-20,2026-07-11
BOGDAN.YAMAMOTO,Bogdan Yamamoto,Bogdan.Yamamoto@BiTermTest.com,Enabled,Standard User,No,2021-12-13,2026-07-10
NIAMH.FOFANA,Niamh Fofana,Niamh.Fofana@BiTermTest.com,Enabled,Standard User,No,2015-01-01,2026-07-30
EMRE.BEKELE,Emre Bekele,Emre.Bekele@BiTermTest.com,Enabled,Standard User,No,2020-02-03,2026-07-19
Ximena.Cassar,Ximena Cassar,Ximena.Cassar@BiTermTest.com,Enabled,Standard User,No,2015-01-26,2026-07-25
DRAGAN.MOROZOV,Dragan Morozov,Dragan.Morozov@BiTermTest.com,Enabled,Standard User,No,2023-09-05,2026-07-02
VDESTA,Vandana Desta,Vandana.Desta@BiTermTest.com,Enabled,Standard User,No,2010-04-26,2026-07-26
BASIM.NDIAYE,Basim Ndiaye,Basim.Ndiaye@BiTermTest.com,Enabled,Standard User,No,2010-11-29,2026-07-03
EMRE.CONTI,Emre Conti,Emre.Conti@BiTermTest.com,Enabled,Standard User,No,2015-08-10,2026-07-12
ANOUK.DESTA,Anouk Desta,Anouk.Desta@BiTermTest.com,Enabled,Standard User,No,2019-04-01,2026-06-28
CASLAN,Chiara Aslan,Chiara.Aslan@BiTermTest.com,Enabled,Standard User,No,1993-01-28,2026-06-29
ADAEZE.GRECO,Adaeze Greco,Adaeze.Greco@BiTermTest.com,Enabled,Standard User,No,2014-10-27,2026-08-05
PGALEA,Parvin Galea,Parvin.Galea@BiTermTest.com,Enabled,Standard User,No,2007-07-02,2026-07-03
YUSUF.LEMMA,Yusuf Lemma,Yusuf.Lemma@BiTermTest.com,Enabled,Standard User,No,2022-11-14,2026-07-16
Amina.Lindqvist,Amina Lindqvist,Amina.Lindqvist@BiTermTest.com,Enabled,Standard User,No,2016-03-28,2026-07-13
REN.PILLAI,Ren Pillai,Ren.Pillai@BiTermTest.com,Enabled,Standard User,No,2019-04-15,2026-07-12
LALEH.DEMIR,Laleh Demir,Laleh.Demir@BiTermTest.com,Enabled,Standard User,No,2023-03-13,2026-07-02
MIKKEL.ATTARD,Mikkel Attard,Mikkel.Attard@BiTermTest.com,Enabled,Read Only,No,2025-02-06,2026-07-30
MAITE.DAHLBERG,Maite Dahlberg,Maite.Dahlberg@BiTermTest.com,Enabled,Standard User,No,2021-04-26,2026-07-15
SANNE.DESTA,Sanne Desta,Sanne.Desta@BiTermTest.com,Enabled,Standard User,No,2025-05-15,2026-07-01
XOCHITL.LEWANDOWSKI,Xochitl Lewandowski,Xochitl.Lewandowski@BiTermTest.com,Enabled,Standard User,No,2012-09-11,2026-08-05
ITRUONG,Itruong,,Enabled,Service Account,Yes,2023-12-25,2024-07-26
LORENZO.FUJIMOTO,Lorenzo Fujimoto,Lorenzo.Fujimoto@BiTermTest.com,Enabled,Read Only,No,2023-02-06,2026-07-12
MATTEO.PHAM,Matteo Pham,Matteo.Pham@BiTermTest.com,Enabled,Standard User,No,2021-05-24,2026-07-14
ANWAR.NGO,Anwar Ngo,Anwar.Ngo@BiTermTest.com,Enabled,Administrator,Yes,2015-01-01,2026-07-08
MILAN.VUONG,Milan Vuong,Milan.Vuong@BiTermTest.com,Enabled,Read Only,No,2008-09-14,2026-07-25
JOVANA.RIBEIRO,Jovana Ribeiro,Jovana.Ribeiro@BiTermTest.com,Enabled,Administrator,Yes,2007-02-01,2026-07-15
MARTA.DOGAN,Marta Dogan,,Enabled,Service Account,Yes,2022-12-30,2026-06-11
BIANCA.MORETTI,Bianca Moretti,Bianca.Moretti@BiTermTest.com,Enabled,Standard User,No,2020-02-24,2026-07-25
DENIZ.ALEMU,Deniz Alemu,Deniz.Alemu@BiTermTest.com,Enabled,Standard User,No,2022-07-20,2026-08-03
ELZBIETA.LEMMA,Elzbieta Lemma,Elzbieta.Lemma@BiTermTest.com,Enabled,Standard User,No,2025-05-13,2026-07-07
RAFAEL.TITOV,Rafael Titov,Rafael.Titov@BiTermTest.com,Enabled,Standard User,No,2015-03-16,2026-07-01
JEROEN.MICALLEF,Jeroen Micallef,Jeroen.Micallef@BiTermTest.com,Enabled,Read Only,No,2024-09-23,2026-07-20
TKURODA,Tkuroda,,Enabled,Standard User,No,2022-03-04,2025-12-15
AATTARD,Arjun Attard,Arjun.Attard@BiTermTest.com,Enabled,Standard User,No,2012-12-17,2026-06-30
NBEKELE,Nayeli Bekele,Nayeli.Bekele@BiTermTest.com,Enabled,Standard User,No,2006-09-20,2026-06-27
SANNE.ATTARD,Sanne Attard,Sanne.Attard@BiTermTest.com,Enabled,Standard User,No,2020-03-23,2026-06-27
HENRYK.CHUKWU,Henryk Chukwu,Henryk.Chukwu@BiTermTest.com,Enabled,Standard User,No,2016-10-31,2026-07-15
MATEO.KWON,Mateo Kwon,Mateo.Kwon@BiTermTest.com,Enabled,Standard User,No,2024-01-02,2026-06-28
Roisin.Ozturk,Roisin Ozturk,Roisin.Ozturk@BiTermTest.com,Enabled,Power User,No,2021-05-17,2026-07-14
ADAEZE.BUI,Adaeze Bui,Adaeze.Bui@BiTermTest.com,Enabled,Administrator,Yes,2021-10-18,2026-07-21
Padraig.Grabowski,Padraig Grabowski,Padraig.Grabowski@BiTermTest.com,Enabled,Standard User,No,2017-07-10,2026-06-28
PGALEA,Parvin Galea,Parvin.Galea@BiTermTest.com,Enabled,Standard User,No,1999-08-23,2026-07-03
HENRYK.HOSHINO,Henryk Hoshino,Henryk.Hoshino@BiTermTest.com,Enabled,Standard User,No,2015-01-05,2026-07-02
VASIL.BAE,Vasil Bae,Vasil.Bae@BiTermTest.com,Enabled,Standard User,No,2025-02-06,2026-08-03
MDELUCA,Mahmoud Deluca,Mahmoud.Deluca@BiTermTest.com,Enabled,Standard User,No,1993-05-26,2026-07-16
ITZEL.DESTA,Itzel Desta,Itzel.Desta@BiTermTest.com,Enabled,Power User,No,2007-04-16,2026-07-09
IKILIC,Izaro Kilic,Izaro.Kilic@BiTermTest.com,Enabled,Standard User,No,2009-01-26,2026-07-05
XFOFANA,Xiu Fofana,Xiu.Fofana@BiTermTest.com,Enabled,Read Only,No,1987-09-23,2026-07-06
YARETZI.ASLAN,Yaretzi Aslan,Yaretzi.Aslan@BiTermTest.com,Enabled,Standard User,No,2015-10-05,2026-07-29
AMAIA.DANG,Amaia Dang,Amaia.Dang@BiTermTest.com,Enabled,Standard User,No,2015-08-10,2026-07-25
HVUONG,Haruto Vuong,Haruto.Vuong@BiTermTest.com,Enabled,Standard User,No,2010-09-27,2026-07-08
KOFI.DJORDJEVIC,Kofi Djordjevic,Kofi.Djordjevic@BiTermTest.com,Enabled,Standard User,No,2023-03-06,2026-07-14
XKAPOOR,Xochitl Kapoor,Xochitl.Kapoor@BiTermTest.com,Enabled,Standard User,No,1998-02-10,2026-07-12
KATYA.NAIR,Katya Nair,Katya.Nair@BiTermTest.com,Enabled,Standard User,No,2023-03-27,2026-07-12
ACELIK,Anouk Celik,Anouk.Celik@BiTermTest.com,Enabled,Standard User,No,2004-09-27,2026-08-01
MARISOL.BUI,Marisol Bui,Marisol.Bui@BiTermTest.com,Enabled,Standard User,No,2004-08-30,2026-07-08
RAFAEL.VUONG,Rafael Vuong,Rafael.Vuong@BiTermTest.com,Disabled,Read Only,No,2026-02-12,2026-07-02
CMARINO,Cem Marino,Cem.Marino@BiTermTest.com,Enabled,Standard User,No,2012-05-29,2026-06-29
JJANKOWSKI,Janusz Jankowski,Janusz.Jankowski@BiTermTest.com,Enabled,Standard User,No,2013-09-03,2026-07-23
INGRID.HENDRIKS,Ingrid Hendriks,Ingrid.Hendriks@BiTermTest.com,Enabled,Standard User,No,2002-05-20,2026-08-02
SGALLO,Suleiman Gallo,Suleiman.Gallo@BiTermTest.com,Enabled,Read Only,No,2000-12-04,2026-06-27
MATEO.VOLKOV,Mateo Volkov,Mateo.Volkov@BiTermTest.com,Enabled,Read Only,No,2017-09-29,2026-07-23
ITRAORE,Iker Traore,Iker.Traore@BiTermTest.com,Enabled,Standard User,No,2009-07-13,2026-08-04
ANOUK.AZEVEDO,Anouk Azevedo,Anouk.Azevedo@BiTermTest.com,Enabled,Standard User,No,2018-04-16,2026-07-06
TARIQ.BORG,Tariq Borg,Tariq.Borg@BiTermTest.com,Enabled,Read Only,No,2007-10-17,2026-07-14
CDELUCA,Cdeluca,cdeluca@bitermtest.com,Enabled,Standard User,No,2024-01-23,2026-01-30
VASIL.CASSAR,Vasil Cassar,Vasil.Cassar@BiTermTest.com,Enabled,Standard User,No,2020-07-20,2026-06-26
ROISIN.GUPTA,Roisin Gupta,Roisin.Gupta@BiTermTest.com,Enabled,Standard User,No,2018-10-29,2026-07-26
LINH.SAXENA,Linh Saxena,Linh.Saxena@BiTermTest.com,Enabled,Read Only,No,2017-09-25,2026-07-07
TCASSAR,Trung Cassar,Trung.Cassar@BiTermTest.com,Enabled,Standard User,No,2021-10-11,2026-08-04
FERNANDA.DESAI,Fernanda Desai,Fernanda.Desai@BiTermTest.com,Disabled,Standard User,No,2020-10-27,2026-07-07
Siobhan.Kozlowski,Siobhan Kozlowski,Siobhan.Kozlowski@BiTermTest.com,Disabled,Standard User,No,2017-04-10,2026-07-22
AYLIN.MUKHERJEE,Aylin Mukherjee,Aylin.Mukherjee@BiTermTest.com,Enabled,Standard User,No,2000-08-21,2026-07-13
IKER.MOROZOV,Iker Morozov,Iker.Morozov@BiTermTest.com,Enabled,Read Only,No,2015-01-01,2026-07-16
SCHATTERJEE,Sigrid Chatterjee,Sigrid.Chatterjee@BiTermTest.com,Enabled,Read Only,No,2009-10-26,2026-07-11
AMINA.NOVIKOV,Amina Novikov,Amina.Novikov@BiTermTest.com,Enabled,Standard User,No,2014-09-15,2026-07-17
SNASSAR,Suleiman Nassar,Suleiman.Nassar@BiTermTest.com,Disabled,Standard User,No,2012-07-02,2026-07-10
PZAMMIT,Priya Zammit,Priya.Zammit@BiTermTest.com,Enabled,Power User,No,2004-07-12,2026-07-25
CHIARA.ASLAN,Chiara Aslan,Chiara.Aslan@BiTermTest.com,Enabled,Read Only,No,2016-03-18,2026-07-27
CAMILA.BOATENG,Camila Boateng,Camila.Boateng@BiTermTest.com,Enabled,Standard User,No,2015-01-01,2026-07-22
CMARKOVIC,Cuauhtemoc Markovic,Cuauhtemoc.Markovic@BiTermTest.com,Enabled,Standard User,No,2012-02-27,2026-07-08
MATTEO.WISNIEWSKI,Matteo Wisniewski,Matteo.Wisniewski@BiTermTest.com,Enabled,Read Only,No,2025-07-16,2026-06-25
NNASSAR,Nnassar,nnassar@bitermtest.com,Enabled,Standard User,No,2023-11-19,2024-10-16
REN.ASLAN,Ren Aslan,Ren.Aslan@BiTermTest.com,Disabled,Read Only,No,2016-12-01,2026-07-27
MEERA.FOFANA,Meera Fofana,Meera.Fofana@BiTermTest.com,Enabled,Standard User,No,2022-05-16,2026-07-10
VASIL.AMARI,Vasil Amari,Vasil.Amari@BiTermTest.com,Enabled,Standard User,No,2016-04-11,2026-07-22
XFONSECA,Xfonseca,xfonseca@bitermtest.com,Enabled,Service Account,Yes,2023-08-31,2024-06-11
BENGSTROM,Bram Engstrom,Bram.Engstrom@BiTermTest.com,Enabled,Standard User,No,1995-01-30,2026-06-22
SKHOURY,Sanne Khoury,Sanne.Khoury@BiTermTest.com,Enabled,Standard User,No,2006-07-17,2026-07-07
ZAHRA.DESAI,Zahra Desai,,Enabled,Service Account,Yes,2022-03-31,2025-02-18
IZARO.CARDOSO,Izaro Cardoso,Izaro.Cardoso@BiTermTest.com,Enabled,Standard User,No,2005-03-28,2026-07-26
JANUSZ.MAZUR,Janusz Mazur,Janusz.Mazur@BiTermTest.com,Enabled,Standard User,No,2020-07-27,2026-07-11
ZAFOLABI,Zafolabi,,Enabled,Read Only,No,2023-08-18,2026-01-29
LEILA.WOJCIK,Leila Wojcik,Leila.Wojcik@BiTermTest.com,Enabled,Read Only,No,2025-08-29,2026-08-05
TENOCH.HADDAD,Tenoch Haddad,Tenoch.Haddad@BiTermTest.com,Enabled,Power User,No,2024-10-01,2026-07-15
VANDANA.LINDQVIST,Vandana Lindqvist,Vandana.Lindqvist@BiTermTest.com,Enabled,Standard User,No,2019-11-25,2026-07-01
JPETROVIC,Jeroen Petrovic,Jeroen.Petrovic@BiTermTest.com,Enabled,Standard User,No,2001-06-07,2026-06-24
Amaia.Diallo,Amaia Diallo,Amaia.Diallo@BiTermTest.com,Disabled,Power User,No,1996-06-01,2026-07-24
DUC.DEMIR,Duc Demir,Duc.Demir@BiTermTest.com,Disabled,Standard User,No,2020-03-09,2026-07-14
FARID.WATANABE,Farid Watanabe,Farid.Watanabe@BiTermTest.com,Enabled,Read Only,No,2016-12-05,2026-06-29
MING.OWUSU,Ming Owusu,Ming.Owusu@BiTermTest.com,Enabled,Standard User,No,2022-11-14,2026-07-31
ARAHAL,Amara Rahal,Amara.Rahal@BiTermTest.com,Enabled,Standard User,No,1994-12-03,2026-06-23
ANWAR.BUI,Anwar Bui,Anwar.Bui@BiTermTest.com,Enabled,Standard User,No,2013-11-13,2026-07-24
AMARA.SAKAMOTO,Amara Sakamoto,Amara.Sakamoto@BiTermTest.com,Enabled,Power User,No,2024-06-17,2026-06-22
DMITRI.TITOV,Dmitri Titov,Dmitri.Titov@BiTermTest.com,Disabled,Read Only,No,2025-02-06,2026-07-24
RENATA.KOBAYASHI,Renata Kobayashi,Renata.Kobayashi@BiTermTest.com,Enabled,Standard User,No,2022-11-01,2026-07-13
UMAR.GHANEM,Umar Ghanem,Umar.Ghanem@BiTermTest.com,Enabled,Read Only,No,2015-05-14,2026-07-24
NAYELI.OZTURK,Nayeli Ozturk,Nayeli.Ozturk@BiTermTest.com,Enabled,Read Only,No,2016-05-31,2026-07-21
WAFA.SOKOLOV,Wafa Sokolov,Wafa.Sokolov@BiTermTest.com,Enabled,Standard User,No,2025-08-29,2026-07-23
INGRID.ORLOV,Ingrid Orlov,ingrid.orlov@bitermtest.com,Enabled,Standard User,No,2022-04-03,2025-07-21
TEODORA.GALEA,Teodora Galea,Teodora.Galea@BiTermTest.com,Enabled,Standard User,No,2019-05-20,2026-07-28
ELZBIETA.LEMMA,Elzbieta Lemma,Elzbieta.Lemma@BiTermTest.com,Enabled,Standard User,No,2019-05-06,2026-07-07
PIOTR.YAMAMOTO,Piotr Yamamoto,Piotr.Yamamoto@BiTermTest.com,Enabled,Standard User,No,2025-05-13,2026-06-26
UKAPOOR,Unai Kapoor,Unai.Kapoor@BiTermTest.com,Enabled,Power User,No,2012-11-26,2026-07-27
XIMENA.IYER,Ximena Iyer,Ximena.Iyer@BiTermTest.com,Enabled,Standard User,No,2012-03-19,2026-07-15
RENATA.FONSECA,Renata Fonseca,Renata.Fonseca@BiTermTest.com,Enabled,Power User,No,2015-08-24,2026-07-11
LKOZLOWSKI,Lkozlowski,lkozlowski@bitermtest.com,Disabled,Power User,No,2023-03-16,2026-06-02
UFERREIRA,Umar Ferreira,Umar.Ferreira@BiTermTest.com,Enabled,Standard User,No,2010-05-25,2026-07-29
TOMASZ.LEWANDOWSKI,Tomasz Lewandowski,Tomasz.Lewandowski@BiTermTest.com,Enabled,Read Only,No,2022-09-06,2026-07-25
GITA.EZEANI,Gita Ezeani,Gita.Ezeani@BiTermTest.com,Disabled,Standard User,No,2024-11-15,2026-07-20
MINHO.DELUCA,Minho Deluca,Minho.Deluca@BiTermTest.com,Enabled,Read Only,No,2017-04-17,2026-07-23
JOVANA.NASSAR,Jovana Nassar,Jovana.Nassar@BiTermTest.com,Enabled,Read Only,No,2009-04-27,2026-07-02
LAN.BEKELE,Lan Bekele,Lan.Bekele@BiTermTest.com,Enabled,Standard User,No,2017-02-06,2026-07-29
GORKA.DANG,Gorka Dang,Gorka.Dang@BiTermTest.com,Enabled,Standard User,No,2024-08-26,2026-06-23
DBARBOSA,Deniz Barbosa,Deniz.Barbosa@BiTermTest.com,Enabled,Standard User,No,2007-01-12,2026-07-12
NKAMINSKI,Nemanja Kaminski,Nemanja.Kaminski@BiTermTest.com,Enabled,Power User,No,1991-09-23,2026-08-01
ENEKO.ASLAN,Eneko Aslan,Eneko.Aslan@BiTermTest.com,Enabled,Standard User,No,2025-05-12,2026-06-28
EHOLMGREN,Eshan Holmgren,Eshan.Holmgren@BiTermTest.com,Enabled,Power User,No,2009-08-03,2026-07-12
JNAIR,Jnair,jnair@bitermtest.com,Enabled,Service Account,Yes,2024-01-09,2026-06-15
PHENDRIKS,Phendriks,phendriks@bitermtest.com,Enabled,Service Account,Yes,2023-07-26,2025-12-20
LCONTI,Laleh Conti,Laleh.Conti@BiTermTest.com,Enabled,Standard User,No,2013-09-09,2026-07-08
JOAO.PILLAI,Joao Pillai,Joao.Pillai@BiTermTest.com,Enabled,Standard User,No,2021-04-26,2026-07-08
DMAALOUF,Dmaalouf,,Enabled,Read Only,No,2023-02-19,2026-02-28
Sanjay.Hoang,Sanjay Hoang,Sanjay.Hoang@BiTermTest.com,Enabled,Standard User,No,2013-07-22,2026-07-19
YUSUF.NOVAK,Yusuf Novak,Yusuf.Novak@BiTermTest.com,Enabled,Power User,No,2024-11-04,2026-07-05
Priya.Zammit,Priya Zammit,Priya.Zammit@BiTermTest.com,Enabled,Read Only,No,2016-08-08,2026-06-23
TARIQ.KAYA,Tariq Kaya,Tariq.Kaya@BiTermTest.com,Enabled,Standard User,No,2021-07-09,2026-07-02
LAN.FUJIMOTO,Lan Fujimoto,Lan.Fujimoto@BiTermTest.com,Enabled,Standard User,No,2017-05-09,2026-07-02
XOCHITL.REDDY,Xochitl Reddy,Xochitl.Reddy@BiTermTest.com,Enabled,Standard User,No,2005-06-22,2026-07-08
UMAR.PIOTROWSKI,Umar Piotrowski,Umar.Piotrowski@BiTermTest.com,Enabled,Power User,No,2014-09-08,2026-08-02
SANJAY.HOANG,Sanjay Hoang,Sanjay.Hoang@BiTermTest.com,Enabled,Standard User,No,2015-01-01,2026-08-01
IMANI.BARONE,Imani Barone,Imani.Barone@BiTermTest.com,Enabled,Standard User,No,2018-07-23,2026-07-13
LMICALLEF,Lorenzo Micallef,Lorenzo.Micallef@BiTermTest.com,Enabled,Standard User,No,2010-10-25,2026-07-20
Amaia.Mulder,Amaia Mulder,Amaia.Mulder@BiTermTest.com,Enabled,Standard User,No,2016-11-07,2026-08-05
CILLIAN.GIRMA,Cillian Girma,Cillian.Girma@BiTermTest.com,Enabled,Read Only,No,2020-10-13,2026-07-18
Cuauhtemoc.Horvat,Cuauhtemoc Horvat,Cuauhtemoc.Horvat@BiTermTest.com,Enabled,Standard User,No,2017-03-31,2026-07-22
GORKA.DESTA,Gorka Desta,Gorka.Desta@BiTermTest.com,Enabled,Standard User,No,2021-05-24,2026-07-01
CEM.HWANG,Cem Hwang,Cem.Hwang@BiTermTest.com,Enabled,Standard User,No,2008-06-27,2026-07-09
TEODORA.HENDRIKS,Teodora Hendriks,Teodora.Hendriks@BiTermTest.com,Enabled,Standard User,No,2016-01-04,2026-06-30
NIKOLAI.LEWANDOWSKI,Nikolai Lewandowski,Nikolai.Lewandowski@BiTermTest.com,Enabled,Read Only,No,2025-04-11,2026-07-14
DDOGAN,Dragan Dogan,Dragan.Dogan@BiTermTest.com,Enabled,Standard User,No,2005-05-23,2026-07-22
HARUTO.MARINO,Haruto Marino,Haruto.Marino@BiTermTest.com,Enabled,Standard User,No,2025-05-15,2026-06-28
Feng.Sowande,Feng Sowande,Feng.Sowande@BiTermTest.com,Enabled,Read Only,No,2014-12-08,2026-06-23
WILLEM.CHOPRA,Willem Chopra,Willem.Chopra@BiTermTest.com,Enabled,Standard User,No,2025-07-25,2026-07-13
ADAEZE.BUI,Adaeze Bui,Adaeze.Bui@BiTermTest.com,Enabled,Administrator,Yes,2025-03-12,2026-07-21
VASIL.CASSAR,Vasil Cassar,Vasil.Cassar@BiTermTest.com,Enabled,Standard User,No,2022-01-31,2026-06-26
PIOTR.SAXENA,Piotr Saxena,Piotr.Saxena@BiTermTest.com,Enabled,Standard User,No,2009-03-09,2026-06-27
JHOLMGREN,Jisoo Holmgren,Jisoo.Holmgren@BiTermTest.com,Enabled,Standard User,No,2012-08-31,2026-07-27
ANDRES.HORVAT,Andres Horvat,Andres.Horvat@BiTermTest.com,Enabled,Standard User,No,2023-06-28,2026-07-31
BKOWALSKI,Bianca Kowalski,Bianca.Kowalski@BiTermTest.com,Enabled,Read Only,No,2008-01-14,2026-07-31
PMULDER,Pmulder,,Enabled,Standard User,No,2023-04-19,2025-11-07
UMAR.DELUCA,Umar Deluca,Umar.Deluca@BiTermTest.com,Enabled,Standard User,No,2025-08-25,2026-07-07
ELIF.GALLO,Elif Gallo,Elif.Gallo@BiTermTest.com,Enabled,Read Only,No,2025-12-29,2026-08-04
NEMANJA.VELLA,Nemanja Vella,Nemanja.Vella@BiTermTest.com,Enabled,Standard User,No,2022-03-07,2026-07-21
TOMASZ.JOSHI,Tomasz Joshi,Tomasz.Joshi@BiTermTest.com,Enabled,Read Only,No,2024-01-02,2026-07-19
RENATA.UCHIDA,Renata Uchida,Renata.Uchida@BiTermTest.com,Enabled,Standard User,No,2019-05-20,2026-07-12
MAITE.DEMIR,Maite Demir,Maite.Demir@BiTermTest.com,Enabled,Standard User,No,2015-01-01,2026-07-04
FERNANDA.DESAI,Fernanda Desai,Fernanda.Desai@BiTermTest.com,Disabled,Standard User,No,2023-10-30,2026-07-07
Eshan.Novak,Eshan Novak,Eshan.Novak@BiTermTest.com,Enabled,Power User,No,2017-03-27,2026-07-03
PARVIN.LEWANDOWSKI,Parvin Lewandowski,Parvin.Lewandowski@BiTermTest.com,Enabled,Standard User,No,2023-06-12,2026-07-17
MATTEO.PHAM,Matteo Pham,Matteo.Pham@BiTermTest.com,Enabled,Standard User,No,2015-11-30,2026-07-14
FREJA.KEBEDE,Freja Kebede,Freja.Kebede@BiTermTest.com,Enabled,Standard User,No,2024-11-21,2026-07-25
DRAGAN.NOVIKOV,Dragan Novikov,Dragan.Novikov@BiTermTest.com,Enabled,Power User,No,2018-06-01,2026-07-11
VALENTINA.RAO,Valentina Rao,Valentina.Rao@BiTermTest.com,Enabled,Read Only,No,2018-06-25,2026-07-21
TAO.KEBEDE,Tao Kebede,Tao.Kebede@BiTermTest.com,Enabled,Standard User,No,2024-01-02,2026-07-30
NBAE,Nbae,nbae@bitermtest.com,Enabled,Service Account,Yes,2023-10-07,2025-02-25
TRUNG.FEDOROV,Trung Fedorov,Trung.Fedorov@BiTermTest.com,Enabled,Standard User,No,2019-12-02,2026-07-18
JOAO.VELLA,Joao Vella,Joao.Vella@BiTermTest.com,Enabled,Standard User,No,2014-11-24,2026-07-13
SOREN.ABEBE,Soren Abebe,Soren.Abebe@BiTermTest.com,Enabled,Read Only,No,2014-06-09,2026-07-09
DUC.KAYA,Duc Kaya,Duc.Kaya@BiTermTest.com,Disabled,Standard User,No,2018-06-18,2026-07-31
IJANKOWSKI,Ines Jankowski,Ines.Jankowski@BiTermTest.com,Enabled,Standard User,No,1991-09-03,2026-07-10
RADEYEMI,Ravi Adeyemi,Ravi.Adeyemi@BiTermTest.com,Enabled,Administrator,Yes,2008-06-02,2026-07-19
TOMASZ.TRIVEDI,Tomasz Trivedi,Tomasz.Trivedi@BiTermTest.com,Enabled,Power User,No,2003-07-28,2026-06-25
REN.KWON,Ren Kwon,Ren.Kwon@BiTermTest.com,Enabled,Read Only,No,2016-05-16,2026-08-04
MIYER,Maite Iyer,Maite.Iyer@BiTermTest.com,Enabled,Standard User,No,2010-02-08,2026-07-11
RAFAEL.KOZLOWSKI,Rafael Kozlowski,Rafael.Kozlowski@BiTermTest.com,Enabled,Standard User,No,2023-03-27,2026-06-30
AMARA.MALHOTRA,Amara Malhotra,Amara.Malhotra@BiTermTest.com,Enabled,Standard User,No,2025-08-19,2026-07-01
INES.JANKOWSKI,Ines Jankowski,Ines.Jankowski@BiTermTest.com,Enabled,Standard User,No,2019-02-11,2026-07-30
AINHOA.CHOPRA,Ainhoa Chopra,Ainhoa.Chopra@BiTermTest.com,Enabled,Standard User,No,2023-10-30,2026-08-03
OKSANA.HADDAD,Oksana Haddad,Oksana.Haddad@BiTermTest.com,Enabled,Power User,No,2025-02-06,2026-08-05
ICARVALHO,Icarvalho,icarvalho@bitermtest.com,Enabled,Standard User,No,2023-06-10,2026-04-15
FASLAN,Faslan,,Enabled,Standard User,No,2022-03-22,2025-03-20
KBOSMAN,Kofi Bosman,Kofi.Bosman@BiTermTest.com,Enabled,Standard User,No,2011-10-24,2026-06-16
VALENTINA.MEHTA,Valentina Mehta,Valentina.Mehta@BiTermTest.com,Enabled,Standard User,No,2017-09-25,2026-07-15
ROISIN.RIBEIRO,Roisin Ribeiro,Roisin.Ribeiro@BiTermTest.com,Enabled,Standard User,No,2025-06-03,2026-07-29
TMEIJER,Tmeijer,tmeijer@bitermtest.com,Enabled,Service Account,Yes,2023-03-17,2025-06-05
XOCHITL.KAPOOR,Xochitl Kapoor,Xochitl.Kapoor@BiTermTest.com,Enabled,Read Only,No,2008-09-02,2026-07-22
ELIF.DAHLBERG,Elif Dahlberg,Elif.Dahlberg@BiTermTest.com,Enabled,Standard User,No,2023-04-03,2026-07-07
PRIYA.NASSAR,Priya Nassar,Priya.Nassar@BiTermTest.com,Enabled,Standard User,No,2016-02-22,2026-07-19
SOREN.ZIELINSKI,Soren Zielinski,Soren.Zielinski@BiTermTest.com,Enabled,Standard User,No,2015-03-02,2026-07-10
BAO.EGOROV,Bao Egorov,Bao.Egorov@BiTermTest.com,Enabled,Read Only,No,2018-01-29,2026-07-23
JANUSZ.RICCI,Janusz Ricci,Janusz.Ricci@BiTermTest.com,Enabled,Standard User,No,2017-01-23,2026-07-04
FEMKE.CARVALHO,Femke Carvalho,Femke.Carvalho@BiTermTest.com,Enabled,Read Only,No,2014-04-25,2026-07-30
SULEIMAN.KIRIGAYA,Suleiman Kirigaya,Suleiman.Kirigaya@BiTermTest.com,Enabled,Administrator,Yes,2018-09-04,2026-07-24
MATTARD,Mattard,,Enabled,Service Account,Yes,2024-01-28,2025-05-02
ALESSANDRO.BAE,Alessandro Bae,Alessandro.Bae@BiTermTest.com,Enabled,Standard User,No,2019-09-09,2026-07-24
VOLKAN.KULKARNI,Volkan Kulkarni,Volkan.Kulkarni@BiTermTest.com,Enabled,Standard User,No,2015-10-13,2026-07-27
BFEDOROV,Baran Fedorov,Baran.Fedorov@BiTermTest.com,Enabled,Standard User,No,1996-03-01,2026-06-28
HAMID.EZEANI,Hamid Ezeani,Hamid.Ezeani@BiTermTest.com,Enabled,Standard User,No,2003-01-27,2026-07-05
LAN.LINDQVIST,Lan Lindqvist,Lan.Lindqvist@BiTermTest.com,Enabled,Standard User,No,2023-06-12,2026-06-30
NMEHTA,Nikolai Mehta,Nikolai.Mehta@BiTermTest.com,Enabled,Standard User,No,2025-04-09,2026-06-26
SEDA.HOLMGREN,Seda Holmgren,Seda.Holmgren@BiTermTest.com,Enabled,Read Only,No,2024-11-07,2026-06-22
MAHMOUD.YILMAZ,Mahmoud Yilmaz,Mahmoud.Yilmaz@BiTermTest.com,Enabled,Standard User,No,2024-11-11,2026-08-04
EMRE.KOBAYASHI,Emre Kobayashi,Emre.Kobayashi@BiTermTest.com,Enabled,Administrator,Yes,2025-06-10,2026-06-25
EMRE.BAE,Emre Bae,Emre.Bae@BiTermTest.com,Enabled,Standard User,No,2019-02-25,2026-07-01
INGRID.BANERJEE,Ingrid Banerjee,Ingrid.Banerjee@BiTermTest.com,Enabled,Read Only,No,2014-02-25,2026-07-03
YYAMAMOTO,Yasmin Yamamoto,Yasmin.Yamamoto@BiTermTest.com,Enabled,Standard User,No,2012-10-01,2026-07-25
XJOVANOVIC,Xjovanovic,xjovanovic@bitermtest.com,Enabled,Standard User,No,2022-03-12,2026-04-28
IJOSHI,Ines Joshi,Ines.Joshi@BiTermTest.com,Enabled,Standard User,No,2004-12-01,2026-06-24
BOGDAN.LEWANDOWSKI,Bogdan Lewandowski,Bogdan.Lewandowski@BiTermTest.com,Enabled,Standard User,No,2025-02-06,2026-06-22
JANUSZ.RICCI,Janusz Ricci,Janusz.Ricci@BiTermTest.com,Enabled,Standard User,No,2023-02-06,2026-07-04
ITITOV,Ilya Titov,Ilya.Titov@BiTermTest.com,Enabled,Standard User,No,2001-10-29,2026-07-17
BRAM.KULKARNI,Bram Kulkarni,Bram.Kulkarni@BiTermTest.com,Enabled,Standard User,No,2020-09-14,2026-08-02
JJEONG,Jisoo Jeong,Jisoo.Jeong@BiTermTest.com,Enabled,Standard User,No,2000-08-01,2026-07-17
TDUONG,Thabo Duong,Thabo.Duong@BiTermTest.com,Disabled,Standard User,No,1999-12-08,2026-07-01
NGALLO,Nikolai Gallo,Nikolai.Gallo@BiTermTest.com,Enabled,Standard User,No,2010-04-12,2026-07-12
GITA.DESAI,Gita Desai,Gita.Desai@BiTermTest.com,Enabled,Standard User,No,2025-02-06,2026-07-31
PETRO.GUPTA,Petro Gupta,Petro.Gupta@BiTermTest.com,Disabled,Standard User,No,2019-09-23,2026-07-29
DAAN.YOON,Daan Yoon,Daan.Yoon@BiTermTest.com,Enabled,Read Only,No,2014-10-13,2026-07-10
CMEIJER,Cmeijer,,Enabled,Standard User,No,2021-12-20,2024-06-26
EAMON.HAILE,Eamon Haile,Eamon.Haile@BiTermTest.com,Enabled,Read Only,No,2016-05-09,2026-07-15
NAYELI.KULKARNI,Nayeli Kulkarni,Nayeli.Kulkarni@BiTermTest.com,Enabled,Standard User,No,2022-05-09,2026-07-31
BAO.CONTI,Bao Conti,Bao.Conti@BiTermTest.com,Enabled,Standard User,No,2022-06-06,2026-07-29
PADRAIG.WORKU,Padraig Worku,Padraig.Worku@BiTermTest.com,Disabled,Standard User,No,2016-07-15,2026-08-03
INES.CAMILLERI,Ines Camilleri,Ines.Camilleri@BiTermTest.com,Enabled,Standard User,No,2024-09-02,2026-07-17
GFERRARI,Giulia Ferrari,Giulia.Ferrari@BiTermTest.com,Enabled,Standard User,No,2010-08-30,2026-07-22
DIEGO.BAE,Diego Bae,Diego.Bae@BiTermTest.com,Disabled,Standard User,No,2010-01-25,2026-06-30
JISOO.BOATENG,Jisoo Boateng,Jisoo.Boateng@BiTermTest.com,Enabled,Standard User,No,2026-02-27,2026-07-27
TEODORA.MAALOUF,Teodora Maalouf,Teodora.Maalouf@BiTermTest.com,Enabled,Standard User,No,2019-11-25,2026-06-25
LRAO,Lucia Rao,Lucia.Rao@BiTermTest.com,Enabled,Standard User,No,2005-02-14,2026-07-12
CEM.MARINO,Cem Marino,Cem.Marino@BiTermTest.com,Enabled,Administrator,Yes,2022-01-03,2026-08-01
HARUTO.KWON,Haruto Kwon,Haruto.Kwon@BiTermTest.com,Enabled,Standard User,No,2019-07-22,2026-08-01
GIULIA.KRAWCZYK,Giulia Krawczyk,Giulia.Krawczyk@BiTermTest.com,Enabled,Standard User,No,2015-08-17,2026-07-09
MATTEO.FOFANA,Matteo Fofana,Matteo.Fofana@BiTermTest.com,Enabled,Read Only,No,2022-01-03,2026-07-02
DGHANEM,Dghanem2 User,DGhanem2@BiTermTest.com,Enabled,Standard User,No,2008-07-28,2026-07-17
RAVI.KAYA,Ravi Kaya,Ravi.Kaya@BiTermTest.com,Enabled,Standard User,No,2025-05-13,2026-07-27
QASIM.GUPTA,Qasim Gupta,Qasim.Gupta@BiTermTest.com,Enabled,Standard User,No,2025-12-29,2026-07-11
BOGDAN.WOZNIAK,Bogdan Wozniak,Bogdan.Wozniak@BiTermTest.com,Enabled,Standard User,No,2020-08-31,2026-06-28
BIANCA.DJORDJEVIC,Bianca Djordjevic,Bianca.Djordjevic@BiTermTest.com,Enabled,Standard User,No,2026-02-27,2026-07-05
PARVIN.CHATTERJEE,Parvin Chatterjee,Parvin.Chatterjee@BiTermTest.com,Enabled,Standard User,No,2009-08-15,2026-07-18
WILLEM.VISSER,Willem Visser,Willem.Visser@BiTermTest.com,Enabled,Standard User,No,2019-11-04,2026-08-02
GIVANOV,Gorka Ivanov,Gorka.Ivanov@BiTermTest.com,Enabled,Standard User,No,2004-08-02,2026-07-02
TEODORA.GALEA,Teodora Galea,Teodora.Galea@BiTermTest.com,Enabled,Standard User,No,2019-05-27,2026-07-28
LEILA.SALIBA,Leila Saliba,Leila.Saliba@BiTermTest.com,Enabled,Power User,No,2017-09-25,2026-07-25
MATEO.OBIORA,Mateo Obiora,Mateo.Obiora@BiTermTest.com,Enabled,Standard User,No,2019-10-07,2026-07-12
GITA.MALHOTRA,Gita Malhotra,Gita.Malhotra@BiTermTest.com,Enabled,Standard User,No,2022-01-05,2026-07-02
KWORKU,Kavita Worku,Kavita.Worku@BiTermTest.com,Enabled,Standard User,No,2012-05-21,2026-07-17
OKSANA.AYDIN,Oksana Aydin,Oksana.Aydin@BiTermTest.com,Disabled,Standard User,No,2021-11-15,2026-07-23
DIEGO.SAXENA,Diego Saxena,Diego.Saxena@BiTermTest.com,Enabled,Read Only,No,2015-01-01,2026-07-05
BPILLAI,Bram Pillai,Bram.Pillai@BiTermTest.com,Enabled,Standard User,No,1994-08-18,2026-06-23
MINH.JEONG,Minh Jeong,Minh.Jeong@BiTermTest.com,Enabled,Standard User,No,2019-12-09,2026-07-16
XIOMARA.DOGAN,Xiomara Dogan,Xiomara.Dogan@BiTermTest.com,Enabled,Standard User,No,2025-08-25,2026-07-11
OIHANE.GRECH,Oihane Grech,Oihane.Grech@BiTermTest.com,Enabled,Standard User,No,2016-12-06,2026-06-28
AYLIN.VISSER,Aylin Visser,Aylin.Visser@BiTermTest.com,Enabled,Standard User,No,2025-06-23,2026-07-06
Alessandro.Dang,Alessandro Dang,Alessandro.Dang@BiTermTest.com,Enabled,Standard User,No,2017-07-24,2026-06-22
HENRYK.FARRUGIA,Henryk Farrugia,Henryk.Farrugia@BiTermTest.com,Enabled,Standard User,No,2015-01-01,2026-07-01
TARIQ.MATSUDA,Tariq Matsuda,Tariq.Matsuda@BiTermTest.com,Enabled,Power User,No,2018-09-04,2026-06-29
BDJORDJEVIC,Bianca Djordjevic,Bianca.Djordjevic@BiTermTest.com,Enabled,Standard User,No,2009-04-13,2026-07-07
OMATSUDA,Oksana Matsuda,Oksana.Matsuda@BiTermTest.com,Enabled,Standard User,No,2003-04-10,2026-06-26
ZOFIA.OLIVEIRA,Zofia Oliveira,Zofia.Oliveira@BiTermTest.com,Enabled,Read Only,No,2019-01-07,2026-06-28
MATEO.GALEA,Mateo Galea,Mateo.Galea@BiTermTest.com,Enabled,Read Only,No,2023-06-19,2026-08-05
MILAN.LAI,Milan Lai,Milan.Lai@BiTermTest.com,Enabled,Power User,No,2019-04-29,2026-07-30
GORKA.GIRMA,Gorka Girma,Gorka.Girma@BiTermTest.com,Enabled,Standard User,No,2018-05-29,2026-07-08
ANDRES.VOLKOV,Andres Volkov,Andres.Volkov@BiTermTest.com,Enabled,Read Only,No,2025-02-06,2026-07-04
THABO.NOVIKOV,Thabo Novikov,Thabo.Novikov@BiTermTest.com,Enabled,Read Only,No,2018-04-02,2026-06-29
KNDIAYE,Kamal Ndiaye,Kamal.Ndiaye@BiTermTest.com,Enabled,Read Only,No,2009-08-31,2026-07-09
VOLKAN.CASSAR,Volkan Cassar,Volkan.Cassar@BiTermTest.com,Enabled,Standard User,No,2013-09-27,2026-07-25
RAFAEL.GALEA,Rafael Galea,Rafael.Galea@BiTermTest.com,Enabled,Standard User,No,2024-03-26,2026-07-03
CHIARA.ALMEIDA,Chiara Almeida,Chiara.Almeida@BiTermTest.com,Enabled,Standard User,No,2025-05-13,2026-07-27
MAIALEN.JANKOWSKI,Maialen Jankowski,Maialen.Jankowski@BiTermTest.com,Enabled,Standard User,No,2019-08-12,2026-07-26
JISOO.BOATENG,Jisoo Boateng,Jisoo.Boateng@BiTermTest.com,Enabled,Standard User,No,2021-12-08,2026-07-27
CUAUHTEMOC.NASSAR,Cuauhtemoc Nassar,Cuauhtemoc.Nassar@BiTermTest.com,Enabled,Standard User,No,2026-01-12,2026-08-01
DAAN.SAHIN,Daan Sahin,Daan.Sahin@BiTermTest.com,Enabled,Standard User,No,2019-08-05,2026-06-27
REN.IYER,Ren Iyer,Ren.Iyer@BiTermTest.com,Enabled,Standard User,No,2023-06-12,2026-07-07
AINHOA.TEIXEIRA,Ainhoa Teixeira,Ainhoa.Teixeira@BiTermTest.com,Enabled,Standard User,No,2013-06-28,2026-07-03
RASHIDA.NGO,Rashida Ngo,Rashida.Ngo@BiTermTest.com,Disabled,Standard User,No,2015-02-23,2026-08-03
SANJAY.DABROWSKI,Sanjay Dabrowski,Sanjay.Dabrowski@BiTermTest.com,Enabled,Power User,No,2012-06-18,2026-06-28
JOAO.TRIVEDI,Joao Trivedi,Joao.Trivedi@BiTermTest.com,Enabled,Read Only,No,2023-10-09,2026-07-17
SAKURA.GHANEM,Sakura Ghanem,Sakura.Ghanem@BiTermTest.com,Enabled,Standard User,No,2021-11-01,2026-07-17
NRAO,Nerea Rao,Nerea.Rao@BiTermTest.com,Enabled,Read Only,No,2008-12-01,2026-06-29
TAHIRA.BALOGUN,Tahira Balogun,Tahira.Balogun@BiTermTest.com,Enabled,Standard User,No,2025-04-11,2026-07-03
AYLIN.KILIC,Aylin Kilic,Aylin.Kilic@BiTermTest.com,Enabled,Standard User,No,2015-01-01,2026-07-18
NAOKO.IVANOV,Naoko Ivanov,Naoko.Ivanov@BiTermTest.com,Enabled,Standard User,No,2016-07-11,2026-07-21
OMAR.ALMEIDA,Omar Almeida,Omar.Almeida@BiTermTest.com,Enabled,Power User,No,2025-05-13,2026-08-05
JELANI.NIKOLIC,Jelani Nikolic,Jelani.Nikolic@BiTermTest.com,Enabled,Power User,No,2012-09-10,2026-07-30
MEI.CASSAR,Mei Cassar,Mei.Cassar@BiTermTest.com,Enabled,Power User,No,2022-09-21,2026-07-15
LINH.SAXENA,Linh Saxena,Linh.Saxena@BiTermTest.com,Enabled,Read Only,No,2019-10-21,2026-07-07
THABO.ADEYEMI,Thabo Adeyemi,Thabo.Adeyemi@BiTermTest.com,Enabled,Read Only,No,2017-07-10,2026-07-17
HENRYK.MEIJER,Henryk Meijer,Henryk.Meijer@BiTermTest.com,Enabled,Standard User,No,2020-01-06,2026-06-30
RAVI.ZAMMIT,Ravi Zammit,Ravi.Zammit@BiTermTest.com,Enabled,Read Only,No,2023-03-20,2026-07-23
SIPHO.DESAI,Sipho Desai,Sipho.Desai@BiTermTest.com,Enabled,Power User,No,2021-03-15,2026-07-30
YEVHEN.YILMAZ,Yevhen Yilmaz,Yevhen.Yilmaz@BiTermTest.com,Enabled,Standard User,No,2025-02-06,2026-07-10
JOVANA.FEDOROV,Jovana Fedorov,Jovana.Fedorov@BiTermTest.com,Enabled,Standard User,No,2017-09-25,2026-08-03
UNOVIKOV,Umar Novikov,Umar.Novikov@BiTermTest.com,Enabled,Standard User,No,2005-03-01,2026-06-23
HUI.MAZUR,Hui Mazur,Hui.Mazur@BiTermTest.com,Enabled,Standard User,No,2019-04-15,2026-06-29
ROHAN.VARMA,Rohan Varma,Rohan.Varma@BiTermTest.com,Enabled,Standard User,No,2025-04-07,2026-07-03
MAHMOUD.KHOURY,Mahmoud Khoury,Mahmoud.Khoury@BiTermTest.com,Enabled,Read Only,No,2021-03-29,2026-07-19
SEDA.BARONE,Seda Barone,Seda.Barone@BiTermTest.com,Enabled,Standard User,No,2015-07-28,2025-12-02
ZOFIA.KIRIGAYA,Zofia Kirigaya,Zofia.Kirigaya@BiTermTest.com,Enabled,Read Only,No,2008-02-07,2026-07-05
Chidi.Zielinski,Chidi Zielinski,Chidi.Zielinski@BiTermTest.com,Enabled,Standard User,No,2016-05-16,2026-07-04
TEODORA.GALLO,Teodora Gallo,Teodora.Gallo@BiTermTest.com,Enabled,Administrator,Yes,2022-01-24,2026-07-27
SULEIMAN.KIRIGAYA,Suleiman Kirigaya,Suleiman.Kirigaya@BiTermTest.com,Enabled,Administrator,Yes,2025-12-29,2026-07-24
MIKKEL.SAHIN,Mikkel Sahin,Mikkel.Sahin@BiTermTest.com,Enabled,Standard User,No,2002-07-26,2026-06-22
CITLALI.DAHLBERG,Citlali Dahlberg,Citlali.Dahlberg@BiTermTest.com,Enabled,Standard User,No,2025-05-14,2026-08-04
XOCHITL.KURODA,Xochitl Kuroda,Xochitl.Kuroda@BiTermTest.com,Enabled,Standard User,No,2016-03-07,2026-07-21
JANUSZ.JANKOWSKI,Janusz Jankowski,Janusz.Jankowski@BiTermTest.com,Enabled,Standard User,No,2018-08-21,2026-07-13
AOIFE.NGO,Aoife Ngo,Aoife.Ngo@BiTermTest.com,Enabled,Standard User,No,2013-03-04,2026-08-02
MEI.HORVAT,Mei Horvat,Mei.Horvat@BiTermTest.com,Enabled,Standard User,No,2023-03-27,2026-07-08
LALEH.BARBOSA,Laleh Barbosa,Laleh.Barbosa@BiTermTest.com,Enabled,Standard User,No,2022-05-02,2026-08-04
KATYA.KIRIGAYA,Katya Kirigaya,Katya.Kirigaya@BiTermTest.com,Enabled,Standard User,No,2025-11-26,2026-06-27
ALESSANDRO.TAKAHASHI,Alessandro Takahashi,Alessandro.Takahashi@BiTermTest.com,Enabled,Read Only,No,2018-11-26,2026-07-15
BIANCA.KIRIGAYA,Bianca Kirigaya,Bianca.Kirigaya@BiTermTest.com,Enabled,Standard User,No,2025-02-19,2026-07-09
HANA.NOVIKOV,Hana Novikov,Hana.Novikov@BiTermTest.com,Disabled,Standard User,No,2023-10-16,2026-08-05
DUC.DOGAN,Duc Dogan,Duc.Dogan@BiTermTest.com,Disabled,Standard User,No,2025-03-24,2026-06-24
VASIL.VELLA,Vasil Vella,Vasil.Vella@BiTermTest.com,Enabled,Read Only,No,2020-05-18,2026-06-24
NGOZI.HENDRIKS,Ngozi Hendriks,,Enabled,Power User,No,2023-06-02,2026-02-25
WILLEM.LINDQVIST,Willem Lindqvist,Willem.Lindqvist@BiTermTest.com,Enabled,Power User,No,2010-05-17,2026-07-03
QUANG.VOLKOV,Quang Volkov,Quang.Volkov@BiTermTest.com,Enabled,Read Only,No,2023-03-20,2026-06-26
PARVIN.SOKOLOV,Parvin Sokolov,Parvin.Sokolov@BiTermTest.com,Enabled,Standard User,No,2022-12-19,2026-07-08
LALEH.OKONKWO,Laleh Okonkwo,Laleh.Okonkwo@BiTermTest.com,Enabled,Standard User,No,2025-05-13,2026-07-22
YUSUF.UCHIDA,Yusuf Uchida,Yusuf.Uchida@BiTermTest.com,Enabled,Standard User,No,2021-09-27,2026-07-22
VGALLO,Vgallo,vgallo@bitermtest.com,Enabled,Standard User,No,2023-01-30,2024-02-15
ANOUK.DEVRIES,Anouk Devries,Anouk.Devries@BiTermTest.com,Disabled,Standard User,No,2024-02-27,2026-08-01
YASMIN.MEIJER,Yasmin Meijer,Yasmin.Meijer@BiTermTest.com,Enabled,Standard User,No,2024-12-30,2026-07-06
LORENZO.OBIORA,Lorenzo Obiora,Lorenzo.Obiora@BiTermTest.com,Enabled,Administrator,Yes,2021-03-08,2026-07-31
RKOBAYASHI,Rkobayashi,,Enabled,Administrator,Yes,2022-06-04,2025-10-31
MKOBAYASHI,Maite Kobayashi,Maite.Kobayashi@BiTermTest.com,Enabled,Standard User,No,2011-01-03,2026-07-21
IZARO.SAHIN,Izaro Sahin,Izaro.Sahin@BiTermTest.com,Enabled,Read Only,No,2015-05-11,2026-06-29
MAHMOUD.RAHAL,Mahmoud Rahal,Mahmoud.Rahal@BiTermTest.com,Enabled,Standard User,No,2025-08-25,2026-07-02
JOAO.PILLAI,Joao Pillai,Joao.Pillai@BiTermTest.com,Enabled,Standard User,No,2025-06-10,2026-07-08
YASMIN.ENGSTROM,Yasmin Engstrom,Yasmin.Engstrom@BiTermTest.com,Enabled,Standard User,No,2022-05-09,2026-07-16
DREDDY,Dragan Reddy,Dragan.Reddy@BiTermTest.com,Enabled,Standard User,No,2009-07-13,2026-07-09
BARAN.CARVALHO,Baran Carvalho,Baran.Carvalho@BiTermTest.com,Enabled,Standard User,No,2015-01-01,2026-07-18
YUKI.MOROZOV,Yuki Morozov,Yuki.Morozov@BiTermTest.com,Enabled,Standard User,No,2025-05-13,2026-06-23
REN.MAZUR,Ren Mazur,Ren.Mazur@BiTermTest.com,Enabled,Standard User,No,2020-03-09,2026-07-29
LUCIA.KWON,Lucia Kwon,Lucia.Kwon@BiTermTest.com,Enabled,Standard User,No,2020-02-17,2026-06-23
THABO.DUONG,Thabo Duong,Thabo.Duong@BiTermTest.com,Enabled,Standard User,No,2015-03-09,2026-08-01
ELIF.HADDAD,Elif Haddad,Elif.Haddad@BiTermTest.com,Enabled,Administrator,Yes,2015-08-17,2026-07-22
THIAGO.LUNDGREN,Thiago Lundgren,Thiago.Lundgren@BiTermTest.com,Enabled,Standard User,No,2024-02-19,2026-07-30
BIANCA.DESAI,Bianca Desai,Bianca.Desai@BiTermTest.com,Enabled,Standard User,No,2025-05-19,2026-06-26
FEMKE.JANKOWSKI,Femke Jankowski,Femke.Jankowski@BiTermTest.com,Enabled,Read Only,No,2022-05-31,2026-08-02
JOVANA.FOFANA,Jovana Fofana,Jovana.Fofana@BiTermTest.com,Enabled,Standard User,No,2020-11-02,2026-07-27
REN.LAI,Ren Lai,Ren.Lai@BiTermTest.com,Enabled,Standard User,No,2015-07-27,2026-07-21
Joao.Nowak,Joao Nowak,Joao.Nowak@BiTermTest.com,Enabled,Standard User,No,2023-05-15,2026-07-07
THABO.KURODA,Thabo Kuroda,Thabo.Kuroda@BiTermTest.com,Enabled,Standard User,No,2025-05-13,2026-06-25
ITZEL.AMARI,Itzel Amari,Itzel.Amari@BiTermTest.com,Enabled,Read Only,No,2025-02-11,2026-07-07
ESHAN.NOVAK,Eshan Novak,Eshan.Novak@BiTermTest.com,Enabled,Standard User,No,2017-06-12,2026-06-25
HUONG.EGOROV,Huong Egorov,Huong.Egorov@BiTermTest.com,Enabled,Standard User,No,2021-03-16,2026-06-27
HANA.BARAKA,Hana Baraka,Hana.Baraka@BiTermTest.com,Enabled,Standard User,No,2018-01-15,2026-07-06
THAO.KEITA,Thao Keita,Thao.Keita@BiTermTest.com,Enabled,Administrator,Yes,2023-02-13,2026-07-14
ZOFIA.BABIC,Zofia Babic,Zofia.Babic@BiTermTest.com,Enabled,Standard User,No,2020-12-14,2026-07-23
YYAMAMOTO,Yyamamoto,yyamamoto@bitermtest.com,Enabled,Standard User,No,2022-01-23,2026-03-24
FHORVAT,Fhorvat,fhorvat@bitermtest.com,Disabled,Service Account,Yes,2023-04-19,2024-09-29
Beatriz.Bekele,Beatriz Bekele,Beatriz.Bekele@BiTermTest.com,Enabled,Power User,No,2017-05-01,2026-06-27
MARTA.ATTARD,Marta Attard,,Enabled,Service Account,Yes,2023-01-02,2025-07-05
ANOUK.TITOV,Anouk Titov,Anouk.Titov@BiTermTest.com,Enabled,Power User,No,2014-10-13,2026-07-12
ITZEL.IYER,Itzel Iyer,Itzel.Iyer@BiTermTest.com,Enabled,Standard User,No,2017-08-08,2026-07-28
AMAIA.DANG,Amaia Dang,Amaia.Dang@BiTermTest.com,Enabled,Standard User,No,2019-06-10,2026-07-25
SAKURA.BARONE,Sakura Barone,sakura.barone@bitermtest.com,Enabled,Service Account,Yes,2022-02-07,2024-08-21
ILYA.LUNDGREN,Ilya Lundgren,Ilya.Lundgren@BiTermTest.com,Enabled,Read Only,No,2023-08-25,2026-07-06
IKURODA,Itzel Kuroda,Itzel.Kuroda@BiTermTest.com,Enabled,Read Only,No,2000-12-11,2026-07-14
XBOSMAN,Xiu Bosman,Xiu.Bosman@BiTermTest.com,Enabled,Read Only,No,2009-11-30,2026-07-03
CHIARA.AXELSSON,Chiara Axelsson,Chiara.Axelsson@BiTermTest.com,Enabled,Power User,No,2015-06-22,2026-07-15
VMORETTI,Valentina Moretti,Valentina.Moretti@BiTermTest.com,Enabled,Power User,No,2007-09-10,2026-08-01
HUONG.VELLA,Huong Vella,Huong.Vella@BiTermTest.com,Enabled,Standard User,No,2013-05-21,2026-06-29
SOREN.ABEBE,Soren Abebe,Soren.Abebe@BiTermTest.com,Enabled,Read Only,No,2025-06-10,2026-07-09
JOVANA.DANG,Jovana Dang,Jovana.Dang@BiTermTest.com,Enabled,Administrator,Yes,2020-03-09,2026-07-10
XIU.CARVALHO,Xiu Carvalho,Xiu.Carvalho@BiTermTest.com,Enabled,Read Only,No,2025-02-11,2026-07-24
HENRYK.YAMAMOTO,Henryk Yamamoto,Henryk.Yamamoto@BiTermTest.com,Enabled,Standard User,No,2025-05-21,2026-07-14
NAYELI.VISSER,Nayeli Visser,Nayeli.Visser@BiTermTest.com,Enabled,Standard User,No,2015-01-01,2026-07-17
ANDIAYE,Aylin Ndiaye,Aylin.Ndiaye@BiTermTest.com,Enabled,Standard User,No,2011-10-03,2026-06-28
JOVANA.BARAKA,Jovana Baraka,Jovana.Baraka@BiTermTest.com,Enabled,Standard User,No,2025-06-10,2026-07-08
NEREA.RAO,Nerea Rao,Nerea.Rao@BiTermTest.com,Enabled,Read Only,No,2023-04-03,2026-07-19
SIOBHAN.BANERJEE,Siobhan Banerjee,Siobhan.Banerjee@BiTermTest.com,Enabled,Standard User,No,2021-07-06,2026-07-21
DENIZ.SALIBA,Deniz Saliba,Deniz.Saliba@BiTermTest.com,Disabled,Power User,No,2023-03-27,2026-07-31
IMANI.WATANABE,Imani Watanabe,Imani.Watanabe@BiTermTest.com,Enabled,Standard User,No,2025-08-25,2026-07-11
YEVHEN.OHTANI,Yevhen Ohtani,Yevhen.Ohtani@BiTermTest.com,Enabled,Power User,No,2016-08-29,2026-07-22
TAHIRA.BALOGUN,Tahira Balogun,Tahira.Balogun@BiTermTest.com,Enabled,Standard User,No,2021-10-18,2026-07-03
SANNE.BARONE,Sanne Barone,Sanne.Barone@BiTermTest.com,Enabled,Standard User,No,2017-05-22,2026-07-24
MZIELINSKI,Mzielinski,mzielinski@bitermtest.com,Enabled,Standard User,No,2023-05-03,2024-05-22
LARS.KAMINSKI,Lars Kaminski,Lars.Kaminski@BiTermTest.com,Disabled,Standard User,No,2016-02-25,2026-07-07
CVUONG,Cvuong,cvuong@bitermtest.com,Enabled,Service Account,Yes,2023-07-23,2024-11-05
ESHAN.HOLMGREN,Eshan Holmgren,Eshan.Holmgren@BiTermTest.com,Enabled,Standard User,No,2015-01-01,2026-06-25
EKRAWCZYK,Elzbieta Krawczyk,Elzbieta.Krawczyk@BiTermTest.com,Enabled,Standard User,No,2013-01-28,2026-02-12
TENOCH.HADDAD,Tenoch Haddad,Tenoch.Haddad@BiTermTest.com,Enabled,Power User,No,2024-12-30,2026-07-15
GITA.DEKKER,Gita Dekker,Gita.Dekker@BiTermTest.com,Enabled,Standard User,No,2020-12-14,2026-06-29
FNWOSU,Farid Nwosu,Farid.Nwosu@BiTermTest.com,Disabled,Standard User,No,2012-11-26,2026-08-05
YASMIN.YAMAMOTO,Yasmin Yamamoto,Yasmin.Yamamoto@BiTermTest.com,Enabled,Standard User,No,2005-06-01,2026-07-28
ANWAR.NGO,Anwar Ngo,Anwar.Ngo@BiTermTest.com,Enabled,Administrator,Yes,2025-02-06,2026-07-08
ASOKOLOV,Anouk Sokolov,Anouk.Sokolov@BiTermTest.com,Enabled,Standard User,No,2013-02-11,2026-08-05
FENG.SAXENA,Feng Saxena,Feng.Saxena@BiTermTest.com,Enabled,Read Only,No,2021-02-08,2026-07-31
HBERGSTROM,Hana Bergstrom,Hana.Bergstrom@BiTermTest.com,Enabled,Standard User,No,2010-11-03,2026-07-06
KENJI.ZIELINSKI,Kenji Zielinski,Kenji.Zielinski@BiTermTest.com,Enabled,Standard User,No,2017-03-27,2026-07-26
EAYDIN,Eshan Aydin,Eshan.Aydin@BiTermTest.com,Enabled,Standard User,No,2013-05-28,2026-07-12
SEDA.GRECH,Seda Grech,Seda.Grech@BiTermTest.com,Enabled,Standard User,No,2007-08-30,2026-06-28
LARSLAN,Leila Arslan,Leila.Arslan@BiTermTest.com,Enabled,Administrator,Yes,1989-09-22,2026-07-08
Rohan.Orlov,Rohan Orlov,Rohan.Orlov@BiTermTest.com,Enabled,Standard User,No,2023-11-03,2026-07-22
XVISSER,Xiu Visser,Xiu.Visser@BiTermTest.com,Enabled,Standard User,No,2005-08-18,2026-07-20
UMAR.DELUCA,Umar Deluca,Umar.Deluca@BiTermTest.com,Enabled,Standard User,No,2021-08-10,2026-07-07
CAXELSSON,Cuauhtemoc Axelsson,Cuauhtemoc.Axelsson@BiTermTest.com,Enabled,Read Only,No,2004-09-14,2026-07-18
ROISIN.KWON,Roisin Kwon,Roisin.Kwon@BiTermTest.com,Enabled,Standard User,No,2011-04-01,2026-06-22
YUSUF.LEMMA,Yusuf Lemma,Yusuf.Lemma@BiTermTest.com,Enabled,Standard User,No,2015-06-22,2026-07-16
ANAHI.GRECO,Anahi Greco,Anahi.Greco@BiTermTest.com,Enabled,Power User,No,2015-01-01,2026-07-16
AMIFSUD,Astrid Mifsud,Astrid.Mifsud@BiTermTest.com,Enabled,Standard User,No,2008-09-02,2026-07-01
ZPOLAT,Zofia Polat,Zofia.Polat@BiTermTest.com,Enabled,Administrator,Yes,2000-12-18,2026-07-07
MOZTURK,Mozturk,mozturk@bitermtest.com,Enabled,Standard User,No,2023-05-24,2024-08-24
GITA.RIBEIRO,Gita Ribeiro,gita.ribeiro@bitermtest.com,Enabled,Standard User,No,2022-08-23,2024-09-05
FARID.ISHIKAWA,Farid Ishikawa,Farid.Ishikawa@BiTermTest.com,Enabled,Standard User,No,2023-01-30,2026-07-27
MATTEO.FOFANA,Matteo Fofana,Matteo.Fofana@BiTermTest.com,Enabled,Read Only,No,2015-07-20,2026-07-02
BCAMILLERI,Bao Camilleri,Bao.Camilleri@BiTermTest.com,Enabled,Power User,No,2012-11-05,2026-06-28
CILLIAN.NOVIKOV,Cillian Novikov,Cillian.Novikov@BiTermTest.com,Enabled,Standard User,No,2021-05-24,2026-07-14
DKOCAK,Dkocak,dkocak@bitermtest.com,Enabled,Service Account,Yes,2022-05-14,2025-04-20
ITZEL.MARKOVIC,Itzel Markovic,Itzel.Markovic@BiTermTest.com,Enabled,Standard User,No,2016-02-29,2026-06-25
IKER.TRAORE,Iker Traore,Iker.Traore@BiTermTest.com,Enabled,Standard User,No,2010-03-22,2026-07-14
MILAN.BARAKA,Milan Baraka,Milan.Baraka@BiTermTest.com,Disabled,Standard User,No,2020-10-19,2026-08-05
INGRID.ALMEIDA,Ingrid Almeida,Ingrid.Almeida@BiTermTest.com,Enabled,Standard User,No,2019-10-14,2026-07-22
DMARINO,Deniz Marino,Deniz.Marino@BiTermTest.com,Enabled,Read Only,No,2012-06-25,2026-06-28
DENIZ.BARBOSA,Deniz Barbosa,Deniz.Barbosa@BiTermTest.com,Enabled,Power User,No,2025-07-14,2026-08-01
SANNE.CHUKWU,Sanne Chukwu,Sanne.Chukwu@BiTermTest.com,Enabled,Standard User,No,2014-09-29,2026-07-20
ZAHRA.RIBEIRO,Zahra Ribeiro,Zahra.Ribeiro@BiTermTest.com,Enabled,Standard User,No,2024-05-20,2026-08-04
BASIM.AYDIN,Basim Aydin,Basim.Aydin@BiTermTest.com,Enabled,Standard User,No,2019-05-13,2026-07-01
BBAE,Bogdan Bae,Bogdan.Bae@BiTermTest.com,Enabled,Power User,No,2011-10-31,2026-06-29
JOAO.PHAM,Joao Pham,Joao.Pham@BiTermTest.com,Enabled,Standard User,No,2025-08-19,2026-07-26
BFARRUGIA,Bogdan Farrugia,Bogdan.Farrugia@BiTermTest.com,Enabled,Standard User,No,2012-04-09,2026-06-29
FIRUZA.BEKELE,Firuza Bekele,Firuza.Bekele@BiTermTest.com,Enabled,Power User,No,2016-11-28,2026-07-02
YUSUF.GRABOWSKI,Yusuf Grabowski,Yusuf.Grabowski@BiTermTest.com,Enabled,Standard User,No,2012-01-02,2026-06-23
FNWOSU,Fnwosu,,Disabled,Service Account,Yes,2023-11-19,2024-10-19
WILLEM.LINDQVIST,Willem Lindqvist,Willem.Lindqvist@BiTermTest.com,Enabled,Power User,No,2023-08-14,2026-07-03
FERNANDA.MEHTA,Fernanda Mehta,Fernanda.Mehta@BiTermTest.com,Disabled,Standard User,No,2014-03-03,2026-07-14
DIEGO.GIRMA,Diego Girma,Diego.Girma@BiTermTest.com,Enabled,Standard User,No,2022-02-14,2026-06-24
YUKI.RICCI,Yuki Ricci,Yuki.Ricci@BiTermTest.com,Enabled,Standard User,No,2018-01-02,2026-07-16
LALEH.SANDBERG,Laleh Sandberg,Laleh.Sandberg@BiTermTest.com,Enabled,Power User,No,2021-02-15,2026-07-16
WILLEM.KURODA,Willem Kuroda,Willem.Kuroda@BiTermTest.com,Enabled,Standard User,No,2023-03-13,2026-07-21
HAMID.BHATTACHARYA,Hamid Bhattacharya,Hamid.Bhattacharya@BiTermTest.com,Enabled,Standard User,No,2022-02-14,2026-06-22
Aoife.Bae,Aoife Bae,Aoife.Bae@BiTermTest.com,Enabled,Standard User,No,2005-12-01,2026-07-31
PETRO.KILIC,Petro Kilic,,Enabled,Service Account,Yes,2022-01-26,2025-01-13
Jing.Owusu,Jing Owusu,Jing.Owusu@BiTermTest.com,Enabled,Standard User,No,2010-05-17,2026-06-29
RNASSAR,Rashida Nassar,Rashida.Nassar@BiTermTest.com,Enabled,Standard User,No,2006-08-14,2026-06-28
ARJUN.ALMEIDA,Arjun Almeida,Arjun.Almeida@BiTermTest.com,Enabled,Standard User,No,2025-12-29,2026-06-22
DRAGAN.KEBEDE,Dragan Kebede,Dragan.Kebede@BiTermTest.com,Enabled,Standard User,No,2025-09-05,2026-07-23
LOTTE.DELUCA,Lotte Deluca,Lotte.Deluca@BiTermTest.com,Enabled,Power User,No,1998-07-22,2026-06-26
MARISOL.ORLOV,Marisol Orlov,Marisol.Orlov@BiTermTest.com,Enabled,Standard User,No,2020-06-08,2026-07-20
ELZBIETA.DANG,Elzbieta Dang,Elzbieta.Dang@BiTermTest.com,Enabled,Standard User,No,2008-11-24,2026-07-29
RASHIDA.KRAWCZYK,Rashida Krawczyk,Rashida.Krawczyk@BiTermTest.com,Enabled,Standard User,No,2012-05-14,2026-07-26
Agnieszka.Arslan,Agnieszka Arslan,Agnieszka.Arslan@BiTermTest.com,Enabled,Standard User,No,2017-06-19,2026-07-25
NEMANJA.DESTA,Nemanja Desta,Nemanja.Desta@BiTermTest.com,Enabled,Standard User,No,2010-09-29,2026-07-06
FIRUZA.DEVRIES,Firuza Devries,Firuza.Devries@BiTermTest.com,Enabled,Standard User,No,2020-08-24,2026-06-23
GITA.VISSER,Gita Visser,Gita.Visser@BiTermTest.com,Enabled,Read Only,No,2016-07-18,2026-07-28
JELANI.AKSOY,Jelani Aksoy,Jelani.Aksoy@BiTermTest.com,Enabled,Standard User,No,2021-08-09,2026-08-01
THENDRIKS,Tariq Hendriks,Tariq.Hendriks@BiTermTest.com,Enabled,Standard User,No,2008-10-06,2026-07-18
EFARRUGIA,Eshan Farrugia,Eshan.Farrugia@BiTermTest.com,Enabled,Administrator,Yes,2000-07-31,2026-07-11
JBOATENG,Jovana Boateng,Jovana.Boateng@BiTermTest.com,Enabled,Standard User,No,2010-02-15,2026-07-05
SEZEANI,Sezeani,sezeani@bitermtest.com,Enabled,Standard User,No,2024-01-26,2024-05-13
RAFAEL.ATTARD,Rafael Attard,Rafael.Attard@BiTermTest.com,Enabled,Power User,No,2012-08-13,2026-07-08
EKEITA,Elif Keita,Elif.Keita@BiTermTest.com,Enabled,Standard User,No,2008-07-28,2026-07-19
ITZEL.ZIELINSKI,Itzel Zielinski,Itzel.Zielinski@BiTermTest.com,Enabled,Read Only,No,2020-01-07,2026-07-14
QASIM.MUKHERJEE,Qasim Mukherjee,Qasim.Mukherjee@BiTermTest.com,Disabled,Standard User,No,2005-05-30,2026-07-04
NIKOLAI.VOSBERG,Nikolai Vosberg,Nikolai.Vosberg@BiTermTest.com,Enabled,Power User,No,2011-01-06,2026-07-13
OMAR.ALMEIDA,Omar Almeida,Omar.Almeida@BiTermTest.com,Enabled,Power User,No,2019-02-18,2026-08-05
MARISOL.ASANTE,Marisol Asante,Marisol.Asante@BiTermTest.com,Enabled,Read Only,No,2023-02-27,2026-07-27
PARVIN.KEITA,Parvin Keita,Parvin.Keita@BiTermTest.com,Enabled,Standard User,No,2018-06-11,2026-07-21
SANNE.JOVANOVIC,Sanne Jovanovic,Sanne.Jovanovic@BiTermTest.com,Enabled,Standard User,No,2023-11-27,2026-07-11
YEVHEN.FERREIRA,Yevhen Ferreira,Yevhen.Ferreira@BiTermTest.com,Enabled,Standard User,No,2015-01-01,2026-07-25
OMAR.AYDIN,Omar Aydin,Omar.Aydin@BiTermTest.com,Disabled,Standard User,No,2021-02-15,2026-07-27
ROISIN.MAZUR,Roisin Mazur,Roisin.Mazur@BiTermTest.com,Enabled,Standard User,No,2010-10-18,2026-07-05
ZOFIA.FEDOROV,Zofia Fedorov,Zofia.Fedorov@BiTermTest.com,Enabled,Read Only,No,2025-04-28,2026-07-12
XIU.PETROV,Xiu Petrov,,Enabled,Standard User,No,2022-11-09,2024-08-30
DENIZ.UCHIDA,Deniz Uchida,Deniz.Uchida@BiTermTest.com,Enabled,Standard User,No,2017-01-23,2026-07-11
Yaretzi.Arslan,Yaretzi Arslan,Yaretzi.Arslan@BiTermTest.com,Enabled,Standard User,No,2008-05-27,2026-07-18
KHOANG,Kofi Hoang,Kofi.Hoang@BiTermTest.com,Enabled,Read Only,No,2012-09-17,2026-08-04
THAO.VISSER,Thao Visser,Thao.Visser@BiTermTest.com,Enabled,Read Only,No,2013-11-18,2026-07-19
Mahmoud.Engstrom,Mahmoud Engstrom,Mahmoud.Engstrom@BiTermTest.com,Enabled,Standard User,No,2016-07-18,2026-06-27
TRUNG.PETROVIC,Trung Petrovic,Trung.Petrovic@BiTermTest.com,Enabled,Standard User,No,2016-02-01,2026-07-19
HUI.AMARI,Hui Amari,Hui.Amari@BiTermTest.com,Enabled,Standard User,No,2014-08-25,2026-07-30
MAHMOUD.NAKAMURA,Mahmoud Nakamura,Mahmoud.Nakamura@BiTermTest.com,Enabled,Standard User,No,2025-12-29,2026-06-29
PMAZUR,Piotr Mazur,Piotr.Mazur@BiTermTest.com,Enabled,Standard User,No,2012-06-11,2026-07-20
FIRUZA.BAE,Firuza Bae,Firuza.Bae@BiTermTest.com,Enabled,Standard User,No,2015-05-11,2026-07-06
NEMANJA.FONSECA,Nemanja Fonseca,Nemanja.Fonseca@BiTermTest.com,Enabled,Standard User,No,2020-11-30,2026-06-26
ANWAR.NYSTROM,Anwar Nystrom,anwar.nystrom@bitermtest.com,Enabled,Standard User,No,2023-10-16,2026-06-17
ANWAR.AXELSSON,Anwar Axelsson,Anwar.Axelsson@BiTermTest.com,Enabled,Power User,No,2009-05-19,2026-07-19
MINHO.IVANOV,Minho Ivanov,Minho.Ivanov@BiTermTest.com,Enabled,Standard User,No,2023-06-19,2026-06-28
DECLAN.IVANOV,Declan Ivanov,Declan.Ivanov@BiTermTest.com,Disabled,Standard User,No,2023-06-26,2026-06-25
ZAHRA.OWUSU,Zahra Owusu,Zahra.Owusu@BiTermTest.com,Enabled,Standard User,No,2020-08-17,2026-08-01
TRUNG.KEBEDE,Trung Kebede,Trung.Kebede@BiTermTest.com,Enabled,Standard User,No,2015-11-30,2026-06-30
XIOMARA.FARRUGIA,Xiomara Farrugia,Xiomara.Farrugia@BiTermTest.com,Enabled,Standard User,No,2015-07-05,2026-06-24
HARUTO.DJORDJEVIC,Haruto Djordjevic,Haruto.Djordjevic@BiTermTest.com,Enabled,Standard User,No,2023-08-25,2026-07-02
CILLIAN.FEDOROV,Cillian Fedorov,Cillian.Fedorov@BiTermTest.com,Enabled,Standard User,No,2020-10-26,2026-07-22
CUAUHTEMOC.NASSAR,Cuauhtemoc Nassar,Cuauhtemoc.Nassar@BiTermTest.com,Enabled,Standard User,No,2015-01-01,2026-08-01
MIKKEL.ATTARD,Mikkel Attard,Mikkel.Attard@BiTermTest.com,Enabled,Read Only,No,2021-06-07,2026-07-30
SKILIC,Skilic,,Enabled,Administrator,Yes,2022-02-08,2025-05-07
ABOATENG,Aboateng,,Enabled,Read Only,No,2022-11-06,2025-11-29
EKEITA,Elif Keita,Elif.Keita@BiTermTest.com,Enabled,Standard User,No,2005-03-28,2026-07-19
AGNIESZKA.SEO,Agnieszka Seo,Agnieszka.Seo@BiTermTest.com,Enabled,Standard User,No,2015-01-01,2026-06-28
TAHIRA.ZAMMIT,Tahira Zammit,Tahira.Zammit@BiTermTest.com,Disabled,Standard User,No,2018-09-04,2026-07-25
Qasim.Ricci,Qasim Ricci,Qasim.Ricci@BiTermTest.com,Enabled,Standard User,No,2013-05-06,2026-06-23
UNOVIKOV,Umar Novikov,Umar.Novikov@BiTermTest.com,Enabled,Standard User,No,2000-06-15,2026-06-23
ALESSANDRO.ENGSTROM,Alessandro Engstrom,Alessandro.Engstrom@BiTermTest.com,Enabled,Standard User,No,2022-08-29,2026-07-04
JELANI.TRUONG,Jelani Truong,Jelani.Truong@BiTermTest.com,Enabled,Standard User,No,2019-07-08,2026-07-10
XVELLA,Xiomara Vella,Xiomara.Vella@BiTermTest.com,Enabled,Standard User,No,2014-02-06,2026-07-25
INES.MIFSUD,Ines Mifsud,Ines.Mifsud@BiTermTest.com,Enabled,Standard User,No,2014-01-27,2026-07-14
LAN.AMARI,Lan Amari,Lan.Amari@BiTermTest.com,Enabled,Standard User,No,2025-02-18,2026-08-01
REN.NGO,Ren Ngo,Ren.Ngo@BiTermTest.com,Disabled,Standard User,No,2019-11-04,2026-07-17
SULEIMAN.VISSER,Suleiman Visser,suleiman.visser@bitermtest.com,Enabled,Read Only,No,2022-08-08,2026-06-25
XWATANABE,Xwatanabe,,Enabled,Standard User,No,2023-01-18,2025-12-13
MAITE.CELIK,Maite Celik,Maite.Celik@BiTermTest.com,Enabled,Standard User,No,2018-10-08,2026-07-22
OREDDY,Oihane Reddy,Oihane.Reddy@BiTermTest.com,Enabled,Standard User,No,2007-07-17,2026-07-21
MARISOL.BUI,Marisol Bui,Marisol.Bui@BiTermTest.com,Enabled,Standard User,No,2015-09-15,2026-07-08
MSTOJANOVIC,Meera Stojanovic,Meera.Stojanovic@BiTermTest.com,Enabled,Power User,No,2010-12-23,2026-07-25
INES.SOKOLOV,Ines Sokolov,Ines.Sokolov@BiTermTest.com,Enabled,Standard User,No,2021-10-04,2026-07-06
BEATRIZ.MENON,Beatriz Menon,Beatriz.Menon@BiTermTest.com,Enabled,Administrator,Yes,2020-03-02,2026-07-04
BOGDAN.LEWANDOWSKI,Bogdan Lewandowski,Bogdan.Lewandowski@BiTermTest.com,Enabled,Standard User,No,2024-07-08,2026-06-22
JKEBEDE,Jing Kebede,Jing.Kebede@BiTermTest.com,Enabled,Standard User,No,2005-10-17,2026-06-23
XIU.ISHIKAWA,Xiu Ishikawa,Xiu.Ishikawa@BiTermTest.com,Enabled,Standard User,No,2010-06-08,2026-07-10
LARS.SAKAMOTO,Lars Sakamoto,Lars.Sakamoto@BiTermTest.com,Enabled,Standard User,No,2019-11-11,2026-06-30
CHIARA.ARSLAN,Chiara Arslan,Chiara.Arslan@BiTermTest.com,Enabled,Power User,No,2020-01-06,2026-07-01
GKIRIGAYA,Gkirigaya,gkirigaya@bitermtest.com,Enabled,Power User,No,2022-10-07,2025-12-18
GORKA.EGOROV,Gorka Egorov,Gorka.Egorov@BiTermTest.com,Enabled,Standard User,No,2019-10-21,2026-07-19
KOFI.SAHIN,Kofi Sahin,kofi.sahin@bitermtest.com,Enabled,Read Only,No,2023-01-15,2025-03-04
PCHOPRA,Petro Chopra,Petro.Chopra@BiTermTest.com,Enabled,Administrator,Yes,2001-06-27,2026-07-25
PIOTR.FERREIRA,Piotr Ferreira,Piotr.Ferreira@BiTermTest.com,Enabled,Standard User,No,2017-05-17,2026-06-23
FSOKOLOV,Fsokolov,,Enabled,Service Account,Yes,2021-12-22,2025-04-27
RHAILE,Rohan Haile,Rohan.Haile@BiTermTest.com,Enabled,Standard User,No,2010-01-14,2026-07-29
KENJI.ATTARD,Kenji Attard,Kenji.Attard@BiTermTest.com,Disabled,Read Only,No,2017-08-28,2026-06-27
WILLEM.MARKOVIC,Willem Markovic,Willem.Markovic@BiTermTest.com,Enabled,Standard User,No,2015-07-27,2026-08-03
DMITRI.MULDER,Dmitri Mulder,Dmitri.Mulder@BiTermTest.com,Enabled,Standard User,No,2023-09-13,2026-06-30
HARUTO.MOROZOV,Haruto Morozov,Haruto.Morozov@BiTermTest.com,Enabled,Standard User,No,1999-01-04,2026-06-29
BIANCA.PIOTROWSKI,Bianca Piotrowski,Bianca.Piotrowski@BiTermTest.com,Enabled,Standard User,No,2020-10-26,2026-07-28
INGRID.DJORDJEVIC,Ingrid Djordjevic,Ingrid.Djordjevic@BiTermTest.com,Enabled,Read Only,No,2022-01-11,2026-07-12
INGRID.BANERJEE,Ingrid Banerjee,Ingrid.Banerjee@BiTermTest.com,Enabled,Read Only,No,2021-07-26,2026-07-03
CUAUHTEMOC.ESPOSITO,Cuauhtemoc Esposito,Cuauhtemoc.Esposito@BiTermTest.com,Enabled,Standard User,No,2020-11-30,2026-08-03
SULEIMAN.WISNIEWSKI,Suleiman Wisniewski,Suleiman.Wisniewski@BiTermTest.com,Enabled,Standard User,No,2011-04-04,2026-06-22
JOAO.VELLA,Joao Vella,Joao.Vella@BiTermTest.com,Enabled,Standard User,No,2017-01-23,2026-07-13
ILYA.MEIJER,Ilya Meijer,Ilya.Meijer@BiTermTest.com,Enabled,Power User,No,2025-08-19,2026-06-30
TEODORA.GALEA,Teodora Galea,Teodora.Galea@BiTermTest.com,Enabled,Standard User,No,2022-11-14,2026-07-28
KOFI.YILMAZ,Kofi Yilmaz,Kofi.Yilmaz@BiTermTest.com,Enabled,Standard User,No,2020-03-26,2026-07-09
PARVIN.GRABOWSKI,Parvin Grabowski,Parvin.Grabowski@BiTermTest.com,Enabled,Standard User,No,2019-08-16,2026-06-22
AOIFE.AYDIN,Aoife Aydin,Aoife.Aydin@BiTermTest.com,Enabled,Standard User,No,2022-12-27,2026-07-28
HENRYK.EZEANI,Henryk Ezeani,Henryk.Ezeani@BiTermTest.com,Enabled,Power User,No,2023-01-16,2026-06-27
PIOTR.NOVAK,Piotr Novak,Piotr.Novak@BiTermTest.com,Enabled,Standard User,No,2025-08-25,2026-08-04
HUONG.GRECH,Huong Grech,Huong.Grech@BiTermTest.com,Enabled,Standard User,No,2022-04-29,2026-07-30
Aoife.Morozov,Aoife Morozov,Aoife.Morozov@BiTermTest.com,Enabled,Standard User,No,2011-02-04,2026-08-05
SADEYEMI,Seda Adeyemi,Seda.Adeyemi@BiTermTest.com,Enabled,Standard User,No,2006-07-10,2026-07-11
OMAR.TRIVEDI,Omar Trivedi,Omar.Trivedi@BiTermTest.com,Enabled,Standard User,No,2024-04-22,2026-06-27
JISOO.MORETTI,Jisoo Moretti,Jisoo.Moretti@BiTermTest.com,Enabled,Standard User,No,2011-01-17,2026-07-18
CILLIAN.NAIR,Cillian Nair,Cillian.Nair@BiTermTest.com,Enabled,Read Only,No,2018-11-19,2026-07-02
HARUTO.FUJIMOTO,Haruto Fujimoto,Haruto.Fujimoto@BiTermTest.com,Enabled,Administrator,Yes,2018-03-26,2026-07-14
HVELLA,Huong Vella,Huong.Vella@BiTermTest.com,Enabled,Read Only,No,1988-05-17,2026-07-27
CITLALI.TRAORE,Citlali Traore,Citlali.Traore@BiTermTest.com,Enabled,Power User,No,2021-08-02,2026-07-10
JELANI.TRUONG,Jelani Truong,Jelani.Truong@BiTermTest.com,Enabled,Standard User,No,2019-07-01,2026-07-10
SNGO,Sigrid Ngo,Sigrid.Ngo@BiTermTest.com,Enabled,Power User,No,1995-07-19,2026-07-22
Oksana.Matsuda,Oksana Matsuda,Oksana.Matsuda@BiTermTest.com,Enabled,Standard User,No,2017-04-03,2026-07-30
Kofi.Yilmaz,Kofi Yilmaz,Kofi.Yilmaz@BiTermTest.com,Enabled,Standard User,No,2019-05-28,2026-06-24
SAKURA.OZTURK,Sakura Ozturk,Sakura.Ozturk@BiTermTest.com,Enabled,Standard User,No,2015-01-01,2026-07-30
ICHOPRA,Iker Chopra,Iker.Chopra@BiTermTest.com,Enabled,Standard User,No,2010-01-29,2026-06-30
PHORVAT,Phorvat,phorvat@bitermtest.com,Enabled,Standard User,No,2022-04-29,2026-03-08
AMINA.FEDOROV,Amina Fedorov,Amina.Fedorov@BiTermTest.com,Enabled,Power User,No,2025-05-15,2026-06-24
NIKOLAI.ASLAN,Nikolai Aslan,Nikolai.Aslan@BiTermTest.com,Enabled,Standard User,No,2008-08-18,2026-07-30
AYLIN.KIRIGAYA,Aylin Kirigaya,Aylin.Kirigaya@BiTermTest.com,Enabled,Read Only,No,2023-01-09,2026-07-31
MINHO.NGO,Minho Ngo,Minho.Ngo@BiTermTest.com,Enabled,Standard User,No,2022-06-20,2026-07-13
YUKI.AKSOY,Yuki Aksoy,Yuki.Aksoy@BiTermTest.com,Enabled,Standard User,No,2019-02-18,2026-07-05
YUSUF.AFOLABI,Yusuf Afolabi,Yusuf.Afolabi@BiTermTest.com,Enabled,Standard User,No,2020-11-30,2026-07-07
MARTA.DEVRIES,Marta Devries,Marta.Devries@BiTermTest.com,Enabled,Standard User,No,2021-09-07,2026-08-01
TMENON,Teodora Menon,Teodora.Menon@BiTermTest.com,Enabled,Standard User,No,2007-01-01,2026-07-02
ITZEL.IYER,Itzel Iyer,Itzel.Iyer@BiTermTest.com,Enabled,Standard User,No,2015-06-15,2026-07-28
RAFAEL.WORKU,Rafael Worku,Rafael.Worku@BiTermTest.com,Enabled,Standard User,No,2022-08-22,2026-08-01
VALENTINA.LUNDGREN,Valentina Lundgren,Valentina.Lundgren@BiTermTest.com,Enabled,Standard User,No,2015-01-01,2026-07-03
Duc.Fonseca,Duc Fonseca,Duc.Fonseca@BiTermTest.com,Enabled,Standard User,No,2016-01-04,2026-07-09
NEMANJA.FONSECA,Nemanja Fonseca,Nemanja.Fonseca@BiTermTest.com,Enabled,Standard User,No,2019-10-07,2026-06-26
SIGRID.AKSOY,Sigrid Aksoy,Sigrid.Aksoy@BiTermTest.com,Enabled,Standard User,No,2023-07-17,2026-07-01
NAYELI.DUONG,Nayeli Duong,Nayeli.Duong@BiTermTest.com,Enabled,Administrator,Yes,2016-08-26,2026-07-07
GITA.VELLA,Gita Vella,Gita.Vella@BiTermTest.com,Enabled,Standard User,No,2015-06-08,2026-07-15
CHIARA.DEMIR,Chiara Demir,Chiara.Demir@BiTermTest.com,Enabled,Standard User,No,2020-01-06,2026-08-03
LORENZO.MARINO,Lorenzo Marino,Lorenzo.Marino@BiTermTest.com,Enabled,Power User,No,2018-05-21,2026-06-30
ANDRES.GRECO,Andres Greco,Andres.Greco@BiTermTest.com,Enabled,Standard User,No,2015-01-01,2026-06-25
OMAR.VISSER,Omar Visser,Omar.Visser@BiTermTest.com,Enabled,Standard User,No,2018-01-22,2026-06-24
BEATRIZ.TESFAYE,Beatriz Tesfaye,Beatriz.Tesfaye@BiTermTest.com,Enabled,Standard User,No,2004-06-29,2026-07-31
NEMANJA.GALLO,Nemanja Gallo,Nemanja.Gallo@BiTermTest.com,Enabled,Standard User,No,2015-05-18,2026-06-30
MARISOL.HENDRIKS,Marisol Hendriks,Marisol.Hendriks@BiTermTest.com,Enabled,Standard User,No,2020-02-18,2026-07-05
MAITE.AKSOY,Maite Aksoy,maite.aksoy@bitermtest.com,Enabled,Standard User,No,2023-09-27,2024-07-09
FARID.CARDOSO,Farid Cardoso,Farid.Cardoso@BiTermTest.com,Enabled,Power User,No,2023-03-01,2026-07-13
SANNE.DESTA,Sanne Desta,Sanne.Desta@BiTermTest.com,Enabled,Standard User,No,2021-07-19,2026-07-01
THIAGO.BARBOSA,Thiago Barbosa,Thiago.Barbosa@BiTermTest.com,Disabled,Standard User,No,2023-02-27,2026-07-21
LOTTE.FERREIRA,Lotte Ferreira,Lotte.Ferreira@BiTermTest.com,Enabled,Power User,No,2015-01-01,2026-07-16
IZARO.BUI,Izaro Bui,Izaro.Bui@BiTermTest.com,Enabled,Standard User,No,2023-07-17,2026-07-15
BASIM.AYDIN,Basim Aydin,Basim.Aydin@BiTermTest.com,Enabled,Standard User,No,2017-06-12,2026-07-01
YEVHEN.MAZUR,Yevhen Mazur,Yevhen.Mazur@BiTermTest.com,Enabled,Standard User,No,2015-02-09,2026-07-07
IKER.AKSOY,Iker Aksoy,Iker.Aksoy@BiTermTest.com,Enabled,Standard User,No,1995-08-28,2026-07-14
JOVANA.BABIC,Jovana Babic,Jovana.Babic@BiTermTest.com,Enabled,Standard User,No,2025-05-15,2026-07-28
MAHMOUD.DEMIR,Mahmoud Demir,Mahmoud.Demir@BiTermTest.com,Enabled,Standard User,No,2015-01-01,2026-08-04
CITLALI.NGO,Citlali Ngo,Citlali.Ngo@BiTermTest.com,Enabled,Standard User,No,2020-08-17,2026-07-04
CUAUHTEMOC.FORSBERG,Cuauhtemoc Forsberg,Cuauhtemoc.Forsberg@BiTermTest.com,Enabled,Standard User,No,1995-04-10,2026-07-11
FIRUZA.BABIC,Firuza Babic,Firuza.Babic@BiTermTest.com,Enabled,Standard User,No,2021-10-29,2026-07-12
VALENTINA.KEBEDE,Valentina Kebede,Valentina.Kebede@BiTermTest.com,Enabled,Standard User,No,2008-08-18,2026-07-23
BRAM.WOZNIAK,Bram Wozniak,Bram.Wozniak@BiTermTest.com,Enabled,Standard User,No,2015-01-01,2026-07-08
FEMKE.WOJCIK,Femke Wojcik,Femke.Wojcik@BiTermTest.com,Enabled,Power User,No,2020-03-16,2026-07-16
BIANCA.ZIELINSKI,Bianca Zielinski,Bianca.Zielinski@BiTermTest.com,Enabled,Standard User,No,2017-02-06,2026-07-20
MNOWAK,Mnowak,mnowak@bitermtest.com,Enabled,Standard User,No,2022-04-15,2026-06-12
AOI.KRAWCZYK,Aoi Krawczyk,Aoi.Krawczyk@BiTermTest.com,Enabled,Standard User,No,2025-05-15,2026-07-16
ELIF.DAHLBERG,Elif Dahlberg,Elif.Dahlberg@BiTermTest.com,Enabled,Standard User,No,2024-11-25,2026-07-07
ADAEZE.KOCAK,Adaeze Kocak,Adaeze.Kocak@BiTermTest.com,Enabled,Standard User,No,2009-10-08,2026-06-28
LUCHIDA,Lotte Uchida,Lotte.Uchida@BiTermTest.com,Enabled,Standard User,No,2013-07-29,2026-07-31
MAIALEN.MOROZOV,Maialen Morozov,Maialen.Morozov@BiTermTest.com,Enabled,Standard User,No,2015-05-26,2026-07-11
PARVIN.VUONG,Parvin Vuong,Parvin.Vuong@BiTermTest.com,Enabled,Standard User,No,2025-09-03,2026-06-24
EAMON.BUI,Eamon Bui,Eamon.Bui@BiTermTest.com,Enabled,Standard User,No,2019-02-04,2026-07-24
VANDANA.DESTA,Vandana Desta,Vandana.Desta@BiTermTest.com,Enabled,Standard User,No,2024-12-09,2026-07-23
JISOO.KOCAK,Jisoo Kocak,Jisoo.Kocak@BiTermTest.com,Enabled,Standard User,No,2018-07-09,2026-07-02
TRUNG.CASSAR,Trung Cassar,Trung.Cassar@BiTermTest.com,Enabled,Power User,No,2016-04-21,2026-07-09
GITA.AYDIN,Gita Aydin,Gita.Aydin@BiTermTest.com,Enabled,Standard User,No,2022-10-31,2026-08-01
DAAN.UCHIDA,Daan Uchida,Daan.Uchida@BiTermTest.com,Enabled,Standard User,No,2020-12-28,2026-07-15
MAITE.IYER,Maite Iyer,Maite.Iyer@BiTermTest.com,Enabled,Standard User,No,2023-03-27,2026-08-05
SULEIMAN.BABIC,Suleiman Babic,Suleiman.Babic@BiTermTest.com,Enabled,Standard User,No,2018-10-24,2026-07-25
NEREA.RIBEIRO,Nerea Ribeiro,Nerea.Ribeiro@BiTermTest.com,Enabled,Standard User,No,2020-03-24,2026-07-07
WKOWALSKI,Wkowalski,,Enabled,Service Account,Yes,2023-08-13,2024-10-13
ESHAN.MULDER,Eshan Mulder,Eshan.Mulder@BiTermTest.com,Enabled,Standard User,No,2021-03-08,2026-06-30
SAKURA.NOWAK,Sakura Nowak,Sakura.Nowak@BiTermTest.com,Disabled,Standard User,No,2014-09-02,2026-07-23
EMRE.BAE,Emre Bae,Emre.Bae@BiTermTest.com,Enabled,Standard User,No,2014-10-20,2026-07-01
IKER.KOBAYASHI,Iker Kobayashi,Iker.Kobayashi@BiTermTest.com,Enabled,Standard User,No,2015-06-11,2026-07-13
BRAM.ALEMU,Bram Alemu,Bram.Alemu@BiTermTest.com,Enabled,Standard User,No,2014-01-06,2026-07-05
Alessandro.Engstrom,Alessandro Engstrom,Alessandro.Engstrom@BiTermTest.com,Enabled,Standard User,No,2014-08-11,2026-06-29
KATYA.KIRIGAYA,Katya Kirigaya,Katya.Kirigaya@BiTermTest.com,Enabled,Standard User,No,2018-07-09,2026-06-27
CILLIAN.DEMIR,Cillian Demir,Cillian.Demir@BiTermTest.com,Enabled,Standard User,No,2023-07-03,2026-07-07
AMINA.BOATENG,Amina Boateng,Amina.Boateng@BiTermTest.com,Enabled,Power User,No,2021-11-08,2026-07-04
GIULIA.DESAI,Giulia Desai,Giulia.Desai@BiTermTest.com,Enabled,Standard User,No,2014-09-02,2026-07-08
Linh.Abebe,Linh Abebe,Linh.Abebe@BiTermTest.com,Enabled,Standard User,No,2006-05-29,2026-07-02
MAIALEN.CHOPRA,Maialen Chopra,Maialen.Chopra@BiTermTest.com,Enabled,Standard User,No,2016-08-29,2026-06-26
BGRECO,Bao Greco,Bao.Greco@BiTermTest.com,Enabled,Standard User,No,1995-10-09,2026-07-20
TRUNG.SAHIN,Trung Sahin,Trung.Sahin@BiTermTest.com,Enabled,Standard User,No,2020-12-14,2026-07-30
JEROEN.KOWALSKI,Jeroen Kowalski,Jeroen.Kowalski@BiTermTest.com,Enabled,Read Only,No,2016-03-30,2026-07-18
ZTRIVEDI,Ztrivedi,ztrivedi@bitermtest.com,Enabled,Standard User,No,2023-10-07,2026-03-23
ANDRES.KOVAC,Andres Kovac,Andres.Kovac@BiTermTest.com,Disabled,Standard User,No,2017-10-23,2026-07-06
NEMANJA.KAMINSKI,Nemanja Kaminski,Nemanja.Kaminski@BiTermTest.com,Enabled,Standard User,No,2015-01-01,2026-07-18
DFONSECA,Duc Fonseca,Duc.Fonseca@BiTermTest.com,Enabled,Standard User,No,2012-01-10,2026-07-18
PARVIN.GRABOWSKI,Parvin Grabowski,Parvin.Grabowski@BiTermTest.com,Enabled,Standard User,No,2025-05-15,2026-06-22
ABUI,Aoife Bui,Aoife.Bui@BiTermTest.com,Enabled,Power User,No,2013-07-29,2026-06-27
BDESHPANDE,Bogdan Deshpande,Bogdan.Deshpande@BiTermTest.com,Enabled,Standard User,No,2000-07-05,2026-07-10
PIOTR.HADDAD,Piotr Haddad,Piotr.Haddad@BiTermTest.com,Enabled,Standard User,No,2025-12-21,2026-07-04
FEMI.VUONG,Femi Vuong,Femi.Vuong@BiTermTest.com,Enabled,Standard User,No,2011-01-06,2026-07-26
FDIALLO,Fernanda Diallo,Fernanda.Diallo@BiTermTest.com,Enabled,Standard User,No,2008-12-01,2026-06-29
AOIFE.EZEANI,Aoife Ezeani,Aoife.Ezeani@BiTermTest.com,Enabled,Power User,No,2020-07-27,2026-07-29
NIAMH.DESHPANDE,Niamh Deshpande,Niamh.Deshpande@BiTermTest.com,Enabled,Power User,No,2021-08-23,2026-07-12
ESHAN.KWON,Eshan Kwon,Eshan.Kwon@BiTermTest.com,Enabled,Read Only,No,2015-01-07,2026-07-22
FARID.BANERJEE,Farid Banerjee,Farid.Banerjee@BiTermTest.com,Enabled,Standard User,No,2019-08-12,2026-06-25
DENIZ.TESFAYE,Deniz Tesfaye,Deniz.Tesfaye@BiTermTest.com,Enabled,Standard User,No,2018-11-26,2026-06-25
AVOSBERG,Anahi Vosberg,Anahi.Vosberg@BiTermTest.com,Enabled,Standard User,No,2005-01-20,2026-07-07
NIAMH.MENSAH,Niamh Mensah,Niamh.Mensah@BiTermTest.com,Enabled,Standard User,No,2021-11-22,2026-07-28
JANUSZ.KWON,Janusz Kwon,Janusz.Kwon@BiTermTest.com,Enabled,Standard User,No,2021-12-13,2026-08-01
Niamh.Haile,Niamh Haile,Niamh.Haile@BiTermTest.com,Enabled,Standard User,No,2017-01-03,2026-07-05
RASHIDA.NASSAR,Rashida Nassar,Rashida.Nassar@BiTermTest.com,Enabled,Standard User,No,2021-05-17,2026-07-25
FEMKE.PHAM,Femke Pham,Femke.Pham@BiTermTest.com,Enabled,Standard User,No,2015-10-05,2026-07-07
TENOCH.PILLAI,Tenoch Pillai,Tenoch.Pillai@BiTermTest.com,Enabled,Standard User,No,2023-11-20,2026-07-21
CITLALI.MORETTI,Citlali Moretti,Citlali.Moretti@BiTermTest.com,Enabled,Standard User,No,2010-01-18,2026-07-13
QTRAORE,Quang Traore,Quang.Traore@BiTermTest.com,Enabled,Standard User,No,2004-12-20,2026-07-14
YARETZI.NOVAK,Yaretzi Novak,Yaretzi.Novak@BiTermTest.com,Enabled,Standard User,No,2015-01-01,2026-07-22
BJORN.BARONE,Bjorn Barone,Bjorn.Barone@BiTermTest.com,Enabled,Standard User,No,2025-02-11,2026-06-28
AOI.KEBEDE,Aoi Kebede,Aoi.Kebede@BiTermTest.com,Enabled,Standard User,No,2016-01-25,2026-08-04
AGNIESZKA.ZAMMIT,Agnieszka Zammit,Agnieszka.Zammit@BiTermTest.com,Enabled,Standard User,No,2025-01-28,2026-07-12
SANNE.BARONE,Sanne Barone,Sanne.Barone@BiTermTest.com,Enabled,Standard User,No,2015-09-20,2026-07-24
VOLKAN.EZEANI,Volkan Ezeani,Volkan.Ezeani@BiTermTest.com,Enabled,Standard User,No,2016-10-03,2026-07-29
SAKURA.ATTARD,Sakura Attard,Sakura.Attard@BiTermTest.com,Enabled,Standard User,No,2025-11-03,2026-06-22
VASIL.NYSTROM,Vasil Nystrom,Vasil.Nystrom@BiTermTest.com,Enabled,Administrator,Yes,2015-06-22,2026-07-02
NALEDI.FUJIMOTO,Naledi Fujimoto,Naledi.Fujimoto@BiTermTest.com,Enabled,Standard User,No,2016-03-28,2026-07-09
VALENTINA.SZYMANSKI,Valentina Szymanski,Valentina.Szymanski@BiTermTest.com,Enabled,Read Only,No,2025-05-15,2026-07-16
JEROEN.MICALLEF,Jeroen Micallef,Jeroen.Micallef@BiTermTest.com,Enabled,Read Only,No,2013-09-02,2026-07-20
OMAR.AYDIN,Omar Aydin,Omar.Aydin@BiTermTest.com,Disabled,Standard User,No,2015-03-02,2026-07-27
HARUTO.MEIJER,Haruto Meijer,Haruto.Meijer@BiTermTest.com,Enabled,Standard User,No,2022-06-13,2026-06-23
BJORN.ALMEIDA,Bjorn Almeida,Bjorn.Almeida@BiTermTest.com,Enabled,Standard User,No,2017-01-17,2026-07-01
CAMILA.NAKAMURA,Camila Nakamura,Camila.Nakamura@BiTermTest.com,Enabled,Read Only,No,2017-12-04,2026-07-05
IWOZNIAK,Izaro Wozniak,Izaro.Wozniak@BiTermTest.com,Disabled,Standard User,No,1995-08-01,2026-07-14
RAFAEL.ATTARD,Rafael Attard,Rafael.Attard@BiTermTest.com,Enabled,Power User,No,2015-11-16,2026-07-08
Amina.Carvalho,Amina Carvalho,Amina.Carvalho@BiTermTest.com,Enabled,Standard User,No,2016-08-08,2026-07-01
HESPOSITO,Hui Esposito,Hui.Esposito@BiTermTest.com,Enabled,Read Only,No,2006-08-07,2026-06-24
ENEKO.NGO,Eneko Ngo,Eneko.Ngo@BiTermTest.com,Enabled,Read Only,No,2020-11-16,2026-07-10
QFUJIMOTO,Quang Fujimoto,Quang.Fujimoto@BiTermTest.com,Enabled,Read Only,No,1990-01-05,2026-07-18
BRAM.AZEVEDO,Bram Azevedo,Bram.Azevedo@BiTermTest.com,Enabled,Read Only,No,2020-10-19,2026-07-27
JISOO.MENON,Jisoo Menon,Jisoo.Menon@BiTermTest.com,Enabled,Power User,No,2019-01-14,2026-06-30
MEI.MULDER,Mei Mulder,Mei.Mulder@BiTermTest.com,Enabled,Standard User,No,2022-03-21,2026-06-24
CBORG,Cborg,,Enabled,Standard User,No,2023-06-04,2024-09-12
ACARVALHO,Amina Carvalho,Amina.Carvalho@BiTermTest.com,Enabled,Standard User,No,2011-05-09,2026-07-18
MATTEO.JANKOWSKI,Matteo Jankowski,Matteo.Jankowski@BiTermTest.com,Enabled,Standard User,No,2019-11-04,2026-06-30
UMAR.GHANEM,Umar Ghanem,Umar.Ghanem@BiTermTest.com,Enabled,Read Only,No,2017-03-06,2026-07-24
PIOTR.YAMAMOTO,Piotr Yamamoto,Piotr.Yamamoto@BiTermTest.com,Enabled,Standard User,No,2011-09-26,2026-06-26
MDAHLBERG,Maite Dahlberg,Maite.Dahlberg@BiTermTest.com,Enabled,Standard User,No,2001-07-30,2026-07-02
MARISOL.NGO,Marisol Ngo,Marisol.Ngo@BiTermTest.com,Enabled,Read Only,No,2025-09-22,2026-06-26
TJANKOWSKI,Teodora Jankowski,Teodora.Jankowski@BiTermTest.com,Enabled,Standard User,No,2006-06-01,2026-07-28
BJORN.DABROWSKI,Bjorn Dabrowski,Bjorn.Dabrowski@BiTermTest.com,Enabled,Read Only,No,2015-08-10,2026-07-13
YOKONKWO,Yasmin Okonkwo,Yasmin.Okonkwo@BiTermTest.com,Enabled,Standard User,No,2014-01-06,2026-08-05
INGRID.BANERJEE,Ingrid Banerjee,Ingrid.Banerjee@BiTermTest.com,Enabled,Read Only,No,2025-02-24,2026-07-03
FREJA.KULKARNI,Freja Kulkarni,Freja.Kulkarni@BiTermTest.com,Enabled,Standard User,No,2023-08-21,2026-07-01
QUANG.DJORDJEVIC,Quang Djordjevic,Quang.Djordjevic@BiTermTest.com,Enabled,Read Only,No,2023-08-25,2026-06-23
SBARONE,Seda Barone,Seda.Barone@BiTermTest.com,Enabled,Standard User,No,2009-11-16,2026-01-19
QASIM.AGARWAL,Qasim Agarwal,Qasim.Agarwal@BiTermTest.com,Enabled,Standard User,No,2018-09-10,2026-07-22
JANUSZ.MEIJER,Janusz Meijer,Janusz.Meijer@BiTermTest.com,Enabled,Read Only,No,2012-04-02,2026-07-10
MAITE.KOBAYASHI,Maite Kobayashi,Maite.Kobayashi@BiTermTest.com,Enabled,Standard User,No,2022-10-03,2026-07-15
IKURODA,Itzel Kuroda,Itzel.Kuroda@BiTermTest.com,Enabled,Read Only,No,2011-12-26,2026-07-14
OKSANA.MATSUDA,Oksana Matsuda,Oksana.Matsuda@BiTermTest.com,Enabled,Standard User,No,2025-08-29,2026-06-29
LAN.NYSTROM,Lan Nystrom,Lan.Nystrom@BiTermTest.com,Disabled,Standard User,No,2021-05-24,2026-07-05
BJORN.MENSAH,Bjorn Mensah,Bjorn.Mensah@BiTermTest.com,Enabled,Administrator,Yes,2022-03-28,2026-06-25
MAHMOUD.AFOLABI,Mahmoud Afolabi,Mahmoud.Afolabi@BiTermTest.com,Enabled,Standard User,No,2020-01-06,2026-07-18
UMAR.AKSOY,Umar Aksoy,Umar.Aksoy@BiTermTest.com,Enabled,Standard User,No,2022-09-06,2026-07-22
HNOVAK,Hui Novak,Hui.Novak@BiTermTest.com,Enabled,Standard User,No,2013-09-09,2026-07-31
XVISSER,Xiu Visser,Xiu.Visser@BiTermTest.com,Enabled,Standard User,No,2005-02-17,2026-07-20
MEI.CAMILLERI,Mei Camilleri,Mei.Camilleri@BiTermTest.com,Enabled,Standard User,No,2009-07-27,2026-08-02
THOLMGREN,Tenoch Holmgren,Tenoch.Holmgren@BiTermTest.com,Enabled,Standard User,No,2000-04-18,2026-07-02
PGUPTA,Petro Gupta,Petro.Gupta@BiTermTest.com,Enabled,Standard User,No,2003-03-03,2026-08-05
RRIBEIRO,Roisin Ribeiro,Roisin.Ribeiro@BiTermTest.com,Enabled,Standard User,No,2010-07-12,2026-07-23
PARVIN.KOZLOWSKI,Parvin Kozlowski,Parvin.Kozlowski@BiTermTest.com,Enabled,Standard User,No,2015-01-19,2026-08-02
MILAN.VUONG,Milan Vuong,Milan.Vuong@BiTermTest.com,Enabled,Read Only,No,2018-07-09,2026-07-25
KATTARD,Kenji Attard,Kenji.Attard@BiTermTest.com,Enabled,Standard User,No,2012-05-14,2026-07-01
PARVIN.KWON,Parvin Kwon,Parvin.Kwon@BiTermTest.com,Enabled,Standard User,No,2015-04-01,2026-07-25
SDEKKER,Sipho Dekker,Sipho.Dekker@BiTermTest.com,Enabled,Standard User,No,2007-01-15,2026-06-29
JEROEN.CAMILLERI,Jeroen Camilleri,Jeroen.Camilleri@BiTermTest.com,Enabled,Administrator,Yes,2022-09-06,2026-07-11
RASHIDA.NASSAR,Rashida Nassar,Rashida.Nassar@BiTermTest.com,Enabled,Standard User,No,2018-10-01,2026-07-25
YAN.WOZNIAK,Yan Wozniak,Yan.Wozniak@BiTermTest.com,Disabled,Standard User,No,2014-12-01,2026-07-03
TAO.KEBEDE,Tao Kebede,Tao.Kebede@BiTermTest.com,Enabled,Standard User,No,2025-07-09,2026-07-30
RCHUKWU,Rafael Chukwu,Rafael.Chukwu@BiTermTest.com,Enabled,Power User,No,2008-01-23,2026-07-24
MESPOSITO,Matteo Esposito,Matteo.Esposito@BiTermTest.com,Enabled,Standard User,No,2006-02-06,2026-08-03
MOBIORA,Maialen Obiora,Maialen.Obiora@BiTermTest.com,Enabled,Administrator,Yes,2001-08-13,2026-07-30
RAFAEL.WOJCIK,Rafael Wojcik,Rafael.Wojcik@BiTermTest.com,Disabled,Read Only,No,2019-05-28,2026-08-05
Beatriz.Balogun,Beatriz Balogun,Beatriz.Balogun@BiTermTest.com,Enabled,Read Only,No,2019-04-15,2026-06-27
AOI.KRAWCZYK,Aoi Krawczyk,Aoi.Krawczyk@BiTermTest.com,Enabled,Standard User,No,2017-09-25,2026-07-16
LAN.AMARI,Lan Amari,Lan.Amari@BiTermTest.com,Enabled,Standard User,No,2024-11-11,2026-08-01
KAVITA.AKSOY,Kavita Aksoy,Kavita.Aksoy@BiTermTest.com,Enabled,Standard User,No,2000-06-26,2026-07-05
TEODORA.IYER,Teodora Iyer,Teodora.Iyer@BiTermTest.com,Enabled,Read Only,No,2025-06-02,2026-06-28
BRAM.GALEA,Bram Galea,Bram.Galea@BiTermTest.com,Enabled,Power User,No,2021-08-16,2026-07-04
TARIQ.ZIELINSKI,Tariq Zielinski,Tariq.Zielinski@BiTermTest.com,Enabled,Standard User,No,2025-12-29,2026-01-02
FEMI.MENON,Femi Menon,Femi.Menon@BiTermTest.com,Enabled,Standard User,No,2012-07-09,2026-07-11
SOREN.SANDBERG,Soren Sandberg,Soren.Sandberg@BiTermTest.com,Enabled,Standard User,No,2020-07-27,2026-07-10
SBARONE,Suleiman Barone,Suleiman.Barone@BiTermTest.com,Enabled,Standard User,No,2009-03-17,2026-07-16
AINHOA.RAO,Ainhoa Rao,Ainhoa.Rao@BiTermTest.com,Disabled,Standard User,No,2024-02-05,2026-06-25
DRAGAN.KWON,Dragan Kwon,,Disabled,Read Only,No,2022-05-12,2024-07-13
YEVHEN.SEO,Yevhen Seo,Yevhen.Seo@BiTermTest.com,Enabled,Power User,No,2015-06-26,2026-07-22
CILLIAN.SALIBA,Cillian Saliba,Cillian.Saliba@BiTermTest.com,Enabled,Standard User,No,2017-03-06,2026-07-07
MAIALEN.OWUSU,Maialen Owusu,Maialen.Owusu@BiTermTest.com,Enabled,Standard User,No,2010-11-15,2026-07-31
QASIM.ENGSTROM,Qasim Engstrom,Qasim.Engstrom@BiTermTest.com,Enabled,Standard User,No,2010-10-01,2026-07-30
BEATRIZ.MALHOTRA,Beatriz Malhotra,Beatriz.Malhotra@BiTermTest.com,Enabled,Standard User,No,2021-06-14,2026-07-12
HAMID.KOWALSKI,Hamid Kowalski,Hamid.Kowalski@BiTermTest.com,Enabled,Standard User,No,2023-04-26,2026-07-23
HANA.TRIVEDI,Hana Trivedi,Hana.Trivedi@BiTermTest.com,Enabled,Standard User,No,2022-09-19,2026-07-21
LOTTE.MEIJER,Lotte Meijer,Lotte.Meijer@BiTermTest.com,Enabled,Standard User,No,2015-01-01,2026-07-10
LORENZO.GUPTA,Lorenzo Gupta,Lorenzo.Gupta@BiTermTest.com,Enabled,Standard User,No,2015-01-01,2026-08-04
SIGRID.AKSOY,Sigrid Aksoy,Sigrid.Aksoy@BiTermTest.com,Enabled,Standard User,No,2022-12-09,2026-07-01
VASIL.ASANTE,Vasil Asante,Vasil.Asante@BiTermTest.com,Enabled,Read Only,No,2012-09-10,2026-07-24
SOREN.BARAKA,Soren Baraka,Soren.Baraka@BiTermTest.com,Enabled,Standard User,No,2020-09-14,2026-06-22
XIMENA.DEMIR,Ximena Demir,Ximena.Demir@BiTermTest.com,Enabled,Standard User,No,2026-02-27,2026-07-08
SBARAKA,Soren Baraka,Soren.Baraka@BiTermTest.com,Enabled,Standard User,No,2012-05-07,2026-07-01
HARUTO.BOATENG,Haruto Boateng,Haruto.Boateng@BiTermTest.com,Enabled,Power User,No,2020-01-06,2026-06-25
IZARO.SOWANDE,Izaro Sowande,Izaro.Sowande@BiTermTest.com,Enabled,Standard User,No,2023-07-31,2026-07-25
PADRAIG.MEHTA,Padraig Mehta,Padraig.Mehta@BiTermTest.com,Enabled,Standard User,No,2016-05-16,2026-07-29
SIPHO.VOLKOV,Sipho Volkov,Sipho.Volkov@BiTermTest.com,Enabled,Standard User,No,2016-10-03,2026-07-12
ROISIN.RIBEIRO,Roisin Ribeiro,Roisin.Ribeiro@BiTermTest.com,Enabled,Standard User,No,2026-03-12,2026-07-29
SSAKAMOTO,Sipho Sakamoto,Sipho.Sakamoto@BiTermTest.com,Enabled,Read Only,No,2004-04-01,2026-07-16
YEVHEN.BHATTACHARYA,Yevhen Bhattacharya,Yevhen.Bhattacharya@BiTermTest.com,Enabled,Standard User,No,2018-11-26,2026-07-24
MBALOGUN,Minh Balogun,Minh.Balogun@BiTermTest.com,Enabled,Standard User,No,2010-01-04,2026-07-06
MINHO.DESAI,Minho Desai,Minho.Desai@BiTermTest.com,Enabled,Standard User,No,2009-07-27,2026-06-30
MLINDQVIST,Mei Lindqvist,Mei.Lindqvist@BiTermTest.com,Enabled,Standard User,No,2005-11-21,2026-07-31
UNASSAR,Unai Nassar,Unai.Nassar@BiTermTest.com,Enabled,Standard User,No,2010-09-20,2026-07-31
JOVANA.BABIC,Jovana Babic,Jovana.Babic@BiTermTest.com,Enabled,Standard User,No,2023-06-12,2026-07-28
ITZEL.GALEA,Itzel Galea,Itzel.Galea@BiTermTest.com,Enabled,Read Only,No,2018-04-30,2026-06-30
KAMAL.KAYA,Kamal Kaya,Kamal.Kaya@BiTermTest.com,Enabled,Standard User,No,2022-03-21,2026-07-23
DALIA.NOVAK,Dalia Novak,Dalia.Novak@BiTermTest.com,Enabled,Power User,No,2022-02-14,2026-07-08
NAOKO.ATTARD,Naoko Attard,Naoko.Attard@BiTermTest.com,Enabled,Administrator,Yes,2015-10-19,2026-06-27
RKAYA,Ravi Kaya,Ravi.Kaya@BiTermTest.com,Disabled,Standard User,No,2025-05-11,2026-07-30
KAMAL.MULDER,Kamal Mulder,Kamal.Mulder@BiTermTest.com,Disabled,Standard User,No,2022-02-01,2026-06-24
MAHMOUD.NAKAMURA,Mahmoud Nakamura,Mahmoud.Nakamura@BiTermTest.com,Enabled,Standard User,No,2023-06-19,2026-06-29
JISOO.RAO,Jisoo Rao,Jisoo.Rao@BiTermTest.com,Enabled,Standard User,No,2025-05-13,2026-08-04
PARVIN.AXELSSON,Parvin Axelsson,Parvin.Axelsson@BiTermTest.com,Enabled,Standard User,No,2025-12-29,2026-07-31
HUONG.OWUSU,Huong Owusu,Huong.Owusu@BiTermTest.com,Enabled,Standard User,No,2017-12-04,2026-07-25
AOIFE.VOSBERG,Aoife Vosberg,Aoife.Vosberg@BiTermTest.com,Enabled,Standard User,No,2023-09-05,2026-07-16
LALEH.BARBOSA,Laleh Barbosa,Laleh.Barbosa@BiTermTest.com,Enabled,Standard User,No,2004-04-02,2026-08-04
DTRAORE,Duc Traore,Duc.Traore@BiTermTest.com,Enabled,Standard User,No,1998-05-05,2026-06-27
CAMILA.EZEANI,Camila Ezeani,Camila.Ezeani@BiTermTest.com,Enabled,Read Only,No,2018-04-30,2026-08-01
Jisoo.Kaminski,Jisoo Kaminski,Jisoo.Kaminski@BiTermTest.com,Enabled,Power User,No,2022-05-02,2026-06-30
MAITE.GALEA,Maite Galea,Maite.Galea@BiTermTest.com,Enabled,Administrator,Yes,2018-02-26,2026-07-02
JKURODA,Jeroen Kuroda,Jeroen.Kuroda@BiTermTest.com,Disabled,Standard User,No,1995-04-01,2026-06-26
LAN.VOSBERG,Lan Vosberg,Lan.Vosberg@BiTermTest.com,Enabled,Standard User,No,2023-09-05,2026-07-21
CHIDI.VISSER,Chidi Visser,Chidi.Visser@BiTermTest.com,Enabled,Standard User,No,2002-07-24,2026-07-13
ELIF.HADDAD,Elif Haddad,Elif.Haddad@BiTermTest.com,Enabled,Administrator,Yes,2019-04-29,2026-07-22
LGRECO,Lan Greco,Lan.Greco@BiTermTest.com,Enabled,Standard User,No,2002-04-22,2026-07-17
SIOBHAN.ORLOV,Siobhan Orlov,Siobhan.Orlov@BiTermTest.com,Enabled,Standard User,No,2015-11-16,2026-07-01
XIU.FERRARI,Xiu Ferrari,Xiu.Ferrari@BiTermTest.com,Enabled,Administrator,Yes,2015-05-18,2026-07-12
THIAGO.BARAKA,Thiago Baraka,Thiago.Baraka@BiTermTest.com,Enabled,Power User,No,2023-08-25,2026-03-25
HESPOSITO,Hui Esposito,Hui.Esposito@BiTermTest.com,Enabled,Read Only,No,2005-03-07,2026-06-24
TARIQ.TRUONG,Tariq Truong,Tariq.Truong@BiTermTest.com,Enabled,Standard User,No,2015-01-01,2026-07-15
HNDIAYE,Hui Ndiaye,Hui.Ndiaye@BiTermTest.com,Enabled,Read Only,No,2017-09-18,2026-07-10
DAAN.KOVAC,Daan Kovac,Daan.Kovac@BiTermTest.com,Enabled,Standard User,No,2019-05-20,2026-06-29
WILLEM.MARKOVIC,Willem Markovic,Willem.Markovic@BiTermTest.com,Enabled,Standard User,No,2025-02-11,2026-08-03
SADEYEMI,Seda Adeyemi,Seda.Adeyemi@BiTermTest.com,Enabled,Standard User,No,2012-07-30,2026-07-11
MATTEO.OLIVEIRA,Matteo Oliveira,Matteo.Oliveira@BiTermTest.com,Enabled,Standard User,No,2023-04-03,2026-07-21
OKSANA.TRAORE,Oksana Traore,Oksana.Traore@BiTermTest.com,Enabled,Standard User,No,2022-07-11,2026-08-02
FSTOJANOVIC,Femi Stojanovic,Femi.Stojanovic@BiTermTest.com,Enabled,Standard User,No,2006-10-09,2026-07-18
YARETZI.NOVAK,Yaretzi Novak,Yaretzi.Novak@BiTermTest.com,Enabled,Standard User,No,2016-02-01,2026-07-22
RDESAI,Rashida Desai,Rashida.Desai@BiTermTest.com,Enabled,Standard User,No,2011-12-19,2026-07-06
DALIA.MORETTI,Dalia Moretti,Dalia.Moretti@BiTermTest.com,Enabled,Standard User,No,2019-09-23,2026-08-03
ROHAN.CAMARA,Rohan Camara,,Enabled,Read Only,No,2023-02-21,2025-05-25
SBARONE,Suleiman Barone,Suleiman.Barone@BiTermTest.com,Enabled,Standard User,No,2010-05-28,2026-07-16
LAN.IVANOV,Lan Ivanov,Lan.Ivanov@BiTermTest.com,Enabled,Standard User,No,2025-05-21,2026-07-29
JOVANA.MENON,Jovana Menon,Jovana.Menon@BiTermTest.com,Enabled,Standard User,No,2014-06-09,2026-07-16
XOCHITL.REDDY,Xochitl Reddy,Xochitl.Reddy@BiTermTest.com,Enabled,Standard User,No,2019-08-12,2026-07-08
RAFAEL.ESPOSITO,Rafael Esposito,Rafael.Esposito@BiTermTest.com,Enabled,Standard User,No,2015-11-02,2026-06-24
RENATA.ROSSI,Renata Rossi,Renata.Rossi@BiTermTest.com,Enabled,Read Only,No,2025-02-06,2026-06-24
BASIM.UCHIDA,Basim Uchida,Basim.Uchida@BiTermTest.com,Enabled,Standard User,No,2023-02-27,2026-08-02
VANDANA.GRABOWSKI,Vandana Grabowski,Vandana.Grabowski@BiTermTest.com,Enabled,Standard User,No,2020-10-26,2026-06-22
KATYA.CAMARA,Katya Camara,Katya.Camara@BiTermTest.com,Enabled,Standard User,No,2015-01-01,2026-07-04
RBEKELE,Rashida Bekele,Rashida.Bekele@BiTermTest.com,Enabled,Read Only,No,2005-11-08,2026-07-19
YASMIN.ESPOSITO,Yasmin Esposito,Yasmin.Esposito@BiTermTest.com,Disabled,Read Only,No,2021-06-30,2026-07-17
INES.CHUKWU,Ines Chukwu,ines.chukwu@bitermtest.com,Enabled,Standard User,No,2022-12-22,2024-10-29
UNOVIKOV,Umar Novikov,Umar.Novikov@BiTermTest.com,Enabled,Standard User,No,2006-03-01,2026-06-23
VALENTINA.LEWANDOWSKI,Valentina Lewandowski,Valentina.Lewandowski@BiTermTest.com,Enabled,Power User,No,2025-04-25,2026-07-19
SANNE.CONTI,Sanne Conti,Sanne.Conti@BiTermTest.com,Enabled,Standard User,No,2012-09-10,2026-06-23
Suleiman.Kirigaya,Suleiman Kirigaya,Suleiman.Kirigaya@BiTermTest.com,Disabled,Administrator,Yes,2017-04-10,2026-07-01
BEATRIZ.TESFAYE,Beatriz Tesfaye,Beatriz.Tesfaye@BiTermTest.com,Enabled,Standard User,No,2015-01-01,2026-07-31
CILLIAN.JANKOWSKI,Cillian Jankowski,Cillian.Jankowski@BiTermTest.com,Enabled,Standard User,No,2025-08-18,2026-07-23
QMULDER,Quang Mulder,Quang.Mulder@BiTermTest.com,Enabled,Standard User,No,2010-02-05,2026-06-28
ODEMIR,Odemir,,Enabled,Standard User,No,2022-09-02,2025-01-22
BVOLKOV,Bao Volkov,Bao.Volkov@BiTermTest.com,Enabled,Read Only,No,1995-01-30,2026-06-25
ELIF.HADDAD,Elif Haddad,Elif.Haddad@BiTermTest.com,Enabled,Administrator,Yes,2019-11-25,2026-07-22
YUSUF.FEDOROV,Yusuf Fedorov,Yusuf.Fedorov@BiTermTest.com,Enabled,Power User,No,2023-08-22,2026-08-01
SIPHO.NYSTROM,Sipho Nystrom,Sipho.Nystrom@BiTermTest.com,Enabled,Read Only,No,2022-11-01,2026-07-05
SULEIMAN.BANERJEE,Suleiman Banerjee,Suleiman.Banerjee@BiTermTest.com,Enabled,Standard User,No,2025-07-25,2026-07-08
HEZEANI,Henryk Ezeani,Henryk.Ezeani@BiTermTest.com,Enabled,Standard User,No,2012-11-02,2026-07-24
NAYELI.JOVANOVIC,Nayeli Jovanovic,Nayeli.Jovanovic@BiTermTest.com,Enabled,Administrator,Yes,2022-06-06,2026-06-28
BPHAM,Bianca Pham,Bianca.Pham@BiTermTest.com,Enabled,Read Only,No,2011-06-13,2026-06-28
AOWUSU,Amaia Owusu,Amaia.Owusu@BiTermTest.com,Enabled,Standard User,No,2004-06-29,2026-07-02
INES.MALHOTRA,Ines Malhotra,Ines.Malhotra@BiTermTest.com,Enabled,Standard User,No,2008-03-31,2026-07-03
ZAHRA.DEVRIES,Zahra Devries,Zahra.Devries@BiTermTest.com,Enabled,Standard User,No,2010-06-14,2026-06-27
LARS.CAMILLERI,Lars Camilleri,Lars.Camilleri@BiTermTest.com,Enabled,Standard User,No,2021-11-22,2026-07-24
MATTEO.JANKOWSKI,Matteo Jankowski,Matteo.Jankowski@BiTermTest.com,Enabled,Standard User,No,2014-01-13,2026-06-30
RAVI.ZAMMIT,Ravi Zammit,Ravi.Zammit@BiTermTest.com,Enabled,Read Only,No,2012-06-12,2026-07-23
CAMILA.OLIVEIRA,Camila Oliveira,Camila.Oliveira@BiTermTest.com,Disabled,Standard User,No,2025-07-25,2026-07-02
MINH.LEWANDOWSKI,Minh Lewandowski,Minh.Lewandowski@BiTermTest.com,Enabled,Standard User,No,2021-04-05,2026-06-26
QASIM.GUPTA,Qasim Gupta,Qasim.Gupta@BiTermTest.com,Enabled,Standard User,No,2011-01-31,2026-07-11
CEM.REDDY,Cem Reddy,Cem.Reddy@BiTermTest.com,Enabled,Standard User,No,2019-06-10,2026-07-01
MATEO.SEO,Mateo Seo,Mateo.Seo@BiTermTest.com,Enabled,Administrator,Yes,2025-03-10,2026-07-12
ZOFIA.DELUCA,Zofia Deluca,Zofia.Deluca@BiTermTest.com,Enabled,Standard User,No,2015-01-01,2026-08-05
XFEDOROV,Xiu Fedorov,Xiu.Fedorov@BiTermTest.com,Enabled,Standard User,No,2011-10-31,2026-07-19
JOVANA.FERRARI,Jovana Ferrari,Jovana.Ferrari@BiTermTest.com,Enabled,Standard User,No,2023-01-30,2026-06-24
SANNE.JOVANOVIC,Sanne Jovanovic,Sanne.Jovanovic@BiTermTest.com,Enabled,Standard User,No,2024-01-03,2026-07-11
MATEO.BANERJEE,Mateo Banerjee,Mateo.Banerjee@BiTermTest.com,Enabled,Standard User,No,2011-04-04,2026-07-10
MILAN.PIOTROWSKI,Milan Piotrowski,Milan.Piotrowski@BiTermTest.com,Enabled,Read Only,No,2010-03-16,2026-07-30
LARS.SAKAMOTO,Lars Sakamoto,Lars.Sakamoto@BiTermTest.com,Enabled,Standard User,No,2023-06-12,2026-06-30
SULEIMAN.BANERJEE,Suleiman Banerjee,,Enabled,Standard User,No,2023-10-24,2024-04-09
RENATA.UCHIDA,Renata Uchida,Renata.Uchida@BiTermTest.com,Enabled,Standard User,No,2015-01-01,2026-07-12
CEM.TRUONG,Cem Truong,Cem.Truong@BiTermTest.com,Disabled,Standard User,No,2017-04-24,2026-06-23
IKER.MOROZOV,Iker Morozov,Iker.Morozov@BiTermTest.com,Enabled,Read Only,No,2019-04-08,2026-07-16
BASIM.JEONG,Basim Jeong,Basim.Jeong@BiTermTest.com,Enabled,Read Only,No,2025-01-03,2026-07-17
BRAM.SOKOLOV,Bram Sokolov,bram.sokolov@bitermtest.com,Enabled,Service Account,Yes,2023-02-04,2026-07-02
RFONSECA,Renata Fonseca,Renata.Fonseca@BiTermTest.com,Enabled,Standard User,No,2002-09-09,2026-08-03
YEVHEN.EZEANI,Yevhen Ezeani,Yevhen.Ezeani@BiTermTest.com,Disabled,Standard User,No,2016-12-19,2026-06-25
NDESAI,Naledi Desai,Naledi.Desai@BiTermTest.com,Enabled,Power User,No,2011-12-05,2026-06-22
AINHOA.ALMEIDA,Ainhoa Almeida,Ainhoa.Almeida@BiTermTest.com,Enabled,Standard User,No,2016-04-04,2026-07-04
EMULDER,Eshan Mulder,Eshan.Mulder@BiTermTest.com,Enabled,Read Only,No,2004-12-13,2026-08-01
ANAHI.CONTI,Anahi Conti,Anahi.Conti@BiTermTest.com,Enabled,Standard User,No,2015-03-24,2026-07-07
THABO.KEITA,Thabo Keita,Thabo.Keita@BiTermTest.com,Enabled,Standard User,No,2022-01-31,2026-07-16
VOLKAN.LEMMA,Volkan Lemma,Volkan.Lemma@BiTermTest.com,Enabled,Standard User,No,2025-08-11,2026-07-16
SULEIMAN.IVANOV,Suleiman Ivanov,Suleiman.Ivanov@BiTermTest.com,Enabled,Standard User,No,2021-03-16,2026-07-20
SATTARD,Sanne Attard,Sanne.Attard@BiTermTest.com,Enabled,Read Only,No,1991-12-05,2026-07-14
ITZEL.MALHOTRA,Itzel Malhotra,Itzel.Malhotra@BiTermTest.com,Enabled,Standard User,No,2015-05-26,2026-07-30
JISOO.ALMEIDA,Jisoo Almeida,Jisoo.Almeida@BiTermTest.com,Enabled,Read Only,No,2022-08-15,2026-07-05
HUONG.REDDY,Huong Reddy,Huong.Reddy@BiTermTest.com,Enabled,Standard User,No,2023-08-01,2026-07-15
RKOWALSKI,Roisin Kowalski,Roisin.Kowalski@BiTermTest.com,Enabled,Standard User,No,2013-01-21,2026-07-16
NIAMH.MENSAH,Niamh Mensah,Niamh.Mensah@BiTermTest.com,Enabled,Standard User,No,2021-04-12,2026-07-28
YARETZI.STOJANOVIC,Yaretzi Stojanovic,Yaretzi.Stojanovic@BiTermTest.com,Enabled,Standard User,No,2015-01-19,2026-07-22
MHOLMGREN,Mikkel Holmgren,Mikkel.Holmgren@BiTermTest.com,Enabled,Standard User,No,2009-05-18,2026-07-10
XOCHITL.KOCAK,Xochitl Kocak,Xochitl.Kocak@BiTermTest.com,Enabled,Standard User,No,2025-08-25,2026-06-28
AMAIA.YILMAZ,Amaia Yilmaz,Amaia.Yilmaz@BiTermTest.com,Enabled,Standard User,No,2026-01-05,2026-07-25
LUCIA.HOANG,Lucia Hoang,Lucia.Hoang@BiTermTest.com,Enabled,Power User,No,2022-07-18,2026-07-22
CTRAORE,Citlali Traore,Citlali.Traore@BiTermTest.com,Enabled,Standard User,No,1994-06-13,2026-07-28
ITZEL.PIOTROWSKI,Itzel Piotrowski,Itzel.Piotrowski@BiTermTest.com,Enabled,Standard User,No,2017-08-21,2026-07-10
ANIKA.HWANG,Anika Hwang,,Enabled,Service Account,Yes,2023-03-07,2024-03-06
WCHATTERJEE,Willem Chatterjee,Willem.Chatterjee@BiTermTest.com,Disabled,Power User,No,2007-10-22,2026-08-05
TJANKOWSKI,Teodora Jankowski,Teodora.Jankowski@BiTermTest.com,Enabled,Standard User,No,2009-12-07,2026-07-28
CUAUHTEMOC.AXELSSON,Cuauhtemoc Axelsson,Cuauhtemoc.Axelsson@BiTermTest.com,Enabled,Standard User,No,2020-11-30,2026-06-29
KAVITA.BARAKA,Kavita Baraka,Kavita.Baraka@BiTermTest.com,Enabled,Standard User,No,2017-05-01,2026-08-02
KAMAL.HOSHINO,Kamal Hoshino,Kamal.Hoshino@BiTermTest.com,Enabled,Standard User,No,2019-11-04,2026-07-27
SULEIMAN.GALLO,Suleiman Gallo,Suleiman.Gallo@BiTermTest.com,Enabled,Standard User,No,2015-01-01,2026-07-22
DALIA.NOVIKOV,Dalia Novikov,Dalia.Novikov@BiTermTest.com,Enabled,Standard User,No,2025-07-14,2026-07-13
MEI.OZTURK,Mei Ozturk,Mei.Ozturk@BiTermTest.com,Enabled,Power User,No,2023-04-24,2026-07-14
JING.HOANG,Jing Hoang,Jing.Hoang@BiTermTest.com,Enabled,Standard User,No,2019-08-19,2026-06-26
FIRUZA.MULDER,Firuza Mulder,Firuza.Mulder@BiTermTest.com,Enabled,Standard User,No,2022-08-22,2026-06-24
NNASSAR,Naledi Nassar,Naledi.Nassar@BiTermTest.com,Enabled,Standard User,No,2013-06-03,2026-07-10
AOI.ASLAN,Aoi Aslan,Aoi.Aslan@BiTermTest.com,Enabled,Standard User,No,2019-08-05,2026-06-23
ZAHRA.NIKOLIC,Zahra Nikolic,Zahra.Nikolic@BiTermTest.com,Enabled,Standard User,No,2024-06-03,2026-07-10
TENOCH.ABEBE,Tenoch Abebe,Tenoch.Abebe@BiTermTest.com,Enabled,Administrator,Yes,2022-11-14,2026-07-20
TOMASZ.CAMILLERI,Tomasz Camilleri,Tomasz.Camilleri@BiTermTest.com,Enabled,Standard User,No,2025-06-13,2026-07-23
WILLEM.VELLA,Willem Vella,Willem.Vella@BiTermTest.com,Disabled,Power User,No,2010-08-09,2026-06-27
FEMKE.KEITA,Femke Keita,Femke.Keita@BiTermTest.com,Enabled,Standard User,No,2020-06-22,2026-07-18
JMAZUR,Janusz Mazur,Janusz.Mazur@BiTermTest.com,Enabled,Standard User,No,2013-07-15,2026-07-06
ELIF.KURODA,Elif Kuroda,Elif.Kuroda@BiTermTest.com,Enabled,Standard User,No,2023-08-25,2026-07-09
VLAI,Valentina Lai,Valentina.Lai@BiTermTest.com,Enabled,Standard User,No,2002-02-04,2026-06-27
MIKKEL.SAHIN,Mikkel Sahin,Mikkel.Sahin@BiTermTest.com,Enabled,Standard User,No,2014-11-24,2026-06-22
UAKSOY,Umar Aksoy,Umar.Aksoy@BiTermTest.com,Disabled,Standard User,No,2012-05-29,2026-07-26
VOLKAN.AXELSSON,Volkan Axelsson,Volkan.Axelsson@BiTermTest.com,Enabled,Standard User,No,2021-07-06,2026-07-06
KAMAL.ROSSI,Kamal Rossi,Kamal.Rossi@BiTermTest.com,Enabled,Standard User,No,2014-09-22,2026-06-26
DNAKAMURA,Diego Nakamura,Diego.Nakamura@BiTermTest.com,Enabled,Standard User,No,2004-12-06,2026-07-09
LORENZO.DESHPANDE,Lorenzo Deshpande,Lorenzo.Deshpande@BiTermTest.com,Enabled,Administrator,Yes,2025-12-26,2026-07-19
PADRAIG.DJORDJEVIC,Padraig Djordjevic,Padraig.Djordjevic@BiTermTest.com,Enabled,Read Only,No,2015-05-18,2026-06-23
MEERA.MICALLEF,Meera Micallef,Meera.Micallef@BiTermTest.com,Enabled,Power User,No,2015-10-05,2026-07-27
INGRID.DJORDJEVIC,Ingrid Djordjevic,Ingrid.Djordjevic@BiTermTest.com,Enabled,Read Only,No,2024-04-29,2026-07-12
LEILA.JEONG,Leila Jeong,Leila.Jeong@BiTermTest.com,Enabled,Standard User,No,2020-03-02,2026-07-03
XIU.CARVALHO,Xiu Carvalho,Xiu.Carvalho@BiTermTest.com,Enabled,Read Only,No,2005-12-26,2026-07-24
YAKSOY,Yuki Aksoy,Yuki.Aksoy@BiTermTest.com,Enabled,Standard User,No,2007-03-01,2026-07-21
PARVIN.DAHLBERG,Parvin Dahlberg,Parvin.Dahlberg@BiTermTest.com,Enabled,Standard User,No,1998-09-08,2026-08-03
ARJUN.SAXENA,Arjun Saxena,Arjun.Saxena@BiTermTest.com,Enabled,Power User,No,2016-11-14,2026-08-02
CKIRIGAYA,Chidi Kirigaya,Chidi.Kirigaya@BiTermTest.com,Enabled,Standard User,No,1995-07-01,2026-07-18
LORENZO.OBIORA,Lorenzo Obiora,Lorenzo.Obiora@BiTermTest.com,Enabled,Administrator,Yes,2023-02-02,2026-07-31
XIOMARA.FARRUGIA,Xiomara Farrugia,Xiomara.Farrugia@BiTermTest.com,Enabled,Standard User,No,2024-06-03,2026-06-24
VANDANA.KULKARNI,Vandana Kulkarni,Vandana.Kulkarni@BiTermTest.com,Disabled,Standard User,No,2005-02-23,2026-06-26
MINH.SAKAMOTO,Minh Sakamoto,Minh.Sakamoto@BiTermTest.com,Enabled,Read Only,No,2025-07-29,2026-07-21
CHIDI.KIRIGAYA,Chidi Kirigaya,Chidi.Kirigaya@BiTermTest.com,Enabled,Standard User,No,2016-12-12,2026-07-06
THABO.NOVIKOV,Thabo Novikov,Thabo.Novikov@BiTermTest.com,Enabled,Read Only,No,2019-04-15,2026-06-29
NIAMH.FOFANA,Niamh Fofana,Niamh.Fofana@BiTermTest.com,Enabled,Standard User,No,2025-06-10,2026-07-30
THAO.GALLO,Thao Gallo,Thao.Gallo@BiTermTest.com,Enabled,Standard User,No,2022-07-06,2026-07-01
ZOFIA.BABIC,Zofia Babic,Zofia.Babic@BiTermTest.com,Enabled,Standard User,No,2023-07-31,2026-07-23
AMAIA.HENDRIKS,Amaia Hendriks,Amaia.Hendriks@BiTermTest.com,Disabled,Administrator,Yes,2021-10-25,2026-06-22
YUSUF.CARDOSO,Yusuf Cardoso,Yusuf.Cardoso@BiTermTest.com,Enabled,Standard User,No,2024-10-16,2026-07-27
HARUTO.YOON,Haruto Yoon,Haruto.Yoon@BiTermTest.com,Enabled,Standard User,No,2022-03-09,2026-07-02
RASHIDA.BEKELE,Rashida Bekele,Rashida.Bekele@BiTermTest.com,Enabled,Standard User,No,2023-10-16,2026-07-28
NEREA.KAMINSKI,Nerea Kaminski,Nerea.Kaminski@BiTermTest.com,Enabled,Standard User,No,2011-02-16,2026-08-04
FERNANDA.DESAI,Fernanda Desai,Fernanda.Desai@BiTermTest.com,Disabled,Standard User,No,2025-07-28,2026-07-07
AFOFANA,Astrid Fofana,Astrid.Fofana@BiTermTest.com,Enabled,Standard User,No,2011-02-28,2026-08-01
WLINDQVIST,Willem Lindqvist,Willem.Lindqvist@BiTermTest.com,Enabled,Power User,No,1994-10-03,2026-07-25
LRAHAL,Lorenzo Rahal,Lorenzo.Rahal@BiTermTest.com,Enabled,Standard User,No,2003-07-11,2026-08-05
THAO.NWOSU,Thao Nwosu,Thao.Nwosu@BiTermTest.com,Enabled,Standard User,No,2015-10-05,2026-07-23
KZIELINSKI,Kenji Zielinski,Kenji.Zielinski@BiTermTest.com,Enabled,Standard User,No,1995-04-17,2026-07-26
NBARAKA,Ngozi Baraka,Ngozi.Baraka@BiTermTest.com,Enabled,Read Only,No,2000-12-22,2026-07-10
CDOGAN,Citlali Dogan,Citlali.Dogan@BiTermTest.com,Enabled,Read Only,No,2007-06-04,2026-07-05
SIGRID.NDIAYE,Sigrid Ndiaye,Sigrid.Ndiaye@BiTermTest.com,Enabled,Standard User,No,2025-12-26,2026-08-04
JPOLAT,Jelani Polat,Jelani.Polat@BiTermTest.com,Enabled,Standard User,No,2008-10-06,2026-07-10
XIU.LUNDGREN,Xiu Lundgren,Xiu.Lundgren@BiTermTest.com,Enabled,Standard User,No,2005-04-04,2026-08-04
LUCIA.DUONG,Lucia Duong,Lucia.Duong@BiTermTest.com,Enabled,Standard User,No,2022-03-07,2026-07-07
DENIZ.REDDY,Deniz Reddy,Deniz.Reddy@BiTermTest.com,Enabled,Standard User,No,2019-08-19,2026-06-24
SIYER,Siyer,,Disabled,Standard User,No,2023-03-14,2024-03-06
IPIOTROWSKI,Imani Piotrowski,Imani.Piotrowski@BiTermTest.com,Enabled,Administrator,Yes,2010-11-29,2026-06-22
BASIM.MIFSUD,Basim Mifsud,Basim.Mifsud@BiTermTest.com,Enabled,Administrator,Yes,2015-01-01,2026-06-25
MAHMOUD.BAE,Mahmoud Bae,Mahmoud.Bae@BiTermTest.com,Enabled,Standard User,No,2017-04-10,2026-06-24
PNOVAK,Piotr Novak,Piotr.Novak@BiTermTest.com,Enabled,Standard User,No,2010-05-17,2026-07-08
RAFAEL.WORKU,Rafael Worku,Rafael.Worku@BiTermTest.com,Enabled,Standard User,No,2025-05-15,2026-08-01
BEATRIZ.SAHIN,Beatriz Sahin,Beatriz.Sahin@BiTermTest.com,Enabled,Standard User,No,2015-01-01,2026-06-28
YUSUF.SALIBA,Yusuf Saliba,yusuf.saliba@bitermtest.com,Enabled,Service Account,Yes,2022-03-16,2024-06-02
ADAEZE.DESHPANDE,Adaeze Deshpande,Adaeze.Deshpande@BiTermTest.com,Enabled,Standard User,No,2022-05-02,2026-07-09
GITA.MEIJER,Gita Meijer,Gita.Meijer@BiTermTest.com,Enabled,Read Only,No,2019-09-09,2026-07-14
REN.PILLAI,Ren Pillai,Ren.Pillai@BiTermTest.com,Enabled,Standard User,No,2025-05-15,2026-07-12
LZAMMIT,Lzammit,,Enabled,Read Only,No,2022-03-15,2026-04-04
BIANCA.MALHOTRA,Bianca Malhotra,Bianca.Malhotra@BiTermTest.com,Enabled,Standard User,No,2023-06-27,2026-07-04
KATYA.HORVAT,Katya Horvat,Katya.Horvat@BiTermTest.com,Enabled,Power User,No,2021-09-08,2026-07-28
SOREN.KAYA,Soren Kaya,Soren.Kaya@BiTermTest.com,Enabled,Standard User,No,2015-01-01,2026-06-25
SIOBHAN.KOZLOWSKI,Siobhan Kozlowski,Siobhan.Kozlowski@BiTermTest.com,Enabled,Read Only,No,2026-01-14,2026-06-24
RAFAEL.FONSECA,Rafael Fonseca,Rafael.Fonseca@BiTermTest.com,Enabled,Standard User,No,2025-07-25,2026-07-18
YARETZI.BORG,Yaretzi Borg,Yaretzi.Borg@BiTermTest.com,Enabled,Administrator,Yes,2007-08-30,2026-07-06
HAMID.EZEANI,Hamid Ezeani,Hamid.Ezeani@BiTermTest.com,Enabled,Standard User,No,2021-07-19,2026-07-05
ESHAN.JEONG,Eshan Jeong,Eshan.Jeong@BiTermTest.com,Enabled,Standard User,No,2021-01-04,2026-06-24
ELIF.DAHLBERG,Elif Dahlberg,Elif.Dahlberg@BiTermTest.com,Enabled,Standard User,No,2016-12-12,2026-07-07
INES.VOSBERG,Ines Vosberg,Ines.Vosberg@BiTermTest.com,Enabled,Power User,No,2010-05-26,2026-07-03
OMAR.VANDENBERG,Omar Vandenberg,Omar.Vandenberg@BiTermTest.com,Enabled,Standard User,No,2025-08-25,2026-06-27
ESHAN.ISHIKAWA,Eshan Ishikawa,Eshan.Ishikawa@BiTermTest.com,Enabled,Standard User,No,2012-07-25,2026-07-08
VANDANA.GRABOWSKI,Vandana Grabowski,Vandana.Grabowski@BiTermTest.com,Enabled,Standard User,No,2015-02-09,2026-06-22
UMAR.AKSOY,Umar Aksoy,Umar.Aksoy@BiTermTest.com,Enabled,Standard User,No,2022-11-28,2026-07-22
Tariq.Borg,Tariq Borg,Tariq.Borg@BiTermTest.com,Enabled,Read Only,No,2016-08-22,2026-06-27
Meera.Marino,Meera Marino,Meera.Marino@BiTermTest.com,Enabled,Read Only,No,2025-05-15,2026-07-11
MING.OKONKWO,Ming Okonkwo,Ming.Okonkwo@BiTermTest.com,Enabled,Standard User,No,2019-08-26,2026-06-24
LORENZO.MICALLEF,Lorenzo Micallef,Lorenzo.Micallef@BiTermTest.com,Disabled,Standard User,No,2012-02-08,2026-07-25
SULEIMAN.NASSAR,Suleiman Nassar,Suleiman.Nassar@BiTermTest.com,Enabled,Standard User,No,2023-07-02,2026-06-29
XIMENA.CASSAR,Ximena Cassar,Ximena.Cassar@BiTermTest.com,Enabled,Read Only,No,2019-02-19,2026-07-04
SAKURA.GHANEM,Sakura Ghanem,Sakura.Ghanem@BiTermTest.com,Enabled,Standard User,No,2024-05-13,2026-07-17
TKEBEDE,Tao Kebede,Tao.Kebede@BiTermTest.com,Enabled,Standard User,No,2011-05-16,2026-07-01
THABO.KEITA,Thabo Keita,Thabo.Keita@BiTermTest.com,Enabled,Standard User,No,2005-12-01,2026-07-16
MEERA.ROSSI,Meera Rossi,Meera.Rossi@BiTermTest.com,Enabled,Read Only,No,2019-09-03,2026-07-19
ACHUKWU,Achukwu,achukwu@bitermtest.com,Enabled,Standard User,No,2022-10-13,2025-02-21
IKER.MOROZOV,Iker Morozov,Iker.Morozov@BiTermTest.com,Enabled,Read Only,No,2010-08-30,2026-07-16
LUCIA.BUI,Lucia Bui,Lucia.Bui@BiTermTest.com,Enabled,Administrator,Yes,2010-02-26,2026-07-14
HUONG.LUNDGREN,Huong Lundgren,huong.lundgren@bitermtest.com,Enabled,Service Account,Yes,2023-10-14,2025-08-30
JOVANA.MENSAH,Jovana Mensah,Jovana.Mensah@BiTermTest.com,Enabled,Standard User,No,2022-06-29,2026-07-25
VOLKAN.EZEANI,Volkan Ezeani,Volkan.Ezeani@BiTermTest.com,Enabled,Standard User,No,2014-03-03,2026-07-29
TAHIRA.SAKAMOTO,Tahira Sakamoto,Tahira.Sakamoto@BiTermTest.com,Enabled,Standard User,No,2025-12-29,2026-08-05
CEM.SOWANDE,Cem Sowande,Cem.Sowande@BiTermTest.com,Disabled,Administrator,Yes,2024-12-09,2026-07-29
AMARA.GRECH,Amara Grech,Amara.Grech@BiTermTest.com,Enabled,Standard User,No,2017-02-27,2026-07-16
AOI.IVANOV,Aoi Ivanov,Aoi.Ivanov@BiTermTest.com,Enabled,Standard User,No,2023-07-12,2026-07-03
QUANG.FERREIRA,Quang Ferreira,Quang.Ferreira@BiTermTest.com,Enabled,Standard User,No,2025-05-15,2026-07-09
FEMKE.SALIBA,Femke Saliba,Femke.Saliba@BiTermTest.com,Enabled,Standard User,No,2009-08-31,2026-07-17
AGNIESZKA.REDDY,Agnieszka Reddy,Agnieszka.Reddy@BiTermTest.com,Enabled,Standard User,No,2022-05-16,2026-07-15
CEM.PIOTROWSKI,Cem Piotrowski,Cem.Piotrowski@BiTermTest.com,Enabled,Standard User,No,2015-01-01,2026-07-24
JEROEN.KURODA,Jeroen Kuroda,Jeroen.Kuroda@BiTermTest.com,Enabled,Read Only,No,2015-02-23,2026-06-30
HUONG.GIRMA,Huong Girma,Huong.Girma@BiTermTest.com,Enabled,Standard User,No,2025-12-26,2026-07-30
ANDRES.GUPTA,Andres Gupta,Andres.Gupta@BiTermTest.com,Enabled,Standard User,No,2015-01-02,2026-07-23
FMEHTA,Fernanda Mehta,Fernanda.Mehta@BiTermTest.com,Enabled,Standard User,No,2004-11-29,2026-07-10
VANDANA.FUJIMOTO,Vandana Fujimoto,Vandana.Fujimoto@BiTermTest.com,Enabled,Standard User,No,2021-10-11,2026-07-25
Tariq.Borg,Tariq Borg,Tariq.Borg@BiTermTest.com,Enabled,Read Only,No,2024-08-26,2026-06-27
GAYDIN,Gita Aydin,Gita.Aydin@BiTermTest.com,Enabled,Standard User,No,2006-01-31,2026-07-14
FIRUZA.SANDBERG,Firuza Sandberg,Firuza.Sandberg@BiTermTest.com,Enabled,Standard User,No,2015-01-01,2026-06-27
LARS.CAMILLERI,Lars Camilleri,Lars.Camilleri@BiTermTest.com,Enabled,Standard User,No,2023-08-21,2026-07-24
THIAGO.MOROZOV,Thiago Morozov,Thiago.Morozov@BiTermTest.com,Enabled,Standard User,No,2017-04-03,2026-07-26
FEMI.SOWANDE,Femi Sowande,Femi.Sowande@BiTermTest.com,Enabled,Standard User,No,2025-12-26,2026-07-10
MAIALEN.JANKOWSKI,Maialen Jankowski,Maialen.Jankowski@BiTermTest.com,Enabled,Standard User,No,2020-03-02,2026-07-26
OIHANE.SOWANDE,Oihane Sowande,Oihane.Sowande@BiTermTest.com,Enabled,Standard User,No,2018-09-17,2026-07-25
NIKOLAI.ASLAN,Nikolai Aslan,Nikolai.Aslan@BiTermTest.com,Enabled,Standard User,No,2015-10-26,2026-07-30
BAO.HORVAT,Bao Horvat,Bao.Horvat@BiTermTest.com,Disabled,Standard User,No,2023-10-30,2026-07-20
NIKOLAI.LEWANDOWSKI,Nikolai Lewandowski,Nikolai.Lewandowski@BiTermTest.com,Enabled,Read Only,No,2022-08-01,2026-07-14
AMAIA.DANG,Amaia Dang,Amaia.Dang@BiTermTest.com,Enabled,Standard User,No,2024-01-02,2026-07-25
Kamal.Rossi,Kamal Rossi,Kamal.Rossi@BiTermTest.com,Enabled,Standard User,No,2016-08-22,2026-06-26
THABO.NOVIKOV,Thabo Novikov,Thabo.Novikov@BiTermTest.com,Enabled,Read Only,No,2009-12-08,2026-06-29
ROISIN.BALOGUN,Roisin Balogun,Roisin.Balogun@BiTermTest.com,Enabled,Standard User,No,2018-05-07,2026-06-26
PARVIN.AXELSSON,Parvin Axelsson,Parvin.Axelsson@BiTermTest.com,Enabled,Standard User,No,2018-09-24,2026-07-31
AHADDAD,Alessandro Haddad,Alessandro.Haddad@BiTermTest.com,Enabled,Standard User,No,2006-02-24,2026-06-22
WILLEM.KAMINSKI,Willem Kaminski,Willem.Kaminski@BiTermTest.com,Enabled,Standard User,No,2025-08-18,2026-07-22
NAOKO.SLEIMAN,Naoko Sleiman,Naoko.Sleiman@BiTermTest.com,Enabled,Power User,No,2015-01-01,2026-07-17
TRUNG.FERREIRA,Trung Ferreira,Trung.Ferreira@BiTermTest.com,Enabled,Standard User,No,2022-03-14,2026-07-10
AGNIESZKA.OLIVEIRA,Agnieszka Oliveira,Agnieszka.Oliveira@BiTermTest.com,Enabled,Standard User,No,2021-07-19,2026-07-15
DMITRI.AKSOY,Dmitri Aksoy,Dmitri.Aksoy@BiTermTest.com,Enabled,Standard User,No,2016-03-14,2026-06-24
ROISIN.RIBEIRO,Roisin Ribeiro,Roisin.Ribeiro@BiTermTest.com,Enabled,Standard User,No,2019-08-26,2026-07-29
ANDRES.GRECO,Andres Greco,Andres.Greco@BiTermTest.com,Enabled,Standard User,No,2025-08-25,2026-06-25
EMRE.KOBAYASHI,Emre Kobayashi,Emre.Kobayashi@BiTermTest.com,Enabled,Administrator,Yes,2023-04-26,2026-06-25
LUCIA.ESPOSITO,Lucia Esposito,Lucia.Esposito@BiTermTest.com,Enabled,Read Only,No,2023-01-10,2026-07-10
YUKI.ABEBE,Yuki Abebe,Yuki.Abebe@BiTermTest.com,Enabled,Read Only,No,2022-10-24,2026-06-22
ELZBIETA.LEMMA,Elzbieta Lemma,Elzbieta.Lemma@BiTermTest.com,Enabled,Standard User,No,2025-08-29,2026-07-07
HENRYK.BERGSTROM,Henryk Bergstrom,Henryk.Bergstrom@BiTermTest.com,Enabled,Standard User,No,2002-05-29,2026-08-02
VOLKAN.KAYA,Volkan Kaya,,Enabled,Service Account,Yes,2022-06-09,2025-09-27
ESHAN.RAO,Eshan Rao,Eshan.Rao@BiTermTest.com,Enabled,Standard User,No,2011-01-31,2026-07-27
NIAMH.MENSAH,Niamh Mensah,Niamh.Mensah@BiTermTest.com,Enabled,Standard User,No,2025-02-06,2026-07-28
JOVANA.GRECO,Jovana Greco,Jovana.Greco@BiTermTest.com,Enabled,Standard User,No,2017-08-28,2026-06-26
YUSUF.FEDOROV,Yusuf Fedorov,Yusuf.Fedorov@BiTermTest.com,Enabled,Power User,No,2022-09-06,2026-08-01
RAFAEL.FARRUGIA,Rafael Farrugia,Rafael.Farrugia@BiTermTest.com,Enabled,Standard User,No,2021-07-19,2026-07-24
HNWOSU,Huong Nwosu,Huong.Nwosu@BiTermTest.com,Enabled,Standard User,No,2006-08-31,2026-04-11
OIHANE.CHOPRA,Oihane Chopra,Oihane.Chopra@BiTermTest.com,Enabled,Standard User,No,2023-03-27,2026-07-26
AOIFE.KAYA,Aoife Kaya,Aoife.Kaya@BiTermTest.com,Enabled,Standard User,No,2021-05-17,2026-06-24
SARSLAN,Soren Arslan,Soren.Arslan@BiTermTest.com,Enabled,Standard User,No,2008-01-21,2026-08-03
ENOWAK,Eshan Nowak,Eshan.Nowak@BiTermTest.com,Enabled,Standard User,No,2000-07-05,2026-07-01
rafael.galea,Rafael Galea,Rafael.Galea@BiTermTest.com,Enabled,Standard User,No,2019-10-07,2026-06-30
IKER.KOBAYASHI,Iker Kobayashi,Iker.Kobayashi@BiTermTest.com,Enabled,Standard User,No,2017-12-11,2026-07-13
ENEKO.VUONG,Eneko Vuong,Eneko.Vuong@BiTermTest.com,Enabled,Standard User,No,2025-07-25,2026-07-14
MMARINO,Meera Marino,Meera.Marino@BiTermTest.com,Enabled,Standard User,No,2007-08-20,2026-07-26
DAZEVEDO,Diego Azevedo,Diego.Azevedo@BiTermTest.com,Enabled,Standard User,No,2008-01-28,2026-08-02
THAO.OWUSU,Thao Owusu,Thao.Owusu@BiTermTest.com,Enabled,Standard User,No,2025-05-13,2026-07-12
RFONSECA,Renata Fonseca,Renata.Fonseca@BiTermTest.com,Enabled,Standard User,No,2005-11-07,2026-08-03
LKAYA,Leila Kaya,Leila.Kaya@BiTermTest.com,Enabled,Standard User,No,2003-11-24,2026-07-25
PZIELINSKI,Pzielinski,pzielinski@bitermtest.com,Enabled,Standard User,No,2022-03-04,2026-05-07
ANOUK.ALMEIDA,Anouk Almeida,Anouk.Almeida@BiTermTest.com,Enabled,Power User,No,2022-05-02,2026-07-28
NOKONKWO,Nokonkwo,nokonkwo@bitermtest.com,Enabled,Standard User,No,2023-12-24,2026-06-05
ROHAN.ARSLAN,Rohan Arslan,Rohan.Arslan@BiTermTest.com,Enabled,Standard User,No,2022-03-21,2026-07-04
NFOFANA,Niamh Fofana,Niamh.Fofana@BiTermTest.com,Enabled,Standard User,No,2015-12-21,2026-07-19
Rafael.Yoon,Rafael Yoon,Rafael.Yoon@BiTermTest.com,Enabled,Standard User,No,2015-02-16,2026-07-10
MAITE.DAHLBERG,Maite Dahlberg,Maite.Dahlberg@BiTermTest.com,Enabled,Standard User,No,2013-09-16,2026-07-15
SIPHO.NASSAR,Sipho Nassar,Sipho.Nassar@BiTermTest.com,Enabled,Standard User,No,2022-12-05,2026-08-03
Chidi.Vella,Chidi Vella,Chidi.Vella@BiTermTest.com,Enabled,Power User,No,2014-09-29,2026-07-09
HBOSMAN,Hui Bosman,Hui.Bosman@BiTermTest.com,Enabled,Standard User,No,2004-08-30,2026-07-19
KATYA.RICCI,Katya Ricci,Katya.Ricci@BiTermTest.com,Disabled,Standard User,No,2022-06-06,2026-06-23
ELZBIETA.AGARWAL,Elzbieta Agarwal,Elzbieta.Agarwal@BiTermTest.com,Disabled,Standard User,No,2022-01-17,2026-07-27
ILYA.LAI,Ilya Lai,Ilya.Lai@BiTermTest.com,Enabled,Standard User,No,2017-10-02,2026-07-07
KOFI.IYER,Kofi Iyer,Kofi.Iyer@BiTermTest.com,Enabled,Standard User,No,2019-11-11,2026-07-23
LOTTE.AKSOY,Lotte Aksoy,Lotte.Aksoy@BiTermTest.com,Enabled,Standard User,No,2009-09-01,2026-08-05
BEATRIZ.MEIJER,Beatriz Meijer,Beatriz.Meijer@BiTermTest.com,Enabled,Standard User,No,2018-10-08,2026-07-26
MARTA.PETROVIC,Marta Petrovic,Marta.Petrovic@BiTermTest.com,Enabled,Standard User,No,2009-03-30,2026-07-23
PADRAIG.REDDY,Padraig Reddy,Padraig.Reddy@BiTermTest.com,Enabled,Standard User,No,2023-08-07,2026-06-25
YUKI.RICCI,Yuki Ricci,Yuki.Ricci@BiTermTest.com,Enabled,Standard User,No,2025-02-06,2026-07-16
NIKOLAI.FAKHOURY,Nikolai Fakhoury,Nikolai.Fakhoury@BiTermTest.com,Enabled,Standard User,No,2026-03-02,2026-06-24
YEVHEN.KIRIGAYA,Yevhen Kirigaya,Yevhen.Kirigaya@BiTermTest.com,Enabled,Standard User,No,2014-12-01,2026-07-04
QUANG.FUJIMOTO,Quang Fujimoto,Quang.Fujimoto@BiTermTest.com,Enabled,Power User,No,2016-06-27,2026-07-08
AYLIN.CHOPRA,Aylin Chopra,Aylin.Chopra@BiTermTest.com,Enabled,Standard User,No,2015-06-30,2026-07-15
YAN.OBIORA,Yan Obiora,Yan.Obiora@BiTermTest.com,Enabled,Standard User,No,2024-03-29,2026-07-03
CILLIAN.JANKOWSKI,Cillian Jankowski,Cillian.Jankowski@BiTermTest.com,Enabled,Standard User,No,2022-11-28,2026-07-23
DENIZ.AXELSSON,Deniz Axelsson,Deniz.Axelsson@BiTermTest.com,Enabled,Standard User,No,2022-09-21,2026-07-07
AOIFE.ESPOSITO,Aoife Esposito,Aoife.Esposito@BiTermTest.com,Enabled,Power User,No,2023-05-22,2026-07-02
ELZBIETA.BEKELE,Elzbieta Bekele,Elzbieta.Bekele@BiTermTest.com,Enabled,Standard User,No,2023-03-20,2026-07-09
AGNIESZKA.REDDY,Agnieszka Reddy,Agnieszka.Reddy@BiTermTest.com,Enabled,Standard User,No,2021-12-20,2026-07-15
LBORG,Lorenzo Borg,Lorenzo.Borg@BiTermTest.com,Enabled,Standard User,No,2000-09-18,2026-07-04
HBERGSTROM,Hbergstrom,,Enabled,Standard User,No,2022-10-15,2024-07-12
JANUSZ.FERRARI,Janusz Ferrari,Janusz.Ferrari@BiTermTest.com,Enabled,Standard User,No,2025-12-26,2026-08-05
SHOANG,Sanjay Hoang,Sanjay.Hoang@BiTermTest.com,Enabled,Standard User,No,2011-08-01,2026-07-19
TENOCH.PILLAI,Tenoch Pillai,Tenoch.Pillai@BiTermTest.com,Enabled,Standard User,No,2015-07-21,2026-07-21
TAHIRA.NAIR,Tahira Nair,Tahira.Nair@BiTermTest.com,Enabled,Standard User,No,2024-08-05,2026-07-01
WILLEM.CHATTERJEE,Willem Chatterjee,Willem.Chatterjee@BiTermTest.com,Enabled,Power User,No,2021-05-18,2026-08-03
Bianca.Piotrowski,Bianca Piotrowski,Bianca.Piotrowski@BiTermTest.com,Enabled,Standard User,No,2017-10-10,2026-07-03
FIRUZA.ADEYEMI,Firuza Adeyemi,Firuza.Adeyemi@BiTermTest.com,Enabled,Read Only,No,2022-08-29,2026-07-16
AMAIA.MEKONNEN,Amaia Mekonnen,Amaia.Mekonnen@BiTermTest.com,Enabled,Standard User,No,2014-10-13,2026-08-02
TAO.HOANG,Tao Hoang,Tao.Hoang@BiTermTest.com,Enabled,Power User,No,2025-12-01,2026-07-27
TEODORA.ROSSI,Teodora Rossi,Teodora.Rossi@BiTermTest.com,Enabled,Standard User,No,2020-08-17,2026-07-12
CUAUHTEMOC.MARKOVIC,Cuauhtemoc Markovic,Cuauhtemoc.Markovic@BiTermTest.com,Enabled,Standard User,No,2017-08-07,2026-07-07
MARISOL.OLIVEIRA,Marisol Oliveira,Marisol.Oliveira@BiTermTest.com,Enabled,Read Only,No,2025-05-15,2026-07-22
RAFAEL.SOWANDE,Rafael Sowande,Rafael.Sowande@BiTermTest.com,Enabled,Standard User,No,2022-08-23,2026-07-07
FATTARD,Freja Attard,Freja.Attard@BiTermTest.com,Enabled,Standard User,No,2013-06-03,2026-07-06
GITA.MEIJER,Gita Meijer,Gita.Meijer@BiTermTest.com,Enabled,Read Only,No,2025-05-13,2026-07-14
OIHANE.WISNIEWSKI,Oihane Wisniewski,Oihane.Wisniewski@BiTermTest.com,Enabled,Standard User,No,2011-03-29,2026-06-29
UMAR.GHANEM,Umar Ghanem,Umar.Ghanem@BiTermTest.com,Enabled,Read Only,No,2006-10-10,2026-07-24
HENRYK.CHUKWU,Henryk Chukwu,Henryk.Chukwu@BiTermTest.com,Enabled,Standard User,No,2018-06-25,2026-07-15
HENRYK.HOSHINO,Henryk Hoshino,Henryk.Hoshino@BiTermTest.com,Enabled,Standard User,No,2021-12-27,2026-07-02
LEILA.CHUKWU,Leila Chukwu,Leila.Chukwu@BiTermTest.com,Enabled,Standard User,No,2019-10-28,2026-07-21
KOFI.YILMAZ,Kofi Yilmaz,Kofi.Yilmaz@BiTermTest.com,Enabled,Standard User,No,2018-12-31,2026-07-09
CITLALI.NGO,Citlali Ngo,Citlali.Ngo@BiTermTest.com,Enabled,Standard User,No,1995-10-19,2026-07-04
ENEKO.VUONG,Eneko Vuong,Eneko.Vuong@BiTermTest.com,Enabled,Standard User,No,2026-03-02,2026-07-14
BRAM.DUONG,Bram Duong,Bram.Duong@BiTermTest.com,Enabled,Standard User,No,2019-01-21,2026-06-29
APILLAI,Anwar Pillai,Anwar.Pillai@BiTermTest.com,Enabled,Standard User,No,2000-09-06,2026-07-28
JKILIC,Jovana Kilic,Jovana.Kilic@BiTermTest.com,Enabled,Standard User,No,2008-05-12,2026-07-12
KOFI.YILMAZ,Kofi Yilmaz,Kofi.Yilmaz@BiTermTest.com,Enabled,Standard User,No,2022-10-24,2026-07-09
BAO.CONTI,Bao Conti,Bao.Conti@BiTermTest.com,Enabled,Standard User,No,2019-02-18,2026-07-29
DAAN.FERREIRA,Daan Ferreira,Daan.Ferreira@BiTermTest.com,Enabled,Standard User,No,2020-01-06,2026-07-03
ANOUK.TITOV,Anouk Titov,Anouk.Titov@BiTermTest.com,Enabled,Power User,No,2022-04-11,2026-07-12
IKER.LEWANDOWSKI,Iker Lewandowski,Iker.Lewandowski@BiTermTest.com,Enabled,Standard User,No,2024-09-03,2026-07-21
MAIALEN.NWOSU,Maialen Nwosu,maialen.nwosu@bitermtest.com,Enabled,Service Account,Yes,2022-02-13,2026-06-26
FEMI.MENON,Femi Menon,Femi.Menon@BiTermTest.com,Enabled,Standard User,No,2025-06-10,2026-07-11
LOKONKWO,Laleh Okonkwo,Laleh.Okonkwo@BiTermTest.com,Enabled,Standard User,No,2010-08-09,2026-07-12
JELANI.GUPTA,Jelani Gupta,Jelani.Gupta@BiTermTest.com,Enabled,Standard User,No,2022-10-17,2026-07-23
SIPHO.LEWANDOWSKI,Sipho Lewandowski,Sipho.Lewandowski@BiTermTest.com,Enabled,Standard User,No,2016-04-18,2026-07-13
AMINA.PETROV,Amina Petrov,Amina.Petrov@BiTermTest.com,Enabled,Standard User,No,2016-01-12,2026-06-27
DUC.DOGAN,Duc Dogan,Duc.Dogan@BiTermTest.com,Disabled,Standard User,No,2009-08-06,2026-06-24
ELZBIETA.AGARWAL,Elzbieta Agarwal,Elzbieta.Agarwal@BiTermTest.com,Disabled,Standard User,No,2025-08-25,2026-07-27
FEMI.STOJANOVIC,Femi Stojanovic,Femi.Stojanovic@BiTermTest.com,Enabled,Standard User,No,2021-11-01,2026-07-01
LARS.CAMILLERI,Lars Camilleri,Lars.Camilleri@BiTermTest.com,Enabled,Standard User,No,2015-01-01,2026-07-24
NIAMH.MENSAH,Niamh Mensah,Niamh.Mensah@BiTermTest.com,Enabled,Standard User,No,2017-11-27,2026-07-28
SIOBHAN.BANERJEE,Siobhan Banerjee,Siobhan.Banerjee@BiTermTest.com,Enabled,Standard User,No,2014-10-14,2026-07-21
ROISIN.ASLAN,Roisin Aslan,Roisin.Aslan@BiTermTest.com,Enabled,Standard User,No,2021-08-09,2026-07-22
SPETROV,Sakura Petrov,Sakura.Petrov@BiTermTest.com,Enabled,Administrator,Yes,2015-03-16,2026-06-29
HARUTO.DABROWSKI,Haruto Dabrowski,Haruto.Dabrowski@BiTermTest.com,Enabled,Standard User,No,2020-08-31,2026-07-20
TRUNG.DEVRIES,Trung Devries,Trung.Devries@BiTermTest.com,Enabled,Standard User,No,2024-04-29,2026-07-07
AMAIA.LINDQVIST,Amaia Lindqvist,Amaia.Lindqvist@BiTermTest.com,Enabled,Standard User,No,2015-01-01,2026-07-04
PADRAIG.WOJCIK,Padraig Wojcik,Padraig.Wojcik@BiTermTest.com,Enabled,Standard User,No,2015-08-10,2026-07-24
NIKOLAI.KAPOOR,Nikolai Kapoor,Nikolai.Kapoor@BiTermTest.com,Disabled,Administrator,Yes,2017-02-02,2026-07-23
YHENDRIKS,Yuki Hendriks,Yuki.Hendriks@BiTermTest.com,Enabled,Power User,No,2004-11-15,2026-06-24
MARISOL.PETROVIC,Marisol Petrovic,Marisol.Petrovic@BiTermTest.com,Enabled,Standard User,No,2022-12-05,2026-07-07
TAO.MOROZOV,Tao Morozov,Tao.Morozov@BiTermTest.com,Enabled,Administrator,Yes,2016-02-23,2026-07-16
NAYELI.BEKELE,Nayeli Bekele,Nayeli.Bekele@BiTermTest.com,Enabled,Standard User,No,2015-01-05,2026-06-29
DRAGAN.KOZLOWSKI,Dragan Kozlowski,dragan.kozlowski@bitermtest.com,Enabled,Standard User,No,2023-11-17,2024-04-24
AMINA.LINDQVIST,Amina Lindqvist,Amina.Lindqvist@BiTermTest.com,Enabled,Standard User,No,2015-08-11,2026-07-29
JISOO.ALMEIDA,Jisoo Almeida,Jisoo.Almeida@BiTermTest.com,Enabled,Read Only,No,2023-03-15,2026-07-05
NEMANJA.CONTI,Nemanja Conti,Nemanja.Conti@BiTermTest.com,Enabled,Read Only,No,2023-01-04,2026-06-30
AINHOA.WISNIEWSKI,Ainhoa Wisniewski,Ainhoa.Wisniewski@BiTermTest.com,Enabled,Standard User,No,2022-07-05,2026-08-03
AOI.UCHIDA,Aoi Uchida,Aoi.Uchida@BiTermTest.com,Enabled,Read Only,No,2020-10-19,2026-07-25
DUC.GRECH,Duc Grech,Duc.Grech@BiTermTest.com,Enabled,Standard User,No,2015-01-01,2026-07-01
CHIARA.ASLAN,Chiara Aslan,Chiara.Aslan@BiTermTest.com,Enabled,Read Only,No,2022-07-05,2026-07-27
LALEH.BOATENG,Laleh Boateng,Laleh.Boateng@BiTermTest.com,Enabled,Read Only,No,2016-01-06,2026-06-22
VASIL.TESFAYE,Vasil Tesfaye,Vasil.Tesfaye@BiTermTest.com,Enabled,Standard User,No,2021-08-23,2026-07-26
NEREA.RIBEIRO,Nerea Ribeiro,Nerea.Ribeiro@BiTermTest.com,Enabled,Standard User,No,2017-08-21,2026-07-07
KATYA.DANG,Katya Dang,Katya.Dang@BiTermTest.com,Enabled,Standard User,No,2023-04-03,2026-06-25
XMATSUDA,Xmatsuda,xmatsuda@bitermtest.com,Enabled,Service Account,Yes,2023-11-01,2025-05-04
BEATRIZ.MENON,Beatriz Menon,Beatriz.Menon@BiTermTest.com,Enabled,Administrator,Yes,2015-01-01,2026-07-04
Anouk.Visser,Anouk Visser,Anouk.Visser@BiTermTest.com,Enabled,Standard User,No,2016-09-26,2026-07-15
JELANI.MORETTI,Jelani Moretti,Jelani.Moretti@BiTermTest.com,Enabled,Standard User,No,2022-04-04,2026-07-16
ESHAN.KWON,Eshan Kwon,Eshan.Kwon@BiTermTest.com,Enabled,Read Only,No,2024-09-09,2026-07-22
JKOWALSKI,Jeroen Kowalski,Jeroen.Kowalski@BiTermTest.com,Enabled,Standard User,No,2009-05-18,2026-07-30
MATEO.BANERJEE,Mateo Banerjee,Mateo.Banerjee@BiTermTest.com,Enabled,Standard User,No,2021-03-01,2026-07-10
AGNIESZKA.ZAMMIT,Agnieszka Zammit,Agnieszka.Zammit@BiTermTest.com,Enabled,Standard User,No,2025-01-13,2026-07-12
JISOO.KOZLOWSKI,Jisoo Kozlowski,Jisoo.Kozlowski@BiTermTest.com,Enabled,Standard User,No,2021-05-24,2026-07-30
Trung.Moretti,Trung Moretti,Trung.Moretti@BiTermTest.com,Enabled,Read Only,No,2018-11-12,2026-06-28
BOGDAN.KOWALSKI,Bogdan Kowalski,Bogdan.Kowalski@BiTermTest.com,Enabled,Standard User,No,2020-09-21,2026-07-26
HAMID.DEKKER,Hamid Dekker,Hamid.Dekker@BiTermTest.com,Enabled,Standard User,No,2020-01-20,2026-07-05
HARUTO.CASSAR,Haruto Cassar,Haruto.Cassar@BiTermTest.com,Enabled,Standard User,No,2025-05-15,2026-07-08
NIAMH.FOFANA,Niamh Fofana,Niamh.Fofana@BiTermTest.com,Enabled,Standard User,No,2007-10-16,2026-07-30
XASANTE,Ximena Asante,Ximena.Asante@BiTermTest.com,Enabled,Standard User,No,2004-08-02,2026-06-23
SIPHO.ALMEIDA,Sipho Almeida,sipho.almeida@bitermtest.com,Enabled,Standard User,No,2022-02-15,2024-09-14
KENJI.TESFAYE,Kenji Tesfaye,Kenji.Tesfaye@BiTermTest.com,Enabled,Power User,No,2022-01-17,2026-06-28
UMAR.NOVIKOV,Umar Novikov,Umar.Novikov@BiTermTest.com,Enabled,Standard User,No,2025-01-24,2026-07-26
DUC.DOGAN,Duc Dogan,Duc.Dogan@BiTermTest.com,Disabled,Standard User,No,2023-07-03,2026-06-24
MIKKEL.ATTARD,Mikkel Attard,Mikkel.Attard@BiTermTest.com,Enabled,Read Only,No,2025-12-26,2026-07-30
LAN.AMARI,Lan Amari,Lan.Amari@BiTermTest.com,Enabled,Standard User,No,2025-12-29,2026-08-01
FLEWANDOWSKI,Feng Lewandowski,Feng.Lewandowski@BiTermTest.com,Enabled,Standard User,No,2010-10-04,2026-07-15
HANA.ISHIKAWA,Hana Ishikawa,,Enabled,Service Account,Yes,2022-08-05,2025-04-12
BEATRIZ.SAHIN,Beatriz Sahin,Beatriz.Sahin@BiTermTest.com,Enabled,Standard User,No,2016-09-26,2026-06-28
NAYELI.BAE,Nayeli Bae,Nayeli.Bae@BiTermTest.com,Enabled,Standard User,No,2014-06-03,2026-08-02
MAITE.CHUKWU,Maite Chukwu,Maite.Chukwu@BiTermTest.com,Enabled,Standard User,No,2023-11-09,2026-06-29
CEZEANI,Citlali Ezeani,Citlali.Ezeani@BiTermTest.com,Disabled,Standard User,No,2006-07-24,2026-07-25
AYLIN.ROSSI,Aylin Rossi,Aylin.Rossi@BiTermTest.com,Enabled,Standard User,No,2015-01-26,2026-07-05
SIPHO.HORVAT,Sipho Horvat,Sipho.Horvat@BiTermTest.com,Enabled,Standard User,No,2014-08-11,2026-07-13
LWOJCIK,Lucia Wojcik,Lucia.Wojcik@BiTermTest.com,Enabled,Standard User,No,2008-09-02,2026-07-11
VASIL.ALEMU,Vasil Alemu,Vasil.Alemu@BiTermTest.com,Enabled,Standard User,No,2022-06-06,2026-07-19
VOLKAN.TEIXEIRA,Volkan Teixeira,Volkan.Teixeira@BiTermTest.com,Enabled,Standard User,No,2008-04-09,2026-07-29
NAYELI.BAE,Nayeli Bae,Nayeli.Bae@BiTermTest.com,Enabled,Standard User,No,2020-03-16,2026-08-02
NEREA.UCHIDA,Nerea Uchida,Nerea.Uchida@BiTermTest.com,Enabled,Power User,No,2015-01-01,2026-06-30
LAN.MULDER,Lan Mulder,Lan.Mulder@BiTermTest.com,Enabled,Power User,No,2023-06-12,2026-07-17
KATYA.IVANOV,Katya Ivanov,Katya.Ivanov@BiTermTest.com,Enabled,Read Only,No,2025-05-15,2026-06-22
TMOROZOV,Thao Morozov,Thao.Morozov@BiTermTest.com,Enabled,Read Only,No,1994-08-15,2026-07-15
MAITE.DAHLBERG,Maite Dahlberg,Maite.Dahlberg@BiTermTest.com,Enabled,Standard User,No,2022-03-28,2026-07-15
HENRYK.ASANTE,Henryk Asante,Henryk.Asante@BiTermTest.com,Enabled,Standard User,No,2016-08-15,2026-06-30
YAN.VANDENBERG,Yan Vandenberg,Yan.Vandenberg@BiTermTest.com,Enabled,Standard User,No,2017-09-25,2026-07-17
CHIARA.ALMEIDA,Chiara Almeida,Chiara.Almeida@BiTermTest.com,Enabled,Standard User,No,2014-05-19,2026-07-27
MARISOL.NGO,Marisol Ngo,Marisol.Ngo@BiTermTest.com,Enabled,Read Only,No,2011-07-05,2026-06-26
BEATRIZ.SAHIN,Beatriz Sahin,Beatriz.Sahin@BiTermTest.com,Enabled,Standard User,No,2023-11-06,2026-06-28
WILLEM.ALMEIDA,Willem Almeida,Willem.Almeida@BiTermTest.com,Enabled,Standard User,No,2021-06-21,2026-07-26
AOI.VISSER,Aoi Visser,Aoi.Visser@BiTermTest.com,Enabled,Standard User,No,2020-01-06,2026-07-08
KAMAL.PETROV,Kamal Petrov,Kamal.Petrov@BiTermTest.com,Enabled,Standard User,No,2014-09-29,2026-07-10
RASHIDA.DEKKER,Rashida Dekker,Rashida.Dekker@BiTermTest.com,Enabled,Standard User,No,2019-05-06,2026-07-24
VALENTINA.LEWANDOWSKI,Valentina Lewandowski,Valentina.Lewandowski@BiTermTest.com,Enabled,Power User,No,2014-09-08,2026-07-19
CTRUONG,Cem Truong,Cem.Truong@BiTermTest.com,Enabled,Standard User,No,2007-08-06,2026-07-22
REN.DIALLO,Ren Diallo,Ren.Diallo@BiTermTest.com,Enabled,Standard User,No,2015-01-01,2026-08-05
REN.ATTARD,Ren Attard,,Enabled,Administrator,Yes,2022-03-04,2025-08-04
FEMKE.SANDBERG,Femke Sandberg,Femke.Sandberg@BiTermTest.com,Enabled,Standard User,No,2025-08-19,2026-08-01
PARVIN.MEHTA,Parvin Mehta,Parvin.Mehta@BiTermTest.com,Enabled,Standard User,No,2019-05-13,2026-07-07
ALAI,Alai,alai@bitermtest.com,Enabled,Service Account,Yes,2022-11-23,2024-10-25
RENATA.ATTARD,Renata Attard,Renata.Attard@BiTermTest.com,Enabled,Administrator,Yes,2022-10-17,2026-07-29
MATTEO.MALHOTRA,Matteo Malhotra,Matteo.Malhotra@BiTermTest.com,Enabled,Standard User,No,2020-04-06,2026-08-05
GIULIA.TAKAHASHI,Giulia Takahashi,Giulia.Takahashi@BiTermTest.com,Enabled,Standard User,No,2025-04-11,2026-07-15
CHIDI.ZIELINSKI,Chidi Zielinski,Chidi.Zielinski@BiTermTest.com,Enabled,Standard User,No,2022-01-03,2026-07-26
LOTTE.NASSAR,Lotte Nassar,Lotte.Nassar@BiTermTest.com,Enabled,Standard User,No,2018-11-19,2026-08-05
KENJI.BORG,Kenji Borg,Kenji.Borg@BiTermTest.com,Enabled,Standard User,No,2013-09-25,2026-07-09
MEERA.GHANEM,Meera Ghanem,Meera.Ghanem@BiTermTest.com,Enabled,Standard User,No,2021-10-04,2026-06-25
Mikkel.Haile,Mikkel Haile,Mikkel.Haile@BiTermTest.com,Enabled,Standard User,No,2004-06-07,2026-08-02
FBEKELE,Firuza Bekele,Firuza.Bekele@BiTermTest.com,Enabled,Standard User,No,1988-09-19,2026-07-21
JELANI.AKSOY,Jelani Aksoy,Jelani.Aksoy@BiTermTest.com,Enabled,Standard User,No,2025-04-11,2026-08-01
CHIDI.MORETTI,Chidi Moretti,Chidi.Moretti@BiTermTest.com,Enabled,Power User,No,2025-02-06,2026-06-23
CITLALI.FERRARI,Citlali Ferrari,Citlali.Ferrari@BiTermTest.com,Enabled,Standard User,No,2023-08-25,2026-06-30
MEI.MALHOTRA,Mei Malhotra,Mei.Malhotra@BiTermTest.com,Enabled,Standard User,No,2021-06-04,2026-08-05
FVARMA,Freja Varma,Freja.Varma@BiTermTest.com,Enabled,Standard User,No,2013-08-22,2026-07-28
FARID.BANERJEE,Farid Banerjee,Farid.Banerjee@BiTermTest.com,Enabled,Standard User,No,2023-03-27,2026-06-25
THIAGO.LAI,Thiago Lai,Thiago.Lai@BiTermTest.com,Enabled,Standard User,No,2005-03-01,2026-07-14
BRAM.NOVIKOV,Bram Novikov,Bram.Novikov@BiTermTest.com,Enabled,Standard User,No,2009-12-21,2026-07-24
CZAMMIT,Czammit,czammit@bitermtest.com,Enabled,Service Account,Yes,2022-06-16,2026-01-05
ROHAN.ORLOV,Rohan Orlov,Rohan.Orlov@BiTermTest.com,Enabled,Standard User,No,2019-08-26,2026-08-04
AYLIN.SALIBA,Aylin Saliba,Aylin.Saliba@BiTermTest.com,Enabled,Power User,No,2023-05-01,2026-07-01
ROHAN.MATSUDA,Rohan Matsuda,Rohan.Matsuda@BiTermTest.com,Enabled,Standard User,No,2015-09-08,2026-07-07
OKEITA,Oihane Keita,Oihane.Keita@BiTermTest.com,Enabled,Administrator,Yes,2005-11-28,2026-07-14
BAO.TRAORE,Bao Traore,Bao.Traore@BiTermTest.com,Enabled,Standard User,No,2014-05-05,2026-07-15
SOREN.TOURE,Soren Toure,Soren.Toure@BiTermTest.com,Enabled,Standard User,No,2018-02-26,2026-07-13
XIU.VISSER,Xiu Visser,Xiu.Visser@BiTermTest.com,Disabled,Power User,No,2026-02-27,2026-06-27
GORKA.IVANOV,Gorka Ivanov,Gorka.Ivanov@BiTermTest.com,Enabled,Read Only,No,2024-11-18,2026-07-22
CHWANG,Cem Hwang,Cem.Hwang@BiTermTest.com,Enabled,Standard User,No,2012-06-11,2026-07-20
MATEO.KEBEDE,Mateo Kebede,Mateo.Kebede@BiTermTest.com,Enabled,Standard User,No,2022-04-27,2026-07-07
CFORSBERG,Cuauhtemoc Forsberg,Cuauhtemoc.Forsberg@BiTermTest.com,Enabled,Standard User,No,2007-09-01,2026-07-27
Bjorn.Yoon,Bjorn Yoon,Bjorn.Yoon@BiTermTest.com,Disabled,Standard User,No,2016-07-18,2026-07-27
YEVHEN.YILMAZ,Yevhen Yilmaz,Yevhen.Yilmaz@BiTermTest.com,Enabled,Standard User,No,2022-03-14,2026-07-10
MIYER,Maite Iyer,Maite.Iyer@BiTermTest.com,Enabled,Standard User,No,1987-03-09,2026-07-11
LORENZO.MARINO,Lorenzo Marino,Lorenzo.Marino@BiTermTest.com,Enabled,Power User,No,2023-03-27,2026-06-30
TAHIRA.GALEA,Tahira Galea,Tahira.Galea@BiTermTest.com,Enabled,Standard User,No,2015-03-02,2026-08-03
RPOLAT,Rashida Polat,Rashida.Polat@BiTermTest.com,Enabled,Standard User,No,2013-05-13,2026-08-02
BRAM.UCHIDA,Bram Uchida,Bram.Uchida@BiTermTest.com,Enabled,Standard User,No,2016-08-08,2026-07-14
DENIZ.TRUONG,Deniz Truong,Deniz.Truong@BiTermTest.com,Enabled,Administrator,Yes,2023-08-25,2026-07-06
ILYA.WOZNIAK,Ilya Wozniak,Ilya.Wozniak@BiTermTest.com,Enabled,Standard User,No,2020-01-07,2026-07-21
ESHAN.RAO,Eshan Rao,Eshan.Rao@BiTermTest.com,Enabled,Standard User,No,2015-01-01,2026-07-27
AMARA.ESPOSITO,Amara Esposito,Amara.Esposito@BiTermTest.com,Enabled,Standard User,No,2023-07-04,2026-07-03
IVARMA,Ivarma,ivarma@bitermtest.com,Enabled,Service Account,Yes,2023-04-24,2024-04-18
SANJAY.HOANG,Sanjay Hoang,Sanjay.Hoang@BiTermTest.com,Enabled,Standard User,No,2018-12-03,2026-08-01
DENIZ.TESFAYE,Deniz Tesfaye,Deniz.Tesfaye@BiTermTest.com,Enabled,Standard User,No,2021-11-08,2026-06-25
ZALMEIDA,Zofia Almeida,Zofia.Almeida@BiTermTest.com,Enabled,Standard User,No,2005-03-09,2026-07-30
ESHAN.MULDER,Eshan Mulder,Eshan.Mulder@BiTermTest.com,Enabled,Standard User,No,2021-08-23,2026-06-30
ZAHRA.CAMILLERI,Zahra Camilleri,Zahra.Camilleri@BiTermTest.com,Enabled,Standard User,No,2017-06-19,2026-06-24
NNOVAK,Nemanja Novak,Nemanja.Novak@BiTermTest.com,Enabled,Standard User,No,2004-07-12,2026-06-30
XIU.KWON,Xiu Kwon,Xiu.Kwon@BiTermTest.com,Enabled,Standard User,No,2008-04-01,2026-07-21
JANUSZ.SZYMANSKI,Janusz Szymanski,Janusz.Szymanski@BiTermTest.com,Enabled,Standard User,No,2022-12-19,2026-07-20
KENJI.BORG,Kenji Borg,Kenji.Borg@BiTermTest.com,Enabled,Standard User,No,2012-01-30,2026-07-09
INES.SZYMANSKI,Ines Szymanski,Ines.Szymanski@BiTermTest.com,Enabled,Standard User,No,2018-11-12,2026-07-30
LINH.ROSSI,Linh Rossi,Linh.Rossi@BiTermTest.com,Enabled,Standard User,No,2014-05-05,2026-07-14
AINHOA.MICALLEF,Ainhoa Micallef,Ainhoa.Micallef@BiTermTest.com,Enabled,Standard User,No,2022-11-28,2026-07-25
TOMASZ.OZTURK,Tomasz Ozturk,Tomasz.Ozturk@BiTermTest.com,Enabled,Read Only,No,2022-11-16,2026-07-08
YEVHEN.ALMEIDA,Yevhen Almeida,Yevhen.Almeida@BiTermTest.com,Enabled,Standard User,No,2016-01-18,2026-07-05
MWORKU,Mateo Worku,Mateo.Worku@BiTermTest.com,Enabled,Power User,No,1999-08-30,2026-07-03
ROISIN.OZTURK,Roisin Ozturk,Roisin.Ozturk@BiTermTest.com,Enabled,Standard User,No,2003-01-01,2026-07-25
ROISIN.RIBEIRO,Roisin Ribeiro,Roisin.Ribeiro@BiTermTest.com,Enabled,Standard User,No,2023-05-08,2026-07-29
LUCIA.RAO,Lucia Rao,Lucia.Rao@BiTermTest.com,Enabled,Power User,No,2016-07-05,2026-07-26
SULEIMAN.ARSLAN,Suleiman Arslan,Suleiman.Arslan@BiTermTest.com,Enabled,Standard User,No,2019-08-19,2026-06-27
BLEMMA,Blemma,blemma@bitermtest.com,Enabled,Service Account,Yes,2022-03-17,2026-06-12
TENOCH.NDIAYE,Tenoch Ndiaye,Tenoch.Ndiaye@BiTermTest.com,Enabled,Read Only,No,2014-11-10,2026-07-15
XIU.LUNDGREN,Xiu Lundgren,Xiu.Lundgren@BiTermTest.com,Enabled,Standard User,No,2019-04-08,2026-08-04
XWORKU,Ximena Worku,Ximena.Worku@BiTermTest.com,Enabled,Standard User,No,1999-05-10,2026-07-06
JRIBEIRO,Jovana Ribeiro,Jovana.Ribeiro@BiTermTest.com,Disabled,Administrator,Yes,2008-02-04,2026-06-22
YUSUF.FEDOROV,Yusuf Fedorov,Yusuf.Fedorov@BiTermTest.com,Enabled,Power User,No,2025-08-18,2026-08-01
AINHOA.NYSTROM,Ainhoa Nystrom,Ainhoa.Nystrom@BiTermTest.com,Enabled,Standard User,No,2014-07-11,2026-07-09
RASHIDA.JOVANOVIC,Rashida Jovanovic,Rashida.Jovanovic@BiTermTest.com,Enabled,Power User,No,2016-05-31,2026-07-10
AMAIA.JANKOWSKI,Amaia Jankowski,Amaia.Jankowski@BiTermTest.com,Enabled,Read Only,No,2025-12-29,2026-06-24
FERNANDA.BERGSTROM,Fernanda Bergstrom,Fernanda.Bergstrom@BiTermTest.com,Enabled,Power User,No,2025-05-13,2026-07-27
XOCHITL.REDDY,Xochitl Reddy,Xochitl.Reddy@BiTermTest.com,Enabled,Standard User,No,2014-03-03,2026-07-08
NAKSOY,Naksoy,,Enabled,Standard User,No,2022-11-21,2025-12-02
NAYELI.AZEVEDO,Nayeli Azevedo,Nayeli.Azevedo@BiTermTest.com,Enabled,Read Only,No,2018-05-02,2026-07-06
ZAINAB.REDDY,Zainab Reddy,Zainab.Reddy@BiTermTest.com,Enabled,Read Only,No,2025-08-25,2026-06-23
ANOUK.VISSER,Anouk Visser,Anouk.Visser@BiTermTest.com,Enabled,Standard User,No,2001-05-21,2026-08-04
YDESHPANDE,Yevhen Deshpande,Yevhen.Deshpande@BiTermTest.com,Enabled,Read Only,No,2001-06-25,2026-07-29
LORENZO.MALHOTRA,Lorenzo Malhotra,,Enabled,Service Account,Yes,2023-01-14,2026-04-28
WAFA.TRUONG,Wafa Truong,Wafa.Truong@BiTermTest.com,Enabled,Administrator,Yes,2019-05-27,2026-06-28
ENEKO.OBIORA,Eneko Obiora,Eneko.Obiora@BiTermTest.com,Enabled,Standard User,No,2006-02-27,2026-08-03
QUANG.GIRMA,Quang Girma,Quang.Girma@BiTermTest.com,Enabled,Standard User,No,2024-05-22,2026-06-28
MAITE.CHUKWU,Maite Chukwu,Maite.Chukwu@BiTermTest.com,Enabled,Standard User,No,2009-03-23,2026-06-29
TRUNG.ZIELINSKI,Trung Zielinski,Trung.Zielinski@BiTermTest.com,Enabled,Administrator,Yes,2023-09-05,2026-07-02
RENATA.DEKKER,Renata Dekker,Renata.Dekker@BiTermTest.com,Enabled,Standard User,No,2021-09-07,2026-07-03
ROISIN.HOSHINO,Roisin Hoshino,Roisin.Hoshino@BiTermTest.com,Enabled,Administrator,Yes,2015-01-01,2026-07-29
ANDRES.GRECO,Andres Greco,Andres.Greco@BiTermTest.com,Enabled,Standard User,No,2025-06-03,2026-06-25
BDESTA,Baran Desta,Baran.Desta@BiTermTest.com,Enabled,Read Only,No,2000-03-27,2026-07-10
CHIARA.ARSLAN,Chiara Arslan,Chiara.Arslan@BiTermTest.com,Enabled,Power User,No,2011-11-21,2026-07-01
MAIALEN.AYDIN,Maialen Aydin,Maialen.Aydin@BiTermTest.com,Enabled,Standard User,No,2025-07-25,2026-08-02
Oksana.Teixeira,Oksana Teixeira,Oksana.Teixeira@BiTermTest.com,Enabled,Administrator,Yes,2011-12-05,2026-07-30
TAHIRA.SAXENA,Tahira Saxena,Tahira.Saxena@BiTermTest.com,Enabled,Standard User,No,2017-01-30,2026-07-29
MAHMOUD.HORVAT,Mahmoud Horvat,Mahmoud.Horvat@BiTermTest.com,Enabled,Standard User,No,2025-05-12,2026-08-01
MAIALEN.NDIAYE,Maialen Ndiaye,Maialen.Ndiaye@BiTermTest.com,Enabled,Standard User,No,2023-10-30,2026-08-01
Camila.Bosman,Camila Bosman,Camila.Bosman@BiTermTest.com,Enabled,Standard User,No,2017-06-12,2026-07-16
KESPOSITO,Kesposito,kesposito@bitermtest.com,Enabled,Read Only,No,2022-04-09,2024-08-06
SIOBHAN.JANKOWSKI,Siobhan Jankowski,Siobhan.Jankowski@BiTermTest.com,Enabled,Standard User,No,2013-10-06,2026-06-25
ZAHRA.DEVRIES,Zahra Devries,Zahra.Devries@BiTermTest.com,Enabled,Standard User,No,2018-12-03,2026-06-27
NAYELI.DESHPANDE,Nayeli Deshpande,Nayeli.Deshpande@BiTermTest.com,Enabled,Standard User,No,2022-07-25,2026-07-24
BARAN.CARVALHO,Baran Carvalho,Baran.Carvalho@BiTermTest.com,Enabled,Standard User,No,2010-02-01,2026-07-18
ESHAN.HOLMGREN,Eshan Holmgren,Eshan.Holmgren@BiTermTest.com,Enabled,Standard User,No,2018-04-02,2026-06-25
OIHANE.DEMIR,Oihane Demir,Oihane.Demir@BiTermTest.com,Disabled,Standard User,No,2016-01-11,2026-06-27
AVUONG,Andres Vuong,Andres.Vuong@BiTermTest.com,Enabled,Standard User,No,2012-05-14,2026-07-26
YAN.KRAWCZYK,Yan Krawczyk,Yan.Krawczyk@BiTermTest.com,Disabled,Standard User,No,2013-04-26,2026-06-25
INES.BUI,Ines Bui,Ines.Bui@BiTermTest.com,Enabled,Standard User,No,2021-08-23,2026-07-19
ZAHRA.DUONG,Zahra Duong,Zahra.Duong@BiTermTest.com,Enabled,Standard User,No,2025-05-15,2026-07-21
PIOTR.MAZUR,Piotr Mazur,Piotr.Mazur@BiTermTest.com,Enabled,Standard User,No,2021-11-29,2026-07-09
MAHMOUD.WORKU,Mahmoud Worku,Mahmoud.Worku@BiTermTest.com,Enabled,Standard User,No,2022-04-04,2026-06-29
DRAGAN.REDDY,Dragan Reddy,Dragan.Reddy@BiTermTest.com,Enabled,Standard User,No,2015-01-12,2026-06-25
JPHAM,Joao Pham,Joao.Pham@BiTermTest.com,Enabled,Standard User,No,1995-01-31,2026-08-04
FTITOV,Ftitov,ftitov@bitermtest.com,Enabled,Standard User,No,2022-04-26,2026-06-03
HHOSHINO,Henryk Hoshino,Henryk.Hoshino@BiTermTest.com,Enabled,Standard User,No,2006-01-23,2026-07-18
LPETROV,Lotte Petrov,Lotte.Petrov@BiTermTest.com,Enabled,Read Only,No,2013-06-17,2026-07-29
CKULKARNI,Ckulkarni,ckulkarni@bitermtest.com,Enabled,Standard User,No,2022-09-15,2025-04-24
CHIDI.STOJANOVIC,Chidi Stojanovic,Chidi.Stojanovic@BiTermTest.com,Enabled,Administrator,Yes,2025-06-09,2026-07-04
AMARA.MALHOTRA,Amara Malhotra,Amara.Malhotra@BiTermTest.com,Enabled,Standard User,No,2023-02-20,2026-07-01
VANDANA.RAHAL,Vandana Rahal,Vandana.Rahal@BiTermTest.com,Enabled,Administrator,Yes,2015-01-01,2026-07-11
SANJAY.NAIR,Sanjay Nair,Sanjay.Nair@BiTermTest.com,Enabled,Read Only,No,2020-03-16,2026-07-21
RASHIDA.DEKKER,Rashida Dekker,Rashida.Dekker@BiTermTest.com,Enabled,Standard User,No,2014-04-14,2026-07-24
VOLKAN.MEKONNEN,Volkan Mekonnen,Volkan.Mekonnen@BiTermTest.com,Disabled,Standard User,No,2008-08-01,2026-08-04
AYLIN.TRAORE,Aylin Traore,Aylin.Traore@BiTermTest.com,Enabled,Standard User,No,2015-01-01,2026-08-05
HANA.BARAKA,Hana Baraka,Hana.Baraka@BiTermTest.com,Enabled,Standard User,No,2013-01-02,2026-07-06
BRAM.GALEA,Bram Galea,Bram.Galea@BiTermTest.com,Enabled,Power User,No,2018-10-15,2026-07-04
SIPHO.SAKAMOTO,Sipho Sakamoto,Sipho.Sakamoto@BiTermTest.com,Enabled,Standard User,No,2022-06-27,2026-08-01
ENEKO.NGO,Eneko Ngo,Eneko.Ngo@BiTermTest.com,Enabled,Read Only,No,2015-07-16,2026-07-10
NIAMH.OWUSU,Niamh Owusu,Niamh.Owusu@BiTermTest.com,Enabled,Standard User,No,2016-12-12,2026-07-23
ANOUK.DEVRIES,Anouk Devries,Anouk.Devries@BiTermTest.com,Disabled,Standard User,No,2021-12-13,2026-08-01
AOIFE.RICCI,Aoife Ricci,Aoife.Ricci@BiTermTest.com,Enabled,Standard User,No,2020-12-01,2026-07-07
VALENTINA.RAO,Valentina Rao,Valentina.Rao@BiTermTest.com,Enabled,Read Only,No,2013-05-22,2026-07-21
PGRABOWSKI,Parvin Grabowski,Parvin.Grabowski@BiTermTest.com,Enabled,Read Only,No,1989-02-27,2026-07-03
MAITE.KOVAC,Maite Kovac,Maite.Kovac@BiTermTest.com,Enabled,Standard User,No,2018-02-08,2026-08-02
UNAI.DELUCA,Unai Deluca,Unai.Deluca@BiTermTest.com,Enabled,Standard User,No,2023-08-28,2026-07-11
Kavita.Aksoy,Kavita Aksoy,Kavita.Aksoy@BiTermTest.com,Enabled,Standard User,No,2016-07-18,2026-07-01
AASLAN,Aoi Aslan,Aoi.Aslan@BiTermTest.com,Enabled,Standard User,No,2008-07-28,2026-07-08
ANOUK.TAKAHASHI,Anouk Takahashi,Anouk.Takahashi@BiTermTest.com,Enabled,Standard User,No,2017-05-22,2026-07-13
JANUSZ.FARRUGIA,Janusz Farrugia,Janusz.Farrugia@BiTermTest.com,Enabled,Standard User,No,2001-07-23,2026-07-17
JELANI.VOSBERG,Jelani Vosberg,Jelani.Vosberg@BiTermTest.com,Enabled,Standard User,No,2020-06-29,2026-07-20
RENATA.DUONG,Renata Duong,Renata.Duong@BiTermTest.com,Enabled,Standard User,No,2017-08-16,2026-06-23
JKEITA,Jkeita,jkeita@bitermtest.com,Enabled,Read Only,No,2022-09-19,2025-12-08
NAYELI.FORSBERG,Nayeli Forsberg,Nayeli.Forsberg@BiTermTest.com,Enabled,Standard User,No,2019-05-06,2026-07-29
THABO.NOVIKOV,Thabo Novikov,Thabo.Novikov@BiTermTest.com,Enabled,Read Only,No,2025-06-10,2026-06-29
VOLKAN.MEKONNEN,Volkan Mekonnen,Volkan.Mekonnen@BiTermTest.com,Disabled,Standard User,No,2020-02-18,2026-08-04
NKAMINSKI,Nemanja Kaminski,Nemanja.Kaminski@BiTermTest.com,Enabled,Power User,No,2001-01-29,2026-08-01
LARS.FOFANA,Lars Fofana,Lars.Fofana@BiTermTest.com,Enabled,Standard User,No,2017-02-21,2026-07-26
GORKA.DESTA,Gorka Desta,Gorka.Desta@BiTermTest.com,Enabled,Standard User,No,2023-09-05,2026-07-01
MARISOL.BANERJEE,Marisol Banerjee,Marisol.Banerjee@BiTermTest.com,Enabled,Standard User,No,2022-02-11,2026-07-07
WSZYMANSKI,Wszymanski,wszymanski@bitermtest.com,Enabled,Service Account,Yes,2022-01-18,2026-01-19
SANNE.DESTA,Sanne Desta,Sanne.Desta@BiTermTest.com,Enabled,Standard User,No,2022-02-14,2026-07-01
OIHANE.AYDIN,Oihane Aydin,Oihane.Aydin@BiTermTest.com,Enabled,Standard User,No,2019-09-23,2026-07-13
FEMKE.BARAKA,Femke Baraka,Femke.Baraka@BiTermTest.com,Enabled,Power User,No,2019-02-18,2026-07-22
QASIM.GUPTA,Qasim Gupta,Qasim.Gupta@BiTermTest.com,Enabled,Standard User,No,2022-07-11,2026-07-11
ARJUN.IVANOV,Arjun Ivanov,Arjun.Ivanov@BiTermTest.com,Enabled,Standard User,No,2023-03-27,2026-07-26
CEM.CONTI,Cem Conti,Cem.Conti@BiTermTest.com,Enabled,Standard User,No,2005-01-04,2026-08-04
ADAEZE.DESHPANDE,Adaeze Deshpande,Adaeze.Deshpande@BiTermTest.com,Enabled,Standard User,No,2003-03-31,2026-07-09
GORKA.VOLKOV,Gorka Volkov,Gorka.Volkov@BiTermTest.com,Enabled,Standard User,No,2016-11-09,2026-07-22
ANAHI.GRECO,Anahi Greco,Anahi.Greco@BiTermTest.com,Enabled,Power User,No,2020-09-08,2026-07-16
IMIFSUD,Ines Mifsud,Ines.Mifsud@BiTermTest.com,Enabled,Read Only,No,2000-11-13,2026-06-26
RAFAEL.MAALOUF,Rafael Maalouf,Rafael.Maalouf@BiTermTest.com,Enabled,Standard User,No,2023-03-13,2026-07-23
SIPHO.DESTA,Sipho Desta,Sipho.Desta@BiTermTest.com,Enabled,Standard User,No,2020-03-02,2026-06-25
RASHIDA.NGO,Rashida Ngo,Rashida.Ngo@BiTermTest.com,Disabled,Standard User,No,2018-10-01,2026-08-03
LORENZO.DESHPANDE,Lorenzo Deshpande,Lorenzo.Deshpande@BiTermTest.com,Enabled,Administrator,Yes,2024-12-16,2026-07-19
SULEIMAN.ARSLAN,Suleiman Arslan,Suleiman.Arslan@BiTermTest.com,Enabled,Standard User,No,2018-12-26,2026-06-27
DENIZ.MEHTA,Deniz Mehta,Deniz.Mehta@BiTermTest.com,Enabled,Read Only,No,2018-02-26,2026-06-27
ANIKA.MEHTA,Anika Mehta,Anika.Mehta@BiTermTest.com,Enabled,Standard User,No,2025-08-18,2026-07-17
VANDANA.EGOROV,Vandana Egorov,Vandana.Egorov@BiTermTest.com,Enabled,Standard User,No,2010-06-28,2026-07-28
LINH.MALHOTRA,Linh Malhotra,Linh.Malhotra@BiTermTest.com,Enabled,Standard User,No,2003-03-17,2026-07-31
GITA.MEIJER,Gita Meijer,Gita.Meijer@BiTermTest.com,Enabled,Read Only,No,2023-07-17,2026-07-14
JISOO.ALMEIDA,Jisoo Almeida,Jisoo.Almeida@BiTermTest.com,Enabled,Read Only,No,2015-06-18,2026-07-05
ELZBIETA.AGARWAL,Elzbieta Agarwal,Elzbieta.Agarwal@BiTermTest.com,Disabled,Standard User,No,2011-11-07,2026-07-27
IVISSER,Ilya Visser,Ilya.Visser@BiTermTest.com,Enabled,Standard User,No,2008-06-23,2026-06-26
IAKSOY,Iker Aksoy,Iker.Aksoy@BiTermTest.com,Enabled,Standard User,No,2010-11-15,2026-07-06
RABEBE,Ren Abebe,Ren.Abebe@BiTermTest.com,Enabled,Standard User,No,2010-08-23,2026-08-04
ZAINAB.HORVAT,Zainab Horvat,Zainab.Horvat@BiTermTest.com,Enabled,Standard User,No,2020-06-29,2026-07-28
MEI.ESPOSITO,Mei Esposito,Mei.Esposito@BiTermTest.com,Enabled,Standard User,No,2015-03-02,2026-07-19
QNWOSU,Qasim Nwosu,Qasim.Nwosu@BiTermTest.com,Enabled,Standard User,No,1993-12-01,2026-07-14
GITA.VOSBERG,Gita Vosberg,Gita.Vosberg@BiTermTest.com,Enabled,Standard User,No,2018-09-19,2026-07-05
TEODORA.NOWAK,Teodora Nowak,Teodora.Nowak@BiTermTest.com,Enabled,Read Only,No,2024-10-21,2026-07-10
PARVIN.YILMAZ,Parvin Yilmaz,Parvin.Yilmaz@BiTermTest.com,Disabled,Standard User,No,2008-02-25,2026-07-07
LUCIA.OBIORA,Lucia Obiora,Lucia.Obiora@BiTermTest.com,Enabled,Standard User,No,2020-12-28,2026-07-12
PIOTR.MALHOTRA,Piotr Malhotra,Piotr.Malhotra@BiTermTest.com,Enabled,Read Only,No,2020-08-17,2026-07-14
ANAHI.DESTA,Anahi Desta,Anahi.Desta@BiTermTest.com,Enabled,Standard User,No,2018-11-26,2026-07-10
AGNIESZKA.HOANG,Agnieszka Hoang,Agnieszka.Hoang@BiTermTest.com,Enabled,Standard User,No,2017-02-20,2026-07-01
AMAIA.LINDQVIST,Amaia Lindqvist,Amaia.Lindqvist@BiTermTest.com,Enabled,Standard User,No,2016-05-30,2026-07-04
JELANI.AGARWAL,Jelani Agarwal,Jelani.Agarwal@BiTermTest.com,Enabled,Standard User,No,2025-07-25,2026-08-02
DIEGO.KRAWCZYK,Diego Krawczyk,Diego.Krawczyk@BiTermTest.com,Enabled,Standard User,No,2015-01-01,2026-06-23
SNASSAR,Suleiman Nassar,Suleiman.Nassar@BiTermTest.com,Disabled,Standard User,No,2004-04-05,2026-07-10
IPIOTROWSKI,Imani Piotrowski,Imani.Piotrowski@BiTermTest.com,Enabled,Administrator,Yes,1994-02-28,2026-06-22
PADRAIG.JOVANOVIC,Padraig Jovanovic,Padraig.Jovanovic@BiTermTest.com,Enabled,Standard User,No,2018-04-09,2026-07-30
FEMKE.HADDAD,Femke Haddad,Femke.Haddad@BiTermTest.com,Enabled,Standard User,No,2015-01-01,2026-07-02
AGNIESZKA.TEIXEIRA,Agnieszka Teixeira,Agnieszka.Teixeira@BiTermTest.com,Enabled,Administrator,Yes,2018-09-10,2026-07-09
LCHUKWU,Leila Chukwu,Leila.Chukwu@BiTermTest.com,Enabled,Standard User,No,2011-11-07,2026-07-11
MINH.BALOGUN,Minh Balogun,Minh.Balogun@BiTermTest.com,Enabled,Standard User,No,2025-11-10,2026-07-20
AVUONG,Andres Vuong,Andres.Vuong@BiTermTest.com,Enabled,Standard User,No,2005-08-10,2026-07-26
CITLALI.FERRARI,Citlali Ferrari,Citlali.Ferrari@BiTermTest.com,Enabled,Standard User,No,2007-01-12,2026-06-30
GITA.MAALOUF,Gita Maalouf,Gita.Maalouf@BiTermTest.com,Enabled,Administrator,Yes,2025-02-06,2026-07-09
NKURODA,Naledi Kuroda,Naledi.Kuroda@BiTermTest.com,Enabled,Standard User,No,2004-04-19,2026-07-15
Sanne.Chukwu,Sanne Chukwu,Sanne.Chukwu@BiTermTest.com,Enabled,Standard User,No,2024-05-13,2026-07-29
SIGRID.CARDOSO,Sigrid Cardoso,Sigrid.Cardoso@BiTermTest.com,Enabled,Standard User,No,2019-04-22,2026-07-12
ELEMMA,Elzbieta Lemma,Elzbieta.Lemma@BiTermTest.com,Enabled,Standard User,No,2000-04-10,2026-06-26
TKAYA,Tariq Kaya,Tariq.Kaya@BiTermTest.com,Enabled,Standard User,No,2007-08-27,2026-07-15
AINHOA.ALMEIDA,Ainhoa Almeida,Ainhoa.Almeida@BiTermTest.com,Enabled,Standard User,No,2003-04-07,2026-07-04
LORENZO.HOANG,Lorenzo Hoang,Lorenzo.Hoang@BiTermTest.com,Enabled,Standard User,No,2022-11-01,2026-07-06
MOLIVEIRA,Marisol Oliveira,Marisol.Oliveira@BiTermTest.com,Enabled,Standard User,No,2013-07-01,2026-07-06
TEODORA.MAALOUF,Teodora Maalouf,Teodora.Maalouf@BiTermTest.com,Enabled,Standard User,No,2021-02-22,2026-06-25
MOBIORA,Mateo Obiora,Mateo.Obiora@BiTermTest.com,Enabled,Administrator,Yes,2011-09-26,2026-07-30
DGIRMA,Diego Girma,Diego.Girma@BiTermTest.com,Enabled,Standard User,No,2004-11-29,2026-07-23
DIEGO.ARSLAN,Diego Arslan,Diego.Arslan@BiTermTest.com,Enabled,Standard User,No,2025-07-25,2026-06-25
QASIM.ENGSTROM,Qasim Engstrom,Qasim.Engstrom@BiTermTest.com,Enabled,Standard User,No,2021-02-10,2026-07-30
WBOSMAN,Willem Bosman,Willem.Bosman@BiTermTest.com,Enabled,Standard User,No,1989-03-06,2026-07-04
FENG.TITOV,Feng Titov,Feng.Titov@BiTermTest.com,Enabled,Standard User,No,2016-01-11,2026-07-21
HUONG.GRECH,Huong Grech,Huong.Grech@BiTermTest.com,Enabled,Standard User,No,2017-06-12,2026-07-30
ZDEVRIES,Zahra Devries,Zahra.Devries@BiTermTest.com,Enabled,Standard User,No,2011-03-14,2026-07-23
MATEO.SEO,Mateo Seo,Mateo.Seo@BiTermTest.com,Enabled,Administrator,Yes,2021-06-01,2026-07-12
ZAHRA.PETROVIC,Zahra Petrovic,Zahra.Petrovic@BiTermTest.com,Enabled,Standard User,No,2018-06-18,2026-08-05
ALESSANDRO.VANDENBERG,Alessandro Vandenberg,Alessandro.Vandenberg@BiTermTest.com,Enabled,Standard User,No,2015-01-01,2026-06-29
NMEHTA,Ngozi Mehta,Ngozi.Mehta@BiTermTest.com,Enabled,Standard User,No,1996-06-01,2026-06-26
Beatriz.Hoshino,Beatriz Hoshino,Beatriz.Hoshino@BiTermTest.com,Enabled,Read Only,No,2025-11-18,2026-07-26
TENOCH.VELLA,Tenoch Vella,Tenoch.Vella@BiTermTest.com,Enabled,Standard User,No,2024-09-23,2026-07-04
XNAKAMURA,Xnakamura,xnakamura@bitermtest.com,Enabled,Standard User,No,2022-08-31,2024-08-18
ESHAN.NDIAYE,Eshan Ndiaye,Eshan.Ndiaye@BiTermTest.com,Enabled,Standard User,No,2022-01-03,2026-07-17
JOVANA.MENON,Jovana Menon,Jovana.Menon@BiTermTest.com,Enabled,Standard User,No,2020-01-20,2026-07-16
ANGO,Aoife Ngo,Aoife.Ngo@BiTermTest.com,Enabled,Standard User,No,2009-11-09,2026-06-29
DALIA.NOVIKOV,Dalia Novikov,Dalia.Novikov@BiTermTest.com,Enabled,Standard User,No,2014-02-10,2026-07-13
TOMASZ.CAMILLERI,Tomasz Camilleri,Tomasz.Camilleri@BiTermTest.com,Enabled,Standard User,No,2019-09-03,2026-07-23
Teodora.Iyer,Teodora Iyer,Teodora.Iyer@BiTermTest.com,Enabled,Power User,No,2017-12-13,2026-07-19
OIHANE.LAI,Oihane Lai,Oihane.Lai@BiTermTest.com,Enabled,Read Only,No,2021-09-28,2026-07-22
IMANI.ARSLAN,Imani Arslan,,Enabled,Standard User,No,2024-01-30,2024-07-27
ELZBIETA.BARONE,Elzbieta Barone,Elzbieta.Barone@BiTermTest.com,Enabled,Read Only,No,2025-05-15,2026-07-08
JISOO.ZAMMIT,Jisoo Zammit,Jisoo.Zammit@BiTermTest.com,Enabled,Standard User,No,2020-11-09,2026-07-12
ELZBIETA.HORVAT,Elzbieta Horvat,Elzbieta.Horvat@BiTermTest.com,Enabled,Standard User,No,2006-07-20,2026-07-02
MTEIXEIRA,Minho Teixeira,Minho.Teixeira@BiTermTest.com,Enabled,Power User,No,2010-06-08,2026-07-21
GORKA.CELIK,Gorka Celik,Gorka.Celik@BiTermTest.com,Enabled,Power User,No,2018-04-16,2026-06-24
LTAKAHASHI,Lucia Takahashi,Lucia.Takahashi@BiTermTest.com,Enabled,Read Only,No,2012-04-30,2026-06-24
REN.IYER,Ren Iyer,Ren.Iyer@BiTermTest.com,Enabled,Standard User,No,2018-11-26,2026-07-07
ABAE,Aoife Bae,Aoife.Bae@BiTermTest.com,Enabled,Standard User,No,2011-12-05,2026-07-27
MARTA.PETROVIC,Marta Petrovic,Marta.Petrovic@BiTermTest.com,Enabled,Standard User,No,2023-02-06,2026-07-23
DENIZ.DEVRIES,Deniz Devries,Deniz.Devries@BiTermTest.com,Enabled,Standard User,No,2018-05-29,2026-07-18
MAIALEN.VOLKOV,Maialen Volkov,Maialen.Volkov@BiTermTest.com,Enabled,Standard User,No,2022-07-11,2026-07-16
ASEO,Adaeze Seo,Adaeze.Seo@BiTermTest.com,Enabled,Standard User,No,2000-01-04,2026-07-24
IGALEA,Igalea,,Enabled,Read Only,No,2023-10-21,2024-07-20
NEMANJA.FONSECA,Nemanja Fonseca,Nemanja.Fonseca@BiTermTest.com,Enabled,Standard User,No,2022-01-31,2026-06-26
RAFAEL.KURODA,Rafael Kuroda,Rafael.Kuroda@BiTermTest.com,Enabled,Power User,No,2015-01-01,2026-07-04
EMIFSUD,Eshan Mifsud,Eshan.Mifsud@BiTermTest.com,Enabled,Read Only,No,2010-03-15,2026-07-12
DTRAORE,Duc Traore,Duc.Traore@BiTermTest.com,Enabled,Standard User,No,2013-04-29,2026-06-27
ZAINAB.MAALOUF,Zainab Maalouf,Zainab.Maalouf@BiTermTest.com,Enabled,Power User,No,2022-02-28,2026-07-10
KAMAL.HOSHINO,Kamal Hoshino,Kamal.Hoshino@BiTermTest.com,Enabled,Standard User,No,2012-10-16,2026-07-27
Anahi.Kobayashi,Anahi Kobayashi,Anahi.Kobayashi@BiTermTest.com,Enabled,Standard User,No,2011-03-08,2026-07-08
NEREA.KAMINSKI,Nerea Kaminski,Nerea.Kaminski@BiTermTest.com,Enabled,Standard User,No,2022-06-13,2026-08-04
REN.CONTI,Ren Conti,Ren.Conti@BiTermTest.com,Enabled,Power User,No,2024-05-20,2026-08-03
PETRO.IYER,Petro Iyer,Petro.Iyer@BiTermTest.com,Enabled,Standard User,No,2020-03-02,2026-07-26
Piotr.Girma,Piotr Girma,Piotr.Girma@BiTermTest.com,Enabled,Standard User,No,2017-02-01,2026-07-26
VALENTINA.KIRIGAYA,Valentina Kirigaya,Valentina.Kirigaya@BiTermTest.com,Enabled,Read Only,No,2014-05-12,2026-07-09
AWOZNIAK,Adaeze Wozniak,Adaeze.Wozniak@BiTermTest.com,Enabled,Standard User,No,2003-10-06,2026-07-13
HAMID.KRAWCZYK,Hamid Krawczyk,Hamid.Krawczyk@BiTermTest.com,Enabled,Power User,No,2024-03-25,2026-06-30
ANDRES.VUONG,Andres Vuong,Andres.Vuong@BiTermTest.com,Enabled,Power User,No,2019-11-18,2026-07-11
MAIALEN.OBIORA,Maialen Obiora,Maialen.Obiora@BiTermTest.com,Enabled,Standard User,No,2016-10-17,2026-07-17
JOVANA.FOFANA,Jovana Fofana,Jovana.Fofana@BiTermTest.com,Enabled,Standard User,No,2025-08-25,2026-07-27
Roisin.Kowalski,Roisin Kowalski,Roisin.Kowalski@BiTermTest.com,Enabled,Standard User,No,2025-01-06,2026-07-01
YUSUF.UCHIDA,Yusuf Uchida,Yusuf.Uchida@BiTermTest.com,Enabled,Standard User,No,2012-01-03,2026-07-22
PRIYA.BEKELE,Priya Bekele,Priya.Bekele@BiTermTest.com,Disabled,Standard User,No,2015-01-01,2026-07-27
DENIZ.MULDER,Deniz Mulder,Deniz.Mulder@BiTermTest.com,Enabled,Standard User,No,2015-01-01,2026-08-04
Yaretzi.Arslan,Yaretzi Arslan,Yaretzi.Arslan@BiTermTest.com,Enabled,Standard User,No,2014-07-07,2026-07-18
THIAGO.DUONG,Thiago Duong,Thiago.Duong@BiTermTest.com,Enabled,Standard User,No,2011-06-06,2026-07-21
DMITRI.AMARI,Dmitri Amari,Dmitri.Amari@BiTermTest.com,Enabled,Standard User,No,2020-09-21,2026-07-10
PMEKONNEN,Parvin Mekonnen,Parvin.Mekonnen@BiTermTest.com,Enabled,Standard User,No,2010-06-14,2026-06-28
AOI.GRABOWSKI,Aoi Grabowski,Aoi.Grabowski@BiTermTest.com,Enabled,Power User,No,2024-11-11,2026-06-22
BJORN.KOCAK,Bjorn Kocak,Bjorn.Kocak@BiTermTest.com,Enabled,Power User,No,2018-08-06,2026-07-03
PIOTR.NOVAK,Piotr Novak,Piotr.Novak@BiTermTest.com,Enabled,Standard User,No,2025-08-18,2026-08-04
VOLKAN.KOCAK,Volkan Kocak,Volkan.Kocak@BiTermTest.com,Enabled,Standard User,No,2021-03-22,2026-07-20
DPHAM,Duc Pham,Duc.Pham@BiTermTest.com,Enabled,Standard User,No,2008-12-22,2026-07-11
ROHAN.RICCI,Rohan Ricci,Rohan.Ricci@BiTermTest.com,Enabled,Administrator,Yes,2024-11-18,2026-06-25
EMRE.PHAM,Emre Pham,Emre.Pham@BiTermTest.com,Enabled,Power User,No,2014-03-17,2026-08-02
OIHANE.MUKHERJEE,Oihane Mukherjee,Oihane.Mukherjee@BiTermTest.com,Enabled,Read Only,No,2025-02-06,2026-06-22
TKEITA,Thabo Keita,Thabo.Keita@BiTermTest.com,Enabled,Standard User,No,1997-05-26,2026-07-20
CHIDI.FERREIRA,Chidi Ferreira,Chidi.Ferreira@BiTermTest.com,Enabled,Standard User,No,2015-08-24,2026-07-30
YUSUF.UCHIDA,Yusuf Uchida,Yusuf.Uchida@BiTermTest.com,Enabled,Standard User,No,2025-05-05,2026-07-22
MVOLKOV,Maialen Volkov,Maialen.Volkov@BiTermTest.com,Enabled,Standard User,No,2009-12-18,2026-08-01
ZAHRA.MOROZOV,Zahra Morozov,Zahra.Morozov@BiTermTest.com,Enabled,Standard User,No,2023-04-03,2026-06-23
BAO.EGOROV,Bao Egorov,Bao.Egorov@BiTermTest.com,Enabled,Read Only,No,2019-02-25,2026-07-23
TRUNG.POLAT,Trung Polat,Trung.Polat@BiTermTest.com,Enabled,Standard User,No,2012-09-10,2026-07-30
VASIL.FARRUGIA,Vasil Farrugia,vasil.farrugia@bitermtest.com,Enabled,Standard User,No,2023-10-25,2024-11-07
Ren.Kwon,Ren Kwon,Ren.Kwon@BiTermTest.com,Enabled,Standard User,No,2017-06-26,2026-07-25
HUI.RIBEIRO,Hui Ribeiro,Hui.Ribeiro@BiTermTest.com,Enabled,Standard User,No,2021-10-11,2026-07-29
VTRAORE,Vtraore,vtraore@bitermtest.com,Enabled,Service Account,Yes,2022-01-30,2025-06-16
BMORETTI,Beatriz Moretti,Beatriz.Moretti@BiTermTest.com,Disabled,Read Only,No,2010-11-08,2026-07-06
JMULDER,Jovana Mulder,Jovana.Mulder@BiTermTest.com,Enabled,Administrator,Yes,2003-04-28,2026-07-10
LAZEVEDO,Lars Azevedo,Lars.Azevedo@BiTermTest.com,Enabled,Power User,No,2008-12-08,2026-07-25
NEMANJA.KAMINSKI,Nemanja Kaminski,Nemanja.Kaminski@BiTermTest.com,Enabled,Standard User,No,2022-12-09,2026-07-18
ANOUK.DEVRIES,Anouk Devries,Anouk.Devries@BiTermTest.com,Disabled,Standard User,No,2025-06-24,2026-08-01
Gita.Malhotra,Gita Malhotra,Gita.Malhotra@BiTermTest.com,Enabled,Standard User,No,2017-10-16,2026-06-23
SCAMILLERI,Siobhan Camilleri,Siobhan.Camilleri@BiTermTest.com,Enabled,Standard User,No,2014-03-31,2026-06-30
AGNIESZKA.OLIVEIRA,Agnieszka Oliveira,Agnieszka.Oliveira@BiTermTest.com,Enabled,Standard User,No,2020-02-24,2026-07-15
MGALEA,Mgalea,,Enabled,Power User,No,2022-12-01,2026-02-08
AGNIESZKA.BAE,Agnieszka Bae,Agnieszka.Bae@BiTermTest.com,Enabled,Standard User,No,2022-06-13,2026-07-07
JMUKHERJEE,Jelani Mukherjee,Jelani.Mukherjee@BiTermTest.com,Enabled,Standard User,No,2005-12-05,2026-06-29
NAOKO.DESAI,Naoko Desai,Naoko.Desai@BiTermTest.com,Enabled,Standard User,No,2006-07-26,2026-07-28
LARS.SAKAMOTO,Lars Sakamoto,Lars.Sakamoto@BiTermTest.com,Enabled,Standard User,No,2019-09-30,2026-06-30
TFOFANA,Tomasz Fofana,Tomasz.Fofana@BiTermTest.com,Enabled,Read Only,No,2013-03-06,2026-07-31
XIMENA.DEMIR,Ximena Demir,Ximena.Demir@BiTermTest.com,Enabled,Standard User,No,2015-01-20,2026-07-08
MARISOL.AMARI,Marisol Amari,Marisol.Amari@BiTermTest.com,Enabled,Standard User,No,2021-09-20,2026-08-04
BOGDAN.BAE,Bogdan Bae,Bogdan.Bae@BiTermTest.com,Enabled,Standard User,No,2015-12-14,2026-07-27
SPETROVIC,Spetrovic,spetrovic@bitermtest.com,Enabled,Standard User,No,2023-10-23,2024-09-29
RENATA.SANDBERG,Renata Sandberg,renata.sandberg@bitermtest.com,Enabled,Standard User,No,2023-09-02,2024-07-26
AMAIA.WATANABE,Amaia Watanabe,Amaia.Watanabe@BiTermTest.com,Enabled,Administrator,Yes,2001-10-12,2026-08-02
YUSUF.KAMINSKI,Yusuf Kaminski,Yusuf.Kaminski@BiTermTest.com,Enabled,Read Only,No,2019-07-08,2026-06-25
JANUSZ.SZYMANSKI,Janusz Szymanski,Janusz.Szymanski@BiTermTest.com,Enabled,Standard User,No,2022-03-21,2026-07-20
SIPHO.CARDOSO,Sipho Cardoso,Sipho.Cardoso@BiTermTest.com,Enabled,Power User,No,2020-03-16,2026-06-28
JELANI.BARBOSA,Jelani Barbosa,Jelani.Barbosa@BiTermTest.com,Enabled,Standard User,No,2025-12-29,2026-07-23
BASIM.DEMIR,Basim Demir,Basim.Demir@BiTermTest.com,Enabled,Standard User,No,2008-02-25,2026-08-05
HENRYK.FORSBERG,Henryk Forsberg,Henryk.Forsberg@BiTermTest.com,Enabled,Standard User,No,2016-12-05,2026-06-25
VOLKAN.KEBEDE,Volkan Kebede,Volkan.Kebede@BiTermTest.com,Enabled,Standard User,No,2016-04-11,2026-06-29
DECLAN.PILLAI,Declan Pillai,Declan.Pillai@BiTermTest.com,Enabled,Standard User,No,2025-08-19,2026-07-17
QFONSECA,Qfonseca2 User,QFonseca2@BiTermTest.com,Enabled,Standard User,No,2002-07-11,2026-07-11
MAITE.DAHLBERG,Maite Dahlberg,Maite.Dahlberg@BiTermTest.com,Enabled,Standard User,No,2016-04-11,2026-07-15
BJORN.OKONKWO,Bjorn Okonkwo,Bjorn.Okonkwo@BiTermTest.com,Enabled,Standard User,No,2014-03-10,2026-07-28
AMICALLEF,Anika Micallef,Anika.Micallef@BiTermTest.com,Enabled,Standard User,No,2008-07-14,2026-07-08
KDANG,Katya Dang,Katya.Dang@BiTermTest.com,Enabled,Read Only,No,2008-05-27,2026-07-14
YARETZI.BAE,Yaretzi Bae,Yaretzi.Bae@BiTermTest.com,Enabled,Administrator,Yes,2025-08-25,2026-08-04
ROHAN.MATSUDA,Rohan Matsuda,Rohan.Matsuda@BiTermTest.com,Enabled,Standard User,No,2018-08-06,2026-07-07
FERNANDA.MULDER,Fernanda Mulder,Fernanda.Mulder@BiTermTest.com,Enabled,Standard User,No,2015-05-04,2026-06-23
CILLIAN.CELIK,Cillian Celik,Cillian.Celik@BiTermTest.com,Enabled,Administrator,Yes,2021-11-08,2026-07-31
INES.MALHOTRA,Ines Malhotra,Ines.Malhotra@BiTermTest.com,Enabled,Standard User,No,2014-09-29,2026-07-03
MEERA.SAHIN,Meera Sahin,Meera.Sahin@BiTermTest.com,Enabled,Power User,No,2025-07-25,2026-07-25
ANDRES.VOLKOV,Andres Volkov,Andres.Volkov@BiTermTest.com,Enabled,Read Only,No,2016-03-29,2026-07-04
NARSLAN,Narslan,,Enabled,Standard User,No,2023-07-08,2024-09-07
ISOWANDE,Izaro Sowande,Izaro.Sowande@BiTermTest.com,Disabled,Power User,No,2009-08-17,2026-07-09
EKEBEDE,Eneko Kebede,Eneko.Kebede@BiTermTest.com,Enabled,Standard User,No,2002-06-10,2026-07-22
ANDRES.FUJIMOTO,Andres Fujimoto,Andres.Fujimoto@BiTermTest.com,Enabled,Standard User,No,2021-06-07,2026-07-24
DECLAN.IVANOV,Declan Ivanov,Declan.Ivanov@BiTermTest.com,Disabled,Standard User,No,2025-06-10,2026-06-25
KENJI.MULDER,Kenji Mulder,Kenji.Mulder@BiTermTest.com,Enabled,Standard User,No,1995-12-07,2026-07-31
ASTRID.MIFSUD,Astrid Mifsud,Astrid.Mifsud@BiTermTest.com,Enabled,Read Only,No,2025-05-13,2026-07-15
SANNE.DESTA,Sanne Desta,Sanne.Desta@BiTermTest.com,Enabled,Standard User,No,2024-06-10,2026-07-01
TEODORA.DIALLO,Teodora Diallo,Teodora.Diallo@BiTermTest.com,Enabled,Power User,No,2008-03-17,2026-06-28
CEM.DEKKER,Cem Dekker,Cem.Dekker@BiTermTest.com,Enabled,Standard User,No,2023-04-05,2026-07-24
ROHAN.CHUKWU,Rohan Chukwu,Rohan.Chukwu@BiTermTest.com,Enabled,Administrator,Yes,2012-07-30,2026-07-10
IWOZNIAK,Ilya Wozniak,Ilya.Wozniak@BiTermTest.com,Disabled,Standard User,No,2006-05-09,2026-07-14
TASANTE,Tasante,,Enabled,Service Account,Yes,2021-12-31,2024-08-13
YUKI.DESHPANDE,Yuki Deshpande,Yuki.Deshpande@BiTermTest.com,Disabled,Read Only,No,2021-07-13,2026-07-28
SEDA.BHATTACHARYA,Seda Bhattacharya,Seda.Bhattacharya@BiTermTest.com,Enabled,Administrator,Yes,2019-03-25,2026-06-29
MIVANOV,Minho Ivanov,Minho.Ivanov@BiTermTest.com,Enabled,Standard User,No,2005-12-05,2026-06-26
EAMON.DEKKER,Eamon Dekker,Eamon.Dekker@BiTermTest.com,Enabled,Standard User,No,2025-08-25,2026-07-30
LHAILE,Linh Haile,Linh.Haile@BiTermTest.com,Enabled,Standard User,No,2005-02-14,2026-06-23
TNWOSU,Thao Nwosu,Thao.Nwosu@BiTermTest.com,Enabled,Standard User,No,2013-08-05,2026-07-23
VALENTINA.MORETTI,Valentina Moretti,Valentina.Moretti@BiTermTest.com,Disabled,Power User,No,2024-11-11,2026-07-08
NAOKO.KIRIGAYA,Naoko Kirigaya,Naoko.Kirigaya@BiTermTest.com,Enabled,Standard User,No,2022-12-19,2026-07-17
NAYELI.OBIORA,Nayeli Obiora,Nayeli.Obiora@BiTermTest.com,Enabled,Standard User,No,2019-06-10,2026-07-09
MAIALEN.NDIAYE,Maialen Ndiaye,Maialen.Ndiaye@BiTermTest.com,Enabled,Standard User,No,2025-05-13,2026-08-01
RAFAEL.WOJCIK,Rafael Wojcik,Rafael.Wojcik@BiTermTest.com,Disabled,Read Only,No,2020-05-31,2026-08-05
YUKI.MOROZOV,Yuki Morozov,Yuki.Morozov@BiTermTest.com,Enabled,Standard User,No,2021-03-01,2026-06-23
Vandana.Lindqvist,Vandana Lindqvist,Vandana.Lindqvist@BiTermTest.com,Enabled,Standard User,No,2017-04-10,2026-07-27
AARSLAN,Aarslan,aarslan@bitermtest.com,Enabled,Read Only,No,2023-10-30,2025-05-23
IKER.SAXENA,Iker Saxena,Iker.Saxena@BiTermTest.com,Enabled,Read Only,No,2021-07-27,2026-07-16
TDUONG,Thiago Duong,Thiago.Duong@BiTermTest.com,Disabled,Standard User,No,2010-05-10,2026-07-01
ADEVRIES,Anahi Devries,Anahi.Devries@BiTermTest.com,Enabled,Administrator,Yes,1988-07-13,2026-07-29
EMRE.RAHAL,Emre Rahal,Emre.Rahal@BiTermTest.com,Enabled,Standard User,No,2025-05-15,2026-07-21
DUC.JEONG,Duc Jeong,Duc.Jeong@BiTermTest.com,Enabled,Standard User,No,2024-06-03,2026-08-03
TOMASZ.BARBOSA,Tomasz Barbosa,Tomasz.Barbosa@BiTermTest.com,Enabled,Read Only,No,2019-05-08,2026-06-30
DVARMA,Dvarma,dvarma@bitermtest.com,Enabled,Power User,No,2022-04-02,2026-01-28
YUKI.TRIVEDI,Yuki Trivedi,Yuki.Trivedi@BiTermTest.com,Enabled,Standard User,No,2022-01-10,2026-07-27
AOI.SLEIMAN,Aoi Sleiman,Aoi.Sleiman@BiTermTest.com,Enabled,Standard User,No,2023-02-20,2026-07-05
MARISOL.BUI,Marisol Bui,Marisol.Bui@BiTermTest.com,Enabled,Standard User,No,2023-08-30,2026-07-08
FGALLO,Feng Gallo,Feng.Gallo@BiTermTest.com,Enabled,Administrator,Yes,2003-05-05,2026-07-08
IRICCI,Iricci,iricci@bitermtest.com,Enabled,Standard User,No,2022-12-22,2026-06-05
LARS.AKSOY,Lars Aksoy,Lars.Aksoy@BiTermTest.com,Enabled,Standard User,No,2017-12-04,2026-07-16
LARS.MEIJER,Lars Meijer,Lars.Meijer@BiTermTest.com,Enabled,Read Only,No,2014-08-05,2026-08-01
MATTEO.PHAM,Matteo Pham,Matteo.Pham@BiTermTest.com,Enabled,Standard User,No,2019-09-09,2026-07-14
KAMAL.NDIAYE,Kamal Ndiaye,Kamal.Ndiaye@BiTermTest.com,Enabled,Standard User,No,2022-03-07,2026-07-11
HUONG.WORKU,Huong Worku,Huong.Worku@BiTermTest.com,Enabled,Standard User,No,2024-02-12,2026-07-07
DIEGO.GIRMA,Diego Girma,Diego.Girma@BiTermTest.com,Enabled,Standard User,No,2020-07-13,2026-06-24
FEMI.DELUCA,Femi Deluca,Femi.Deluca@BiTermTest.com,Enabled,Standard User,No,2015-09-15,2026-07-15
MCHOPRA,Maialen Chopra,Maialen.Chopra@BiTermTest.com,Enabled,Power User,No,2010-02-02,2026-07-17
NAOKO.FERREIRA,Naoko Ferreira,Naoko.Ferreira@BiTermTest.com,Disabled,Standard User,No,2021-01-25,2026-07-06
IKER.SOWANDE,Iker Sowande,Iker.Sowande@BiTermTest.com,Enabled,Standard User,No,2020-09-15,2026-07-14
HARUTO.FUJIMOTO,Haruto Fujimoto,Haruto.Fujimoto@BiTermTest.com,Enabled,Administrator,Yes,2022-01-10,2026-07-14
GORKA.KHOURY,Gorka Khoury,Gorka.Khoury@BiTermTest.com,Enabled,Standard User,No,2025-08-19,2026-07-25
XOWUSU,Ximena Owusu,Ximena.Owusu@BiTermTest.com,Enabled,Administrator,Yes,2010-04-19,2026-07-29
TENOCH.HADDAD,Tenoch Haddad,Tenoch.Haddad@BiTermTest.com,Enabled,Power User,No,2024-12-09,2026-07-15
ENEKO.STOJANOVIC,Eneko Stojanovic,Eneko.Stojanovic@BiTermTest.com,Enabled,Standard User,No,2022-09-06,2026-07-07
CAMILA.NAKAMURA,Camila Nakamura,Camila.Nakamura@BiTermTest.com,Enabled,Read Only,No,2024-01-29,2026-07-05
THABO.KURODA,Thabo Kuroda,Thabo.Kuroda@BiTermTest.com,Enabled,Standard User,No,2025-05-13,2026-06-25
LAN.AMARI,Lan Amari,Lan.Amari@BiTermTest.com,Enabled,Standard User,No,2015-01-01,2026-08-01
MARTA.ADEYEMI,Marta Adeyemi,Marta.Adeyemi@BiTermTest.com,Enabled,Power User,No,2021-07-19,2026-07-20
MIKKEL.ATTARD,Mikkel Attard,Mikkel.Attard@BiTermTest.com,Enabled,Read Only,No,2026-02-27,2026-07-30
Rohan.Arslan,Rohan Arslan,Rohan.Arslan@BiTermTest.com,Enabled,Read Only,No,2023-05-15,2026-06-26
RASHIDA.BOATENG,Rashida Boateng,Rashida.Boateng@BiTermTest.com,Enabled,Standard User,No,2025-08-25,2026-07-24
YUSUF.FEDOROV,Yusuf Fedorov,Yusuf.Fedorov@BiTermTest.com,Enabled,Power User,No,2007-03-19,2026-08-01
NEMANJA.YOON,Nemanja Yoon,Nemanja.Yoon@BiTermTest.com,Enabled,Standard User,No,2015-01-01,2026-06-30
YUKI.NOWAK,Yuki Nowak,Yuki.Nowak@BiTermTest.com,Enabled,Standard User,No,2025-06-10,2026-07-24
ESHAN.ISHIKAWA,Eshan Ishikawa,Eshan.Ishikawa@BiTermTest.com,Enabled,Standard User,No,2015-03-02,2026-07-08
SAKURA.OBIORA,Sakura Obiora,Sakura.Obiora@BiTermTest.com,Enabled,Administrator,Yes,2014-10-22,2026-07-16
RFARRUGIA,Rafael Farrugia,Rafael.Farrugia@BiTermTest.com,Enabled,Standard User,No,1994-06-28,2026-06-22
SIPHO.NOVAK,Sipho Novak,Sipho.Novak@BiTermTest.com,Enabled,Standard User,No,2014-04-28,2026-07-03
MEERA.WOJCIK,Meera Wojcik,Meera.Wojcik@BiTermTest.com,Enabled,Standard User,No,2025-05-13,2026-07-20
LINH.AYDIN,Linh Aydin,Linh.Aydin@BiTermTest.com,Enabled,Read Only,No,2019-12-02,2026-06-22
THABO.HWANG,Thabo Hwang,Thabo.Hwang@BiTermTest.com,Enabled,Standard User,No,2014-11-06,2026-07-21
TEODORA.JANKOWSKI,Teodora Jankowski,Teodora.Jankowski@BiTermTest.com,Enabled,Power User,No,2025-08-19,2026-07-04
HYILMAZ,Hyilmaz,hyilmaz@bitermtest.com,Enabled,Service Account,Yes,2023-10-19,2024-05-28
KKIRIGAYA,Kkirigaya,kkirigaya@bitermtest.com,Enabled,Standard User,No,2023-07-11,2025-10-19
OKSANA.MENON,Oksana Menon,Oksana.Menon@BiTermTest.com,Enabled,Standard User,No,2014-06-16,2026-07-08
MIVANOV,Minho Ivanov,Minho.Ivanov@BiTermTest.com,Enabled,Standard User,No,2010-07-06,2026-06-26
TAO.CHATTERJEE,Tao Chatterjee,,Enabled,Read Only,No,2023-04-10,2024-10-08
RCAMARA,Rohan Camara,Rohan.Camara@BiTermTest.com,Enabled,Standard User,No,2013-12-02,2026-07-06
REN.ASLAN,Ren Aslan,Ren.Aslan@BiTermTest.com,Disabled,Read Only,No,2026-02-27,2026-07-27
OTEIXEIRA,Oksana Teixeira,Oksana.Teixeira@BiTermTest.com,Enabled,Read Only,No,2011-09-19,2026-06-28
YLINDQVIST,Yevhen Lindqvist,Yevhen.Lindqvist@BiTermTest.com,Enabled,Power User,No,2000-06-19,2026-07-02
RASHIDA.BAE,Rashida Bae,Rashida.Bae@BiTermTest.com,Enabled,Read Only,No,2022-02-21,2026-07-22
RENATA.DUONG,Renata Duong,Renata.Duong@BiTermTest.com,Enabled,Standard User,No,2013-08-22,2026-06-23
YNIKOLIC,Ynikolic,ynikolic@bitermtest.com,Enabled,Read Only,No,2023-01-03,2025-03-25
YAN.KRAWCZYK,Yan Krawczyk,Yan.Krawczyk@BiTermTest.com,Disabled,Standard User,No,2019-09-02,2026-06-25
OMORETTI,Omoretti1 User,OMoretti1@BiTermTest.com,Enabled,Standard User,No,2009-11-23,2026-07-12
VALENTINA.LUNDGREN,Valentina Lundgren,Valentina.Lundgren@BiTermTest.com,Enabled,Standard User,No,2021-12-13,2026-07-03
LUCIA.SAXENA,Lucia Saxena,Lucia.Saxena@BiTermTest.com,Enabled,Read Only,No,2020-10-26,2026-08-04
DCASSAR,Daan Cassar,Daan.Cassar@BiTermTest.com,Enabled,Standard User,No,2013-04-01,2026-06-27
MATTEO.PHAM,Matteo Pham,Matteo.Pham@BiTermTest.com,Enabled,Standard User,No,2025-11-03,2026-07-14
LARSLAN,Leila Arslan,Leila.Arslan@BiTermTest.com,Enabled,Administrator,Yes,2013-07-08,2026-07-08
Quang.Esposito,Quang Esposito,Quang.Esposito@BiTermTest.com,Enabled,Standard User,No,2016-05-09,2026-07-26
IKER.SAXENA,Iker Saxena,Iker.Saxena@BiTermTest.com,Enabled,Read Only,No,2019-10-21,2026-07-16
YDUONG,Yaretzi Duong,Yaretzi.Duong@BiTermTest.com,Enabled,Standard User,No,1999-12-27,2026-07-28
NAOKO.VISSER,Naoko Visser,Naoko.Visser@BiTermTest.com,Enabled,Power User,No,2021-04-13,2026-06-22
FMIFSUD,Feng Mifsud,Feng.Mifsud@BiTermTest.com,Enabled,Standard User,No,2011-04-01,2026-08-05
CITLALI.MORETTI,Citlali Moretti,Citlali.Moretti@BiTermTest.com,Enabled,Standard User,No,2024-09-09,2026-07-13
TENOCH.HOLMGREN,Tenoch Holmgren,Tenoch.Holmgren@BiTermTest.com,Enabled,Standard User,No,2016-02-01,2026-07-29
SAKURA.FUJIMOTO,Sakura Fujimoto,Sakura.Fujimoto@BiTermTest.com,Enabled,Read Only,No,2017-05-15,2026-07-17
FENG.SOWANDE,Feng Sowande,Feng.Sowande@BiTermTest.com,Enabled,Standard User,No,2015-01-01,2026-06-29
MATEO.ZAMMIT,Mateo Zammit,Mateo.Zammit@BiTermTest.com,Enabled,Standard User,No,2021-04-19,2026-07-30
JISOO.MORETTI,Jisoo Moretti,Jisoo.Moretti@BiTermTest.com,Enabled,Standard User,No,2016-03-01,2026-07-18
AMUKHERJEE,Aoi Mukherjee,Aoi.Mukherjee@BiTermTest.com,Enabled,Standard User,No,2012-02-29,2026-06-23
RENATA.ROSSI,Renata Rossi,Renata.Rossi@BiTermTest.com,Enabled,Read Only,No,2024-12-30,2026-06-24
FREJA.ATTARD,Freja Attard,Freja.Attard@BiTermTest.com,Enabled,Standard User,No,2021-07-15,2026-07-16
ESHAN.EZEANI,Eshan Ezeani,Eshan.Ezeani@BiTermTest.com,Enabled,Read Only,No,2024-04-08,2026-08-03
CHIDI.KIRIGAYA,Chidi Kirigaya,Chidi.Kirigaya@BiTermTest.com,Enabled,Standard User,No,2016-05-16,2026-07-06
PARVIN.AZEVEDO,Parvin Azevedo,Parvin.Azevedo@BiTermTest.com,Enabled,Standard User,No,2015-09-04,2026-07-29
AOIFE.NGO,Aoife Ngo,Aoife.Ngo@BiTermTest.com,Enabled,Standard User,No,2021-08-30,2026-08-02
BIANCA.SAKAMOTO,Bianca Sakamoto,Bianca.Sakamoto@BiTermTest.com,Enabled,Power User,No,2022-08-08,2026-07-09
MDESHPANDE,Mei Deshpande,Mei.Deshpande@BiTermTest.com,Enabled,Standard User,No,2011-03-21,2026-07-02
GORKA.EGOROV,Gorka Egorov,Gorka.Egorov@BiTermTest.com,Enabled,Standard User,No,2020-08-31,2026-07-19
HANA.NOVIKOV,Hana Novikov,Hana.Novikov@BiTermTest.com,Disabled,Standard User,No,2025-04-14,2026-08-05
ROHAN.NWOSU,Rohan Nwosu,Rohan.Nwosu@BiTermTest.com,Enabled,Standard User,No,2015-11-23,2026-07-16
BIANCA.DJORDJEVIC,Bianca Djordjevic,Bianca.Djordjevic@BiTermTest.com,Enabled,Standard User,No,2017-06-26,2026-07-05
ELZBIETA.DESTA,Elzbieta Desta,Elzbieta.Desta@BiTermTest.com,Enabled,Standard User,No,2025-05-15,2026-07-12
EAMON.ZIELINSKI,Eamon Zielinski,Eamon.Zielinski@BiTermTest.com,Enabled,Read Only,No,2025-04-07,2026-07-22
YAN.CELIK,Yan Celik,Yan.Celik@BiTermTest.com,Disabled,Standard User,No,2021-07-12,2026-08-05
EAMON.ALEMU,Eamon Alemu,Eamon.Alemu@BiTermTest.com,Enabled,Standard User,No,2015-02-23,2026-06-22
ZOFIA.FEDOROV,Zofia Fedorov,Zofia.Fedorov@BiTermTest.com,Enabled,Read Only,No,2024-09-09,2026-07-12
ASTRID.FOFANA,Astrid Fofana,Astrid.Fofana@BiTermTest.com,Enabled,Standard User,No,2007-07-12,2026-07-14
SATTARD,Seda Attard,Seda.Attard@BiTermTest.com,Enabled,Read Only,No,1998-05-12,2026-07-14
OMAR.AGARWAL,Omar Agarwal,Omar.Agarwal@BiTermTest.com,Enabled,Standard User,No,2022-04-11,2026-07-01
JEROEN.KURODA,Jeroen Kuroda,Jeroen.Kuroda@BiTermTest.com,Enabled,Read Only,No,2021-09-20,2026-06-30
ANAHI.KOBAYASHI,Anahi Kobayashi,Anahi.Kobayashi@BiTermTest.com,Enabled,Standard User,No,2020-01-13,2026-07-25
XIMENA.TRAORE,Ximena Traore,Ximena.Traore@BiTermTest.com,Enabled,Standard User,No,2007-11-05,2026-07-29
SANNE.PETROVIC,Sanne Petrovic,Sanne.Petrovic@BiTermTest.com,Enabled,Power User,No,2014-06-02,2026-07-09
ANIKA.KOCAK,Anika Kocak,Anika.Kocak@BiTermTest.com,Enabled,Read Only,No,2024-12-09,2026-07-06
BJORN.KURODA,Bjorn Kuroda,Bjorn.Kuroda@BiTermTest.com,Enabled,Standard User,No,2009-04-08,2026-08-05
DENIZ.DEVRIES,Deniz Devries,Deniz.Devries@BiTermTest.com,Enabled,Standard User,No,2024-05-28,2026-07-18
AOIFE.YILMAZ,Aoife Yilmaz,Aoife.Yilmaz@BiTermTest.com,Enabled,Standard User,No,2019-07-15,2026-06-30
MINH.TITOV,Minh Titov,Minh.Titov@BiTermTest.com,Disabled,Standard User,No,2025-06-30,2026-07-08
JOAO.YOON,Joao Yoon,Joao.Yoon@BiTermTest.com,Enabled,Read Only,No,2025-12-26,2026-06-22
MING.ENGSTROM,Ming Engstrom,Ming.Engstrom@BiTermTest.com,Enabled,Standard User,No,2024-09-16,2026-07-22
INES.JANKOWSKI,Ines Jankowski,Ines.Jankowski@BiTermTest.com,Enabled,Standard User,No,2015-01-01,2026-07-30
FEMI.DELUCA,Femi Deluca,Femi.Deluca@BiTermTest.com,Enabled,Standard User,No,2015-01-05,2026-07-15
KAMAL.BARAKA,Kamal Baraka,Kamal.Baraka@BiTermTest.com,Enabled,Administrator,Yes,2025-02-19,2026-07-28
TBARBOSA,Thiago Barbosa,Thiago.Barbosa@BiTermTest.com,Enabled,Read Only,No,2008-04-21,2026-07-16
SAKURA.OBIORA,Sakura Obiora,Sakura.Obiora@BiTermTest.com,Enabled,Administrator,Yes,2015-01-01,2026-07-16
ANAHI.CHUKWU,Anahi Chukwu,Anahi.Chukwu@BiTermTest.com,Enabled,Standard User,No,2017-05-01,2026-07-31
YAN.OBIORA,Yan Obiora,Yan.Obiora@BiTermTest.com,Enabled,Standard User,No,2025-10-20,2026-07-03
KAVITA.AFOLABI,Kavita Afolabi,Kavita.Afolabi@BiTermTest.com,Enabled,Standard User,No,2013-11-21,2026-08-03
MEERA.ROSSI,Meera Rossi,Meera.Rossi@BiTermTest.com,Enabled,Read Only,No,2016-06-27,2026-07-19
ALESSANDRO.FAKHOURY,Alessandro Fakhoury,Alessandro.Fakhoury@BiTermTest.com,Enabled,Standard User,No,2018-06-01,2026-08-01
VUCHIDA,Vandana Uchida,Vandana.Uchida@BiTermTest.com,Enabled,Standard User,No,2010-09-20,2026-07-17
ANAHI.CONTI,Anahi Conti,Anahi.Conti@BiTermTest.com,Enabled,Standard User,No,2024-10-07,2026-07-07
MILAN.BUI,Milan Bui,Milan.Bui@BiTermTest.com,Enabled,Standard User,No,2020-05-25,2026-07-13
MDAHLBERG,Maite Dahlberg,Maite.Dahlberg@BiTermTest.com,Enabled,Standard User,No,1998-06-29,2026-07-02
Nemanja.Duong,Nemanja Duong,Nemanja.Duong@BiTermTest.com,Enabled,Standard User,No,2015-01-01,2026-06-24
NGOZI.BARAKA,Ngozi Baraka,Ngozi.Baraka@BiTermTest.com,Enabled,Standard User,No,2023-01-03,2026-07-22
Lorenzo.Malhotra,Lorenzo Malhotra,Lorenzo.Malhotra@BiTermTest.com,Enabled,Standard User,No,2020-08-24,2026-06-28
TRUNG.NOVAK,Trung Novak,Trung.Novak@BiTermTest.com,Enabled,Standard User,No,2015-02-23,2026-07-31
DUC.NOVIKOV,Duc Novikov,Duc.Novikov@BiTermTest.com,Enabled,Power User,No,2023-03-20,2026-07-24
DRAGAN.REDDY,Dragan Reddy,Dragan.Reddy@BiTermTest.com,Enabled,Standard User,No,2021-01-04,2026-06-25
LARS.FOFANA,Lars Fofana,Lars.Fofana@BiTermTest.com,Enabled,Standard User,No,2016-01-05,2026-07-26
ILYA.WOZNIAK,Ilya Wozniak,Ilya.Wozniak@BiTermTest.com,Enabled,Standard User,No,2015-04-01,2026-07-21
SIPHO.CHOPRA,Sipho Chopra,Sipho.Chopra@BiTermTest.com,Enabled,Standard User,No,2025-04-07,2026-07-12
INES.FOFANA,Ines Fofana,Ines.Fofana@BiTermTest.com,Enabled,Standard User,No,2015-01-01,2026-07-01
REN.DESTA,Ren Desta,Ren.Desta@BiTermTest.com,Enabled,Read Only,No,2016-10-05,2026-07-27
YAN.VANDENBERG,Yan Vandenberg,Yan.Vandenberg@BiTermTest.com,Enabled,Standard User,No,2015-01-01,2026-07-17
REN.LAI,Ren Lai,Ren.Lai@BiTermTest.com,Enabled,Standard User,No,2023-03-27,2026-07-21
AGNIESZKA.HOANG,Agnieszka Hoang,Agnieszka.Hoang@BiTermTest.com,Enabled,Standard User,No,2017-10-02,2026-07-01
CUAUHTEMOC.EZEANI,Cuauhtemoc Ezeani,Cuauhtemoc.Ezeani@BiTermTest.com,Enabled,Standard User,No,2026-02-16,2026-07-18
XFERRARI,Xiu Ferrari,Xiu.Ferrari@BiTermTest.com,Enabled,Standard User,No,2000-01-17,2026-07-01
REN.DIALLO,Ren Diallo,Ren.Diallo@BiTermTest.com,Enabled,Standard User,No,2020-01-06,2026-08-05
KENJI.TESFAYE,Kenji Tesfaye,Kenji.Tesfaye@BiTermTest.com,Enabled,Power User,No,2020-02-17,2026-06-28
YUSUF.DESHPANDE,Yusuf Deshpande,Yusuf.Deshpande@BiTermTest.com,Enabled,Standard User,No,2026-03-02,2026-07-15
TAHIRA.SAKAMOTO,Tahira Sakamoto,Tahira.Sakamoto@BiTermTest.com,Enabled,Standard User,No,2014-07-14,2026-08-05
JELANI.BARBOSA,Jelani Barbosa,Jelani.Barbosa@BiTermTest.com,Enabled,Standard User,No,2016-08-22,2026-07-23
AMAIA.OHTANI,Amaia Ohtani,Amaia.Ohtani@BiTermTest.com,Enabled,Standard User,No,1999-08-30,2026-07-18
NEMANJA.NIKOLIC,Nemanja Nikolic,Nemanja.Nikolic@BiTermTest.com,Disabled,Administrator,Yes,2015-05-04,2026-07-11
CUAUHTEMOC.KAPOOR,Cuauhtemoc Kapoor,Cuauhtemoc.Kapoor@BiTermTest.com,Enabled,Read Only,No,2023-05-30,2026-06-22
AOIFE.NGO,Aoife Ngo,Aoife.Ngo@BiTermTest.com,Enabled,Standard User,No,2017-04-18,2026-08-02
ATRIVEDI,Arjun Trivedi,Arjun.Trivedi@BiTermTest.com,Enabled,Standard User,No,2012-06-04,2026-07-24
LALEH.BOATENG,Laleh Boateng,Laleh.Boateng@BiTermTest.com,Enabled,Read Only,No,2025-05-13,2026-06-22
JANUSZ.MIFSUD,Janusz Mifsud,Janusz.Mifsud@BiTermTest.com,Enabled,Standard User,No,2020-09-22,2026-08-05
RENATA.KOBAYASHI,Renata Kobayashi,Renata.Kobayashi@BiTermTest.com,Enabled,Standard User,No,2021-04-26,2026-07-13
VOLKAN.CHATTERJEE,Volkan Chatterjee,Volkan.Chatterjee@BiTermTest.com,Enabled,Standard User,No,2023-02-13,2026-07-30
ROISIN.ASLAN,Roisin Aslan,Roisin.Aslan@BiTermTest.com,Enabled,Standard User,No,2020-11-30,2026-07-22
CUAUHTEMOC.BARAKA,Cuauhtemoc Baraka,Cuauhtemoc.Baraka@BiTermTest.com,Enabled,Standard User,No,2022-04-14,2026-07-08
MARTA.ADEYEMI,Marta Adeyemi,Marta.Adeyemi@BiTermTest.com,Enabled,Power User,No,2011-11-28,2026-07-20
JOVANA.MULDER,Jovana Mulder,Jovana.Mulder@BiTermTest.com,Enabled,Read Only,No,2018-09-09,2026-08-05
YASMIN.WATANABE,Yasmin Watanabe,Yasmin.Watanabe@BiTermTest.com,Enabled,Standard User,No,2023-07-10,2026-07-11
MAHMOUD.DEMIR,Mahmoud Demir,Mahmoud.Demir@BiTermTest.com,Enabled,Standard User,No,2025-08-19,2026-08-04
BASIM.DEKKER,Basim Dekker,Basim.Dekker@BiTermTest.com,Enabled,Standard User,No,2021-11-16,2026-07-28
SEDA.FONSECA,Seda Fonseca,seda.fonseca@bitermtest.com,Enabled,Service Account,Yes,2023-10-27,2024-09-08
MARISOL.VISSER,Marisol Visser,Marisol.Visser@BiTermTest.com,Enabled,Read Only,No,2017-03-21,2026-07-16
Astrid.Mensah,Astrid Mensah,Astrid.Mensah@BiTermTest.com,Enabled,Standard User,No,2008-11-24,2026-07-28
ESHAN.RICCI,Eshan Ricci,Eshan.Ricci@BiTermTest.com,Enabled,Standard User,No,2019-03-04,2026-07-11
TEODORA.JANKOWSKI,Teodora Jankowski,Teodora.Jankowski@BiTermTest.com,Enabled,Power User,No,2025-02-06,2026-07-04
AINHOA.MICALLEF,Ainhoa Micallef,Ainhoa.Micallef@BiTermTest.com,Enabled,Standard User,No,2015-09-21,2026-07-25
AOI.KEBEDE,Aoi Kebede,Aoi.Kebede@BiTermTest.com,Enabled,Standard User,No,2022-01-24,2026-08-04
BALMEIDA,Balmeida,balmeida@bitermtest.com,Enabled,Administrator,Yes,2022-12-31,2024-12-01
BAZEVEDO,Bram Azevedo,Bram.Azevedo@BiTermTest.com,Enabled,Standard User,No,2017-09-25,2026-06-27
Amara.Rahal,Amara Rahal,Amara.Rahal@BiTermTest.com,Enabled,Standard User,No,2013-11-25,2026-08-05
AMAIA.ROSSI,Amaia Rossi,Amaia.Rossi@BiTermTest.com,Enabled,Standard User,No,2025-02-06,2026-07-17
GIULIA.MIFSUD,Giulia Mifsud,Giulia.Mifsud@BiTermTest.com,Enabled,Standard User,No,2026-02-27,2026-07-18
ESHAN.HOLMGREN,Eshan Holmgren,Eshan.Holmgren@BiTermTest.com,Enabled,Standard User,No,2005-11-07,2026-06-25
THAO.KOVAC,Thao Kovac,Thao.Kovac@BiTermTest.com,Enabled,Power User,No,2015-12-15,2026-07-17
HUONG.AYDIN,Huong Aydin,Huong.Aydin@BiTermTest.com,Enabled,Standard User,No,2023-06-12,2026-07-08
GORKA.RICCI,Gorka Ricci,Gorka.Ricci@BiTermTest.com,Enabled,Standard User,No,2020-03-02,2026-07-04
ADAEZE.KOCAK,Adaeze Kocak,Adaeze.Kocak@BiTermTest.com,Enabled,Standard User,No,2011-03-28,2026-06-28
YEVHEN.BHATTACHARYA,Yevhen Bhattacharya,Yevhen.Bhattacharya@BiTermTest.com,Enabled,Standard User,No,2024-11-18,2026-07-24
OKSANA.NWOSU,Oksana Nwosu,Oksana.Nwosu@BiTermTest.com,Disabled,Standard User,No,2017-07-10,2026-07-27
YEVHEN.BHATTACHARYA,Yevhen Bhattacharya,Yevhen.Bhattacharya@BiTermTest.com,Enabled,Standard User,No,2018-08-20,2026-07-24
WKAMINSKI,Wafa Kaminski,Wafa.Kaminski@BiTermTest.com,Enabled,Standard User,No,2007-04-30,2026-07-21
VOLKAN.ENGSTROM,Volkan Engstrom,Volkan.Engstrom@BiTermTest.com,Enabled,Standard User,No,2015-11-02,2026-07-25
PRIYA.NOVIKOV,Priya Novikov,Priya.Novikov@BiTermTest.com,Enabled,Read Only,No,2020-08-17,2026-07-02
TKHOURY,Tenoch Khoury,Tenoch.Khoury@BiTermTest.com,Enabled,Power User,No,2011-12-12,2026-07-13
KENJI.TESFAYE,Kenji Tesfaye,Kenji.Tesfaye@BiTermTest.com,Enabled,Power User,No,2015-12-15,2026-06-28
WAFA.FORSBERG,Wafa Forsberg,Wafa.Forsberg@BiTermTest.com,Enabled,Administrator,Yes,2016-08-08,2026-07-01
HENRYK.ABEBE,Henryk Abebe,Henryk.Abebe@BiTermTest.com,Enabled,Standard User,No,2019-07-09,2026-07-21
KAVITA.MORETTI,Kavita Moretti,Kavita.Moretti@BiTermTest.com,Enabled,Standard User,No,2018-11-26,2026-07-07
MARISOL.ORLOV,Marisol Orlov,Marisol.Orlov@BiTermTest.com,Enabled,Standard User,No,2024-07-22,2026-07-20
HENRYK.CHUKWU,Henryk Chukwu,Henryk.Chukwu@BiTermTest.com,Enabled,Standard User,No,2021-06-21,2026-07-15
MAITE.GALEA,Maite Galea,Maite.Galea@BiTermTest.com,Enabled,Administrator,Yes,2025-02-06,2026-07-02
NAOKO.FERREIRA,Naoko Ferreira,Naoko.Ferreira@BiTermTest.com,Disabled,Standard User,No,2015-09-08,2026-07-06
MGRECH,Marta Grech,Marta.Grech@BiTermTest.com,Enabled,Standard User,No,2012-11-26,2026-08-03
VALENTINA.SZYMANSKI,Valentina Szymanski,Valentina.Szymanski@BiTermTest.com,Enabled,Read Only,No,2019-05-20,2026-07-16
ESHAN.EZEANI,Eshan Ezeani,Eshan.Ezeani@BiTermTest.com,Enabled,Read Only,No,2017-05-10,2026-08-03
FVARMA,Freja Varma,Freja.Varma@BiTermTest.com,Enabled,Standard User,No,2005-06-13,2026-07-28
SAKURA.LEMMA,Sakura Lemma,Sakura.Lemma@BiTermTest.com,Enabled,Standard User,No,2023-10-09,2026-06-29
PBEKELE,Priya Bekele,Priya.Bekele@BiTermTest.com,Enabled,Read Only,No,2007-10-15,2026-07-09
TAO.TAKAHASHI,Tao Takahashi,Tao.Takahashi@BiTermTest.com,Disabled,Standard User,No,2024-11-18,2026-07-15
VALENTINA.JOVANOVIC,Valentina Jovanovic,Valentina.Jovanovic@BiTermTest.com,Enabled,Standard User,No,2018-02-12,2026-07-25
TARIQ.DELUCA,Tariq Deluca,Tariq.Deluca@BiTermTest.com,Enabled,Standard User,No,2008-01-28,2026-07-02
MPILLAI,Mateo Pillai,Mateo.Pillai@BiTermTest.com,Enabled,Standard User,No,1995-08-13,2026-07-17
CTRAORE,Cuauhtemoc Traore,Cuauhtemoc.Traore@BiTermTest.com,Enabled,Standard User,No,1991-07-01,2026-07-28
HUONG.VELLA,Huong Vella,Huong.Vella@BiTermTest.com,Enabled,Standard User,No,2016-02-15,2026-06-29
DECLAN.KURODA,Declan Kuroda,Declan.Kuroda@BiTermTest.com,Enabled,Standard User,No,2018-10-15,2026-07-26
MAITE.OHTANI,Maite Ohtani,Maite.Ohtani@BiTermTest.com,Enabled,Standard User,No,2023-02-07,2026-07-04
FEMI.RAHAL,Femi Rahal,Femi.Rahal@BiTermTest.com,Enabled,Power User,No,2015-01-01,2026-07-04
EMOROZOV,Eamon Morozov,Eamon.Morozov@BiTermTest.com,Enabled,Standard User,No,2012-05-14,2026-07-30
NIAMH.MIFSUD,Niamh Mifsud,Niamh.Mifsud@BiTermTest.com,Enabled,Standard User,No,2007-02-19,2026-07-22
XIU.JOSHI,Xiu Joshi,Xiu.Joshi@BiTermTest.com,Enabled,Power User,No,1995-07-01,2026-08-01
INES.KULKARNI,Ines Kulkarni,Ines.Kulkarni@BiTermTest.com,Enabled,Standard User,No,2021-05-17,2026-06-30
CILLIAN.OWUSU,Cillian Owusu,Cillian.Owusu@BiTermTest.com,Enabled,Standard User,No,2018-03-12,2026-07-17
XIMENA.TRIVEDI,Ximena Trivedi,Ximena.Trivedi@BiTermTest.com,Enabled,Standard User,No,2013-02-11,2026-06-30
THOANG,Thoang,thoang@bitermtest.com,Enabled,Service Account,Yes,2022-04-13,2024-08-12
AYLIN.BALOGUN,Aylin Balogun,Aylin.Balogun@BiTermTest.com,Enabled,Standard User,No,2022-08-01,2026-07-25
Minh.Titov,Minh Titov,Minh.Titov@BiTermTest.com,Enabled,Standard User,No,2015-12-09,2026-07-10
MMICALLEF,Minho Micallef,Minho.Micallef@BiTermTest.com,Enabled,Standard User,No,2005-08-11,2026-07-05
GORKA.SEO,Gorka Seo,Gorka.Seo@BiTermTest.com,Enabled,Standard User,No,2023-10-05,2026-07-08
ALESSANDRO.CHUKWU,Alessandro Chukwu,Alessandro.Chukwu@BiTermTest.com,Enabled,Standard User,No,2024-03-11,2026-08-01
BJORN.VOLKOV,Bjorn Volkov,Bjorn.Volkov@BiTermTest.com,Enabled,Standard User,No,2017-09-25,2026-07-01
EKEBEDE,Eneko Kebede,Eneko.Kebede@BiTermTest.com,Enabled,Standard User,No,1988-12-05,2026-07-22
CITLALI.KWON,Citlali Kwon,Citlali.Kwon@BiTermTest.com,Disabled,Standard User,No,2021-03-29,2026-07-07
DUC.DEVRIES,Duc Devries,Duc.Devries@BiTermTest.com,Enabled,Standard User,No,2023-04-20,2026-07-29
UKURODA,Umar Kuroda,Umar.Kuroda@BiTermTest.com,Enabled,Standard User,No,2008-10-06,2026-07-21
MPOLAT,Mpolat,,Enabled,Service Account,Yes,2022-10-26,2025-11-08
DKAYA,Duc Kaya,Duc.Kaya@BiTermTest.com,Enabled,Read Only,No,2000-04-03,2026-06-22
OMAR.VISSER,Omar Visser,Omar.Visser@BiTermTest.com,Enabled,Standard User,No,2012-06-18,2026-06-24
SIGRID.ARSLAN,Sigrid Arslan,Sigrid.Arslan@BiTermTest.com,Enabled,Power User,No,2015-02-17,2026-07-28
ESHAN.RICCI,Eshan Ricci,Eshan.Ricci@BiTermTest.com,Enabled,Standard User,No,2018-09-10,2026-07-11
ANIKA.KOCAK,Anika Kocak,Anika.Kocak@BiTermTest.com,Enabled,Read Only,No,2021-05-04,2026-07-06
FSANDBERG,Femke Sandberg,Femke.Sandberg@BiTermTest.com,Enabled,Standard User,No,2011-05-16,2026-06-24
ANWAR.PILLAI,Anwar Pillai,Anwar.Pillai@BiTermTest.com,Enabled,Power User,No,2025-12-26,2026-07-04
VALENTINA.SEO,Valentina Seo,Valentina.Seo@BiTermTest.com,Enabled,Standard User,No,2010-09-08,2026-07-16
BRAM.WOZNIAK,Bram Wozniak,Bram.Wozniak@BiTermTest.com,Enabled,Standard User,No,2022-01-10,2026-07-08
UMAR.PIOTROWSKI,Umar Piotrowski,Umar.Piotrowski@BiTermTest.com,Enabled,Power User,No,2025-05-13,2026-08-02
NEREA.VANDENBERG,Nerea Vandenberg,Nerea.Vandenberg@BiTermTest.com,Enabled,Standard User,No,2013-01-14,2026-08-01
AMARA.SAKAMOTO,Amara Sakamoto,Amara.Sakamoto@BiTermTest.com,Enabled,Power User,No,2014-01-20,2026-06-22
DMULDER,Duc Mulder,Duc.Mulder@BiTermTest.com,Enabled,Standard User,No,2012-05-21,2026-08-05
ADAEZE.BARAKA,Adaeze Baraka,Adaeze.Baraka@BiTermTest.com,Disabled,Standard User,No,2016-04-04,2026-07-18
SAKURA.MOROZOV,Sakura Morozov,Sakura.Morozov@BiTermTest.com,Enabled,Standard User,No,2019-04-15,2026-06-25
Nayeli.Azevedo,Nayeli Azevedo,Nayeli.Azevedo@BiTermTest.com,Enabled,Standard User,No,2011-09-26,2026-07-28
WILLEM.KURODA,Willem Kuroda,Willem.Kuroda@BiTermTest.com,Enabled,Standard User,No,2022-01-18,2026-07-21
VKULKARNI,Vandana Kulkarni,Vandana.Kulkarni@BiTermTest.com,Enabled,Standard User,No,2012-03-21,2026-07-17
MATEO.KWON,Mateo Kwon,Mateo.Kwon@BiTermTest.com,Enabled,Standard User,No,2022-07-05,2026-06-28
MARISOL.BUI,Marisol Bui,Marisol.Bui@BiTermTest.com,Enabled,Standard User,No,2021-08-12,2026-07-08
FARID.ISHIKAWA,Farid Ishikawa,Farid.Ishikawa@BiTermTest.com,Enabled,Standard User,No,2025-08-04,2026-07-27
THAO.VUONG,Thao Vuong,Thao.Vuong@BiTermTest.com,Enabled,Standard User,No,2021-10-19,2026-06-25
BOGDAN.ZAMMIT,Bogdan Zammit,Bogdan.Zammit@BiTermTest.com,Enabled,Power User,No,2014-05-19,2026-07-03
HMAZUR,Hui Mazur,Hui.Mazur@BiTermTest.com,Enabled,Read Only,No,1993-03-26,2026-06-24
IKULKARNI,Ines Kulkarni,Ines.Kulkarni@BiTermTest.com,Enabled,Read Only,No,2007-04-30,2026-07-27
AATTARD,Anwar Attard,Anwar.Attard@BiTermTest.com,Enabled,Standard User,No,2010-06-21,2026-06-30
UDOGAN,Umar Dogan,Umar.Dogan@BiTermTest.com,Enabled,Standard User,No,2010-04-19,2026-07-10
NHAILE,Niamh Haile,Niamh.Haile@BiTermTest.com,Enabled,Read Only,No,2009-05-18,2026-07-31
MEERA.SAHIN,Meera Sahin,Meera.Sahin@BiTermTest.com,Enabled,Power User,No,2011-05-16,2026-07-25
MIKKEL.MIFSUD,Mikkel Mifsud,Mikkel.Mifsud@BiTermTest.com,Enabled,Standard User,No,2020-03-09,2026-07-01
MEI.DEMIR,Mei Demir,Mei.Demir@BiTermTest.com,Enabled,Read Only,No,2016-08-29,2026-07-21
YEVHEN.STOJANOVIC,Yevhen Stojanovic,Yevhen.Stojanovic@BiTermTest.com,Enabled,Standard User,No,2025-12-26,2026-06-25
AOI.BANERJEE,Aoi Banerjee,Aoi.Banerjee@BiTermTest.com,Enabled,Standard User,No,2014-10-06,2026-07-20
ANAHI.CHUKWU,Anahi Chukwu,Anahi.Chukwu@BiTermTest.com,Enabled,Standard User,No,2019-02-04,2026-07-31
AMAIA.JANKOWSKI,Amaia Jankowski,Amaia.Jankowski@BiTermTest.com,Enabled,Read Only,No,2019-10-21,2026-06-24
yaretzi.kozlowski,Yaretzi Kozlowski,Yaretzi.Kozlowski@BiTermTest.com,Enabled,Standard User,No,2015-09-21,2026-07-17
XIOMARA.FAKHOURY,Xiomara Fakhoury,Xiomara.Fakhoury@BiTermTest.com,Disabled,Read Only,No,2016-12-05,2026-06-26
FARID.BANERJEE,Farid Banerjee,Farid.Banerjee@BiTermTest.com,Enabled,Standard User,No,1999-06-28,2026-06-25
LAN.NYSTROM,Lan Nystrom,Lan.Nystrom@BiTermTest.com,Disabled,Standard User,No,2025-10-27,2026-07-05
DRAGAN.MULDER,Dragan Mulder,Dragan.Mulder@BiTermTest.com,Enabled,Read Only,No,2024-08-19,2026-07-10
AGNIESZKA.JOVANOVIC,Agnieszka Jovanovic,Agnieszka.Jovanovic@BiTermTest.com,Enabled,Standard User,No,2019-12-04,2026-06-25
VOLKAN.KEBEDE,Volkan Kebede,Volkan.Kebede@BiTermTest.com,Enabled,Standard User,No,2025-03-10,2026-06-29
SANNE.IYER,Sanne Iyer,Sanne.Iyer@BiTermTest.com,Enabled,Standard User,No,2025-01-06,2026-07-02
TWISNIEWSKI,Twisniewski,,Enabled,Service Account,Yes,2023-05-04,2025-10-30
PRIYA.NOVIKOV,Priya Novikov,Priya.Novikov@BiTermTest.com,Enabled,Read Only,No,2013-11-11,2026-07-02
ARJUN.ALMEIDA,Arjun Almeida,Arjun.Almeida@BiTermTest.com,Enabled,Standard User,No,2021-11-01,2026-06-22
XIMENA.DEMIR,Ximena Demir,Ximena.Demir@BiTermTest.com,Enabled,Standard User,No,2020-01-06,2026-07-08
NHAILE,Niamh Haile,Niamh.Haile@BiTermTest.com,Enabled,Read Only,No,2005-08-15,2026-07-31
MARISOL.PETROVIC,Marisol Petrovic,Marisol.Petrovic@BiTermTest.com,Enabled,Standard User,No,2017-12-12,2026-07-07
AOIFE.STOJANOVIC,Aoife Stojanovic,Aoife.Stojanovic@BiTermTest.com,Enabled,Administrator,Yes,2025-12-29,2026-06-29
SOREN.ARSLAN,Soren Arslan,Soren.Arslan@BiTermTest.com,Enabled,Power User,No,2023-08-28,2026-07-21
GITA.OHTANI,Gita Ohtani,Gita.Ohtani@BiTermTest.com,Enabled,Standard User,No,2011-04-18,2026-07-24
DIEGO.BABIC,Diego Babic,Diego.Babic@BiTermTest.com,Enabled,Read Only,No,2023-03-27,2026-06-24
DIEGO.MOROZOV,Diego Morozov,Diego.Morozov@BiTermTest.com,Enabled,Standard User,No,2014-10-20,2026-07-02
THAO.KEITA,Thao Keita,Thao.Keita@BiTermTest.com,Enabled,Administrator,Yes,2006-04-24,2026-07-14
NZAMMIT,Niamh Zammit,Niamh.Zammit@BiTermTest.com,Enabled,Standard User,No,1998-06-15,2026-07-03
NAYELI.VOSBERG,Nayeli Vosberg,Nayeli.Vosberg@BiTermTest.com,Enabled,Power User,No,2023-06-12,2026-07-08
ILYA.KEBEDE,Ilya Kebede,Ilya.Kebede@BiTermTest.com,Enabled,Read Only,No,2021-10-18,2026-07-16
DIEGO.AKSOY,Diego Aksoy,Diego.Aksoy@BiTermTest.com,Enabled,Standard User,No,2024-04-15,2026-07-29
KOFI.HOANG,Kofi Hoang,Kofi.Hoang@BiTermTest.com,Enabled,Power User,No,2013-11-11,2026-07-21
ZWOJCIK,Zofia Wojcik,Zofia.Wojcik@BiTermTest.com,Enabled,Standard User,No,2009-05-26,2026-07-13
DBARONE,Deniz Barone,Deniz.Barone@BiTermTest.com,Enabled,Power User,No,1994-12-20,2026-08-03
PRIYA.RIBEIRO,Priya Ribeiro,Priya.Ribeiro@BiTermTest.com,Enabled,Standard User,No,2023-04-03,2026-07-05
GIULIA.MIFSUD,Giulia Mifsud,Giulia.Mifsud@BiTermTest.com,Enabled,Standard User,No,2019-08-12,2026-07-18
AINHOA.ALMEIDA,Ainhoa Almeida,Ainhoa.Almeida@BiTermTest.com,Enabled,Standard User,No,2024-05-22,2026-07-04
ZAHRA.BALOGUN,Zahra Balogun,Zahra.Balogun@BiTermTest.com,Enabled,Standard User,No,2017-12-11,2026-07-17
QUANG.AZEVEDO,Quang Azevedo,Quang.Azevedo@BiTermTest.com,Enabled,Read Only,No,2018-09-10,2026-06-28
ESHAN.EZEANI,Eshan Ezeani,Eshan.Ezeani@BiTermTest.com,Enabled,Read Only,No,2022-02-07,2026-08-03
LARS.TRIVEDI,Lars Trivedi,Lars.Trivedi@BiTermTest.com,Enabled,Standard User,No,2011-09-20,2026-07-01
DAAN.SANDBERG,Daan Sandberg,Daan.Sandberg@BiTermTest.com,Enabled,Standard User,No,2025-07-30,2026-07-30
NAOKO.TESFAYE,Naoko Tesfaye,Naoko.Tesfaye@BiTermTest.com,Enabled,Standard User,No,2014-02-03,2026-07-28
MWISNIEWSKI,Minh Wisniewski,Minh.Wisniewski@BiTermTest.com,Disabled,Standard User,No,2009-01-19,2026-07-13
ENEKO.STOJANOVIC,Eneko Stojanovic,Eneko.Stojanovic@BiTermTest.com,Enabled,Standard User,No,2019-05-13,2026-07-07
TEODORA.DIALLO,Teodora Diallo,Teodora.Diallo@BiTermTest.com,Enabled,Power User,No,2006-01-16,2026-06-28
CILLIAN.SALIBA,Cillian Saliba,Cillian.Saliba@BiTermTest.com,Enabled,Standard User,No,2014-09-29,2026-07-07
YUKI.NIKOLIC,Yuki Nikolic,Yuki.Nikolic@BiTermTest.com,Enabled,Standard User,No,2025-06-10,2026-08-02
BIANCA.KOWALSKI,Bianca Kowalski,Bianca.Kowalski@BiTermTest.com,Enabled,Standard User,No,2010-07-26,2026-07-21
SAKURA.HWANG,Sakura Hwang,Sakura.Hwang@BiTermTest.com,Enabled,Standard User,No,2017-04-17,2026-07-13
JAGARWAL,Jelani Agarwal,Jelani.Agarwal@BiTermTest.com,Enabled,Standard User,No,2006-09-25,2026-07-26
OIHANE.SOKOLOV,Oihane Sokolov,Oihane.Sokolov@BiTermTest.com,Disabled,Standard User,No,2023-01-25,2026-06-29
ANWAR.GRECH,Anwar Grech,Anwar.Grech@BiTermTest.com,Enabled,Standard User,No,2024-12-09,2026-08-04
LESPOSITO,Lucia Esposito,Lucia.Esposito@BiTermTest.com,Enabled,Standard User,No,2005-06-06,2026-06-30
FEMI.SAXENA,Femi Saxena,Femi.Saxena@BiTermTest.com,Enabled,Standard User,No,2025-02-06,2026-07-26
GORKA.GIRMA,Gorka Girma,Gorka.Girma@BiTermTest.com,Enabled,Standard User,No,1995-10-16,2026-07-08
OLEWANDOWSKI,Olewandowski,olewandowski@bitermtest.com,Enabled,Read Only,No,2022-06-21,2024-04-27
ALESSANDRO.CHUKWU,Alessandro Chukwu,Alessandro.Chukwu@BiTermTest.com,Enabled,Standard User,No,2025-08-25,2026-08-01
FMARINO,Femi Marino,Femi.Marino@BiTermTest.com,Enabled,Administrator,Yes,2009-07-06,2026-07-11
VALENTINA.GALEA,Valentina Galea,Valentina.Galea@BiTermTest.com,Enabled,Standard User,No,2011-05-11,2026-07-21
MARTA.WOJCIK,Marta Wojcik,Marta.Wojcik@BiTermTest.com,Enabled,Power User,No,2021-05-17,2026-07-10
CITLALI.ZAMMIT,Citlali Zammit,Citlali.Zammit@BiTermTest.com,Enabled,Standard User,No,2018-07-30,2026-07-08
Dragan.Dogan,Dragan Dogan,Dragan.Dogan@BiTermTest.com,Enabled,Power User,No,2017-03-15,2026-08-03
JING.MENON,Jing Menon,Jing.Menon@BiTermTest.com,Enabled,Administrator,Yes,2025-03-10,2026-06-27
CVELLA,Chidi Vella,Chidi.Vella@BiTermTest.com,Enabled,Standard User,No,2007-02-19,2026-06-23
TSAHIN,Trung Sahin,Trung.Sahin@BiTermTest.com,Enabled,Read Only,No,2009-10-27,2026-07-19
ADEVRIES,Ainhoa Devries,Ainhoa.Devries@BiTermTest.com,Enabled,Administrator,Yes,2007-01-22,2026-07-29
TRUNG.ZIELINSKI,Trung Zielinski,Trung.Zielinski@BiTermTest.com,Enabled,Administrator,Yes,2000-05-01,2026-07-02
YAN.VANDENBERG,Yan Vandenberg,Yan.Vandenberg@BiTermTest.com,Enabled,Standard User,No,2022-03-14,2026-07-17
NIKOLAI.FOFANA,Nikolai Fofana,Nikolai.Fofana@BiTermTest.com,Enabled,Standard User,No,2022-02-07,2026-07-15
BEATRIZ.KHOURY,Beatriz Khoury,Beatriz.Khoury@BiTermTest.com,Enabled,Standard User,No,2021-02-17,2026-06-22
ALESSANDRO.ENGSTROM,Alessandro Engstrom,Alessandro.Engstrom@BiTermTest.com,Enabled,Standard User,No,2015-04-27,2026-07-04
HUI.KOCAK,Hui Kocak,Hui.Kocak@BiTermTest.com,Enabled,Standard User,No,2019-03-18,2026-06-24
ARJUN.BALOGUN,Arjun Balogun,Arjun.Balogun@BiTermTest.com,Enabled,Standard User,No,2026-01-05,2026-06-28
BRAM.PILLAI,Bram Pillai,Bram.Pillai@BiTermTest.com,Enabled,Standard User,No,2025-02-19,2026-07-16
TEODORA.GALLO,Teodora Gallo,Teodora.Gallo@BiTermTest.com,Enabled,Administrator,Yes,2015-07-06,2026-07-27
NALEDI.MENON,Naledi Menon,Naledi.Menon@BiTermTest.com,Enabled,Standard User,No,2017-01-18,2026-08-01
RASHIDA.NGO,Rashida Ngo,Rashida.Ngo@BiTermTest.com,Disabled,Standard User,No,2024-04-08,2026-08-03
NAOKO.KIRIGAYA,Naoko Kirigaya,Naoko.Kirigaya@BiTermTest.com,Enabled,Standard User,No,2016-02-29,2026-07-17
HUI.RICCI,Hui Ricci,Hui.Ricci@BiTermTest.com,Disabled,Standard User,No,2019-09-23,2026-07-12
ELZBIETA.MATSUDA,Elzbieta Matsuda,Elzbieta.Matsuda@BiTermTest.com,Enabled,Standard User,No,2019-06-24,2026-07-13
DYOON,Daan Yoon,Daan.Yoon@BiTermTest.com,Enabled,Standard User,No,1999-03-18,2026-07-31
PIOTR.MAZUR,Piotr Mazur,Piotr.Mazur@BiTermTest.com,Enabled,Standard User,No,2023-08-14,2026-07-09
DUC.PHAM,Duc Pham,Duc.Pham@BiTermTest.com,Enabled,Standard User,No,2023-04-24,2026-07-24
Vandana.Forsberg,Vandana Forsberg,Vandana.Forsberg@BiTermTest.com,Enabled,Standard User,No,2015-04-13,2026-07-05
CMORETTI,Chidi Moretti,Chidi.Moretti@BiTermTest.com,Enabled,Standard User,No,2007-01-29,2026-07-13
DAAN.YOON,Daan Yoon,Daan.Yoon@BiTermTest.com,Enabled,Read Only,No,2025-05-02,2026-07-10
ZOFIA.ALMEIDA,Zofia Almeida,Zofia.Almeida@BiTermTest.com,Enabled,Standard User,No,2018-07-16,2026-07-03
HAMID.EZEANI,Hamid Ezeani,Hamid.Ezeani@BiTermTest.com,Enabled,Standard User,No,2020-01-06,2026-07-05
FIRUZA.OKONKWO,Firuza Okonkwo,Firuza.Okonkwo@BiTermTest.com,Enabled,Standard User,No,2018-05-29,2026-07-28
AOI.ASLAN,Aoi Aslan,Aoi.Aslan@BiTermTest.com,Enabled,Standard User,No,2015-09-02,2026-06-23
AGNIESZKA.MENON,Agnieszka Menon,agnieszka.menon@bitermtest.com,Enabled,Read Only,No,2022-09-01,2025-08-24
YASMIN.BAE,Yasmin Bae,Yasmin.Bae@BiTermTest.com,Enabled,Standard User,No,2022-03-21,2026-07-29
KOFI.OBIORA,Kofi Obiora,Kofi.Obiora@BiTermTest.com,Enabled,Standard User,No,2015-01-01,2026-08-02
DUC.MULDER,Duc Mulder,Duc.Mulder@BiTermTest.com,Enabled,Standard User,No,2012-01-09,2026-07-26
NEREA.UCHIDA,Nerea Uchida,Nerea.Uchida@BiTermTest.com,Enabled,Power User,No,2019-07-08,2026-06-30
NBEKELE,Nayeli Bekele,Nayeli.Bekele@BiTermTest.com,Enabled,Standard User,No,2008-10-20,2026-06-27
OMAR.AYDIN,Omar Aydin,Omar.Aydin@BiTermTest.com,Disabled,Standard User,No,2018-10-22,2026-07-27
ZDEVRIES,Zahra Devries,Zahra.Devries@BiTermTest.com,Enabled,Standard User,No,2012-12-03,2026-07-23
FJANKOWSKI,Femke Jankowski,Femke.Jankowski@BiTermTest.com,Enabled,Standard User,No,2013-08-12,2026-07-17
KVISSER,Kenji Visser,Kenji.Visser@BiTermTest.com,Enabled,Standard User,No,2008-09-08,2026-07-04
TEODORA.NOWAK,Teodora Nowak,Teodora.Nowak@BiTermTest.com,Enabled,Read Only,No,2024-10-14,2026-07-10
DAAN.TESFAYE,Daan Tesfaye,Daan.Tesfaye@BiTermTest.com,Enabled,Standard User,No,2024-04-02,2026-07-27
OMAR.BANERJEE,Omar Banerjee,Omar.Banerjee@BiTermTest.com,Disabled,Standard User,No,2015-01-01,2026-07-28
TFOFANA,Thao Fofana,Thao.Fofana@BiTermTest.com,Enabled,Read Only,No,1997-03-26,2026-07-31
JGRECH,Jing Grech,Jing.Grech@BiTermTest.com,Disabled,Standard User,No,1997-04-14,2026-08-02
DECLAN.PETROVIC,Declan Petrovic,Declan.Petrovic@BiTermTest.com,Enabled,Standard User,No,2019-09-23,2026-07-14
BASIM.TEIXEIRA,Basim Teixeira,Basim.Teixeira@BiTermTest.com,Enabled,Standard User,No,2024-10-01,2026-06-27
MIKKEL.HENDRIKS,Mikkel Hendriks,Mikkel.Hendriks@BiTermTest.com,Enabled,Standard User,No,2018-10-08,2026-07-17
AOI.VISSER,Aoi Visser,Aoi.Visser@BiTermTest.com,Enabled,Standard User,No,2020-09-21,2026-07-08
Tao.Orlov,Tao Orlov,Tao.Orlov@BiTermTest.com,Enabled,Power User,No,2017-04-10,2026-07-27
TOMASZ.JOSHI,Tomasz Joshi,Tomasz.Joshi@BiTermTest.com,Enabled,Read Only,No,2022-04-11,2026-07-19
ROISIN.KOZLOWSKI,Roisin Kozlowski,Roisin.Kozlowski@BiTermTest.com,Disabled,Standard User,No,2026-02-27,2026-07-30
ANDRES.VOLKOV,Andres Volkov,Andres.Volkov@BiTermTest.com,Enabled,Read Only,No,2024-08-12,2026-07-04
VANDANA.LINDQVIST,Vandana Lindqvist,Vandana.Lindqvist@BiTermTest.com,Enabled,Standard User,No,2020-08-10,2026-07-01
XOCHITL.CONTI,Xochitl Conti,Xochitl.Conti@BiTermTest.com,Enabled,Standard User,No,2025-11-03,2026-07-27
TRUNG.POLAT,Trung Polat,Trung.Polat@BiTermTest.com,Enabled,Standard User,No,2012-12-27,2026-07-30
SOREN.MAALOUF,Soren Maalouf,Soren.Maalouf@BiTermTest.com,Enabled,Standard User,No,2020-02-24,2026-07-13
FERNANDA.ZAMMIT,Fernanda Zammit,Fernanda.Zammit@BiTermTest.com,Enabled,Standard User,No,2020-09-08,2026-06-28
NIKOLAI.FAKHOURY,Nikolai Fakhoury,Nikolai.Fakhoury@BiTermTest.com,Enabled,Standard User,No,2025-06-09,2026-06-24
EBARONE,Elzbieta Barone,Elzbieta.Barone@BiTermTest.com,Enabled,Power User,No,2007-09-24,2026-07-12
TTRIVEDI,Tomasz Trivedi,Tomasz.Trivedi@BiTermTest.com,Enabled,Standard User,No,2009-09-28,2026-08-04
