account_id,display_name,email,account_status,app_role,privileged,created_date,last_login_date
MAHMOUD.HADDAD,Mahmoud Haddad,Mahmoud.Haddad@BiTermTest.com,Enabled,Standard User,No,2015-07-20,2026-07-22
ANDIAYE,Aylin Ndiaye,Aylin.Ndiaye@BiTermTest.com,Enabled,Standard User,No,2011-06-30,2026-06-14
ESHAN.HOLMGREN,Eshan Holmgren,Eshan.Holmgren@BiTermTest.com,Enabled,Standard User,No,2015-01-01,2026-06-11
MFONSECA,Mateo Fonseca,Mateo.Fonseca@BiTermTest.com,Enabled,Read Only,No,2008-05-12,2026-06-24
INGRID.YAMAMOTO,Ingrid Yamamoto,,Disabled,Administrator,Yes,2023-08-19,2025-08-28
MATTEO.DOGAN,Matteo Dogan,Matteo.Dogan@BiTermTest.com,Enabled,Standard User,No,2026-03-09,2026-06-26
LALEH.SANDBERG,Laleh Sandberg,Laleh.Sandberg@BiTermTest.com,Enabled,Power User,No,2017-05-01,2026-07-02
LINH.HAILE,Linh Haile,Linh.Haile@BiTermTest.com,Enabled,Standard User,No,2014-04-14,2026-07-19
LARS.FOFANA,Lars Fofana,Lars.Fofana@BiTermTest.com,Enabled,Standard User,No,2015-01-01,2026-07-12
KOFI.KAMINSKI,Kofi Kaminski,Kofi.Kaminski@BiTermTest.com,Disabled,Standard User,No,2021-09-20,2026-06-27
BOGDAN.YAMAMOTO,Bogdan Yamamoto,Bogdan.Yamamoto@BiTermTest.com,Enabled,Standard User,No,2021-12-13,2026-06-26
NIAMH.FOFANA,Niamh Fofana,Niamh.Fofana@BiTermTest.com,Enabled,Standard User,No,2015-01-01,2026-07-16
EMRE.BEKELE,Emre Bekele,Emre.Bekele@BiTermTest.com,Enabled,Standard User,No,2020-02-03,2026-07-05
JOVANA.NAIR,Jovana Nair,Jovana.Nair@BiTermTest.com,Enabled,Standard User,No,2015-08-03,2026-01-16
Ximena.Cassar,Ximena Cassar,Ximena.Cassar@BiTermTest.com,Enabled,Standard User,No,2015-01-26,2026-07-11
DRAGAN.MOROZOV,Dragan Morozov,Dragan.Morozov@BiTermTest.com,Enabled,Standard User,No,2023-09-05,2026-06-18
VDESTA,Vandana Desta,Vandana.Desta@BiTermTest.com,Enabled,Standard User,No,2010-04-26,2026-07-12
BASIM.NDIAYE,Basim Ndiaye,Basim.Ndiaye@BiTermTest.com,Enabled,Standard User,No,2010-11-29,2026-06-19
EMRE.CONTI,Emre Conti,Emre.Conti@BiTermTest.com,Enabled,Standard User,No,2015-08-10,2026-06-28
ANOUK.DESTA,Anouk Desta,Anouk.Desta@BiTermTest.com,Enabled,Standard User,No,2019-04-01,2026-06-14
CASLAN,Chiara Aslan,Chiara.Aslan@BiTermTest.com,Enabled,Standard User,No,1993-01-28,2026-06-15
ADAEZE.GRECO,Adaeze Greco,Adaeze.Greco@BiTermTest.com,Enabled,Standard User,No,2014-10-27,2026-07-22
PGALEA,Parvin Galea,Parvin.Galea@BiTermTest.com,Enabled,Standard User,No,2007-07-02,2026-06-19
YUSUF.LEMMA,Yusuf Lemma,Yusuf.Lemma@BiTermTest.com,Enabled,Standard User,No,2022-11-14,2026-07-02
Amina.Lindqvist,Amina Lindqvist,Amina.Lindqvist@BiTermTest.com,Enabled,Standard User,No,2016-03-28,2026-06-29
REN.PILLAI,Ren Pillai,Ren.Pillai@BiTermTest.com,Enabled,Standard User,No,2019-04-15,2026-06-28
LALEH.DEMIR,Laleh Demir,Laleh.Demir@BiTermTest.com,Enabled,Standard User,No,2023-03-13,2026-06-18
MIKKEL.ATTARD,Mikkel Attard,Mikkel.Attard@BiTermTest.com,Enabled,Read Only,No,2025-02-06,2026-07-16
MAITE.DAHLBERG,Maite Dahlberg,Maite.Dahlberg@BiTermTest.com,Enabled,Standard User,No,2021-04-26,2026-07-01
SANNE.DESTA,Sanne Desta,Sanne.Desta@BiTermTest.com,Enabled,Standard User,No,2025-05-15,2026-06-17
XOCHITL.LEWANDOWSKI,Xochitl Lewandowski,Xochitl.Lewandowski@BiTermTest.com,Enabled,Standard User,No,2012-09-11,2026-07-22
ITRUONG,Itruong,,Enabled,Service Account,Yes,2023-12-11,2024-07-12
LORENZO.FUJIMOTO,Lorenzo Fujimoto,Lorenzo.Fujimoto@BiTermTest.com,Enabled,Read Only,No,2023-02-06,2026-06-28
MATTEO.PHAM,Matteo Pham,Matteo.Pham@BiTermTest.com,Enabled,Standard User,No,2021-05-24,2026-06-30
ANWAR.NGO,Anwar Ngo,Anwar.Ngo@BiTermTest.com,Enabled,Administrator,Yes,2015-01-01,2026-06-24
MILAN.VUONG,Milan Vuong,Milan.Vuong@BiTermTest.com,Enabled,Read Only,No,2008-09-14,2026-07-11
JOVANA.RIBEIRO,Jovana Ribeiro,Jovana.Ribeiro@BiTermTest.com,Enabled,Administrator,Yes,2007-02-01,2026-07-01
MARTA.DOGAN,Marta Dogan,,Enabled,Service Account,Yes,2022-12-16,2026-05-28
JOVANA.NAIR,Jovana Nair,Jovana.Nair@BiTermTest.com,Enabled,Standard User,No,2015-02-02,2026-01-16
BIANCA.MORETTI,Bianca Moretti,Bianca.Moretti@BiTermTest.com,Enabled,Standard User,No,2020-02-24,2026-07-11
DENIZ.ALEMU,Deniz Alemu,Deniz.Alemu@BiTermTest.com,Enabled,Standard User,No,2022-07-20,2026-07-20
ELZBIETA.LEMMA,Elzbieta Lemma,Elzbieta.Lemma@BiTermTest.com,Enabled,Standard User,No,2025-05-13,2026-06-23
RAFAEL.TITOV,Rafael Titov,Rafael.Titov@BiTermTest.com,Enabled,Standard User,No,2015-03-16,2026-06-17
JEROEN.MICALLEF,Jeroen Micallef,Jeroen.Micallef@BiTermTest.com,Enabled,Read Only,No,2024-09-23,2026-07-06
TKURODA,Tkuroda,,Enabled,Standard User,No,2022-02-18,2025-12-01
AATTARD,Arjun Attard,Arjun.Attard@BiTermTest.com,Enabled,Standard User,No,2012-12-17,2026-06-16
NBEKELE,Nayeli Bekele,Nayeli.Bekele@BiTermTest.com,Enabled,Standard User,No,2006-09-20,2026-06-13
SANNE.ATTARD,Sanne Attard,Sanne.Attard@BiTermTest.com,Enabled,Standard User,No,2020-03-23,2026-06-13
HENRYK.CHUKWU,Henryk Chukwu,Henryk.Chukwu@BiTermTest.com,Enabled,Standard User,No,2016-10-31,2026-07-01
MATEO.KWON,Mateo Kwon,Mateo.Kwon@BiTermTest.com,Enabled,Standard User,No,2024-01-02,2026-06-14
Roisin.Ozturk,Roisin Ozturk,Roisin.Ozturk@BiTermTest.com,Enabled,Power User,No,2021-05-17,2026-06-30
ADAEZE.BUI,Adaeze Bui,Adaeze.Bui@BiTermTest.com,Enabled,Administrator,Yes,2021-10-18,2026-07-07
Padraig.Grabowski,Padraig Grabowski,Padraig.Grabowski@BiTermTest.com,Enabled,Standard User,No,2017-07-10,2026-06-14
PGALEA,Parvin Galea,Parvin.Galea@BiTermTest.com,Enabled,Standard User,No,1999-08-23,2026-06-19
HENRYK.HOSHINO,Henryk Hoshino,Henryk.Hoshino@BiTermTest.com,Enabled,Standard User,No,2015-01-05,2026-06-18
VASIL.BAE,Vasil Bae,Vasil.Bae@BiTermTest.com,Enabled,Standard User,No,2025-02-06,2026-07-20
MDELUCA,Mahmoud Deluca,Mahmoud.Deluca@BiTermTest.com,Enabled,Standard User,No,1993-05-26,2026-07-02
ITZEL.DESTA,Itzel Desta,Itzel.Desta@BiTermTest.com,Enabled,Power User,No,2007-04-16,2026-06-25
IKILIC,Izaro Kilic,Izaro.Kilic@BiTermTest.com,Enabled,Standard User,No,2009-01-26,2026-06-21
XFOFANA,Xiu Fofana,Xiu.Fofana@BiTermTest.com,Enabled,Read Only,No,1987-09-23,2026-06-22
YARETZI.ASLAN,Yaretzi Aslan,Yaretzi.Aslan@BiTermTest.com,Enabled,Standard User,No,2015-10-05,2026-07-15
AMAIA.DANG,Amaia Dang,Amaia.Dang@BiTermTest.com,Enabled,Standard User,No,2015-08-10,2026-07-11
NUCHIDA,Nerea Uchida,Nerea.Uchida@BiTermTest.com,Enabled,Administrator,Yes,2013-07-29,2026-06-28
HVUONG,Haruto Vuong,Haruto.Vuong@BiTermTest.com,Enabled,Standard User,No,2010-09-27,2026-06-24
KOFI.DJORDJEVIC,Kofi Djordjevic,Kofi.Djordjevic@BiTermTest.com,Enabled,Standard User,No,2023-03-06,2026-06-30
XKAPOOR,Xochitl Kapoor,Xochitl.Kapoor@BiTermTest.com,Enabled,Standard User,No,1998-02-10,2026-06-28
KATYA.NAIR,Katya Nair,Katya.Nair@BiTermTest.com,Enabled,Standard User,No,2023-03-27,2026-06-28
ACELIK,Anouk Celik,Anouk.Celik@BiTermTest.com,Enabled,Standard User,No,2004-09-27,2026-07-18
MARISOL.BUI,Marisol Bui,Marisol.Bui@BiTermTest.com,Enabled,Standard User,No,2004-08-30,2026-06-24
RAFAEL.VUONG,Rafael Vuong,Rafael.Vuong@BiTermTest.com,Disabled,Read Only,No,2026-02-12,2026-06-18
CMARINO,Cem Marino,Cem.Marino@BiTermTest.com,Enabled,Standard User,No,2012-05-29,2026-06-15
JJANKOWSKI,Janusz Jankowski,Janusz.Jankowski@BiTermTest.com,Enabled,Standard User,No,2013-09-03,2026-07-09
INGRID.HENDRIKS,Ingrid Hendriks,Ingrid.Hendriks@BiTermTest.com,Enabled,Standard User,No,2002-05-20,2026-07-19
SGALLO,Suleiman Gallo,Suleiman.Gallo@BiTermTest.com,Enabled,Read Only,No,2000-12-04,2026-06-13
MATEO.VOLKOV,Mateo Volkov,Mateo.Volkov@BiTermTest.com,Enabled,Read Only,No,2017-09-29,2026-07-09
ITRAORE,Iker Traore,Iker.Traore@BiTermTest.com,Enabled,Standard User,No,2009-07-13,2026-07-21
ANOUK.AZEVEDO,Anouk Azevedo,Anouk.Azevedo@BiTermTest.com,Enabled,Standard User,No,2018-04-16,2026-06-22
TARIQ.BORG,Tariq Borg,Tariq.Borg@BiTermTest.com,Enabled,Read Only,No,2007-10-17,2026-06-30
CDELUCA,Cdeluca,cdeluca@bitermtest.com,Enabled,Standard User,No,2024-01-09,2026-01-16
VASIL.CASSAR,Vasil Cassar,Vasil.Cassar@BiTermTest.com,Enabled,Standard User,No,2020-07-20,2026-06-12
ROISIN.GUPTA,Roisin Gupta,Roisin.Gupta@BiTermTest.com,Enabled,Standard User,No,2018-10-29,2026-07-12
LINH.SAXENA,Linh Saxena,Linh.Saxena@BiTermTest.com,Enabled,Read Only,No,2017-09-25,2026-06-23
TCASSAR,Trung Cassar,Trung.Cassar@BiTermTest.com,Enabled,Standard User,No,2021-10-11,2026-07-21
FERNANDA.DESAI,Fernanda Desai,Fernanda.Desai@BiTermTest.com,Disabled,Standard User,No,2020-10-27,2026-06-23
Siobhan.Kozlowski,Siobhan Kozlowski,Siobhan.Kozlowski@BiTermTest.com,Disabled,Standard User,No,2017-04-10,2026-07-08
AYLIN.MUKHERJEE,Aylin Mukherjee,Aylin.Mukherjee@BiTermTest.com,Enabled,Standard User,No,2000-08-21,2026-06-29
IKER.MOROZOV,Iker Morozov,Iker.Morozov@BiTermTest.com,Enabled,Read Only,No,2015-01-01,2026-07-02
SCHATTERJEE,Sigrid Chatterjee,Sigrid.Chatterjee@BiTermTest.com,Enabled,Read Only,No,2009-10-26,2026-06-27
AMINA.NOVIKOV,Amina Novikov,Amina.Novikov@BiTermTest.com,Enabled,Standard User,No,2014-09-15,2026-07-03
SNASSAR,Suleiman Nassar,Suleiman.Nassar@BiTermTest.com,Disabled,Standard User,No,2012-07-02,2026-06-26
PZAMMIT,Priya Zammit,Priya.Zammit@BiTermTest.com,Enabled,Power User,No,2004-07-12,2026-07-11
CHIARA.ASLAN,Chiara Aslan,Chiara.Aslan@BiTermTest.com,Enabled,Read Only,No,2016-03-18,2026-07-13
CAMILA.BOATENG,Camila Boateng,Camila.Boateng@BiTermTest.com,Enabled,Standard User,No,2015-01-01,2026-07-08
CMARKOVIC,Cuauhtemoc Markovic,Cuauhtemoc.Markovic@BiTermTest.com,Enabled,Standard User,No,2012-02-27,2026-06-24
MATTEO.WISNIEWSKI,Matteo Wisniewski,Matteo.Wisniewski@BiTermTest.com,Enabled,Read Only,No,2025-07-16,2026-06-11
NNASSAR,Nnassar,nnassar@bitermtest.com,Enabled,Standard User,No,2023-11-05,2024-10-02
REN.ASLAN,Ren Aslan,Ren.Aslan@BiTermTest.com,Disabled,Read Only,No,2016-12-01,2026-07-13
MEERA.FOFANA,Meera Fofana,Meera.Fofana@BiTermTest.com,Enabled,Standard User,No,2022-05-16,2026-06-26
VASIL.AMARI,Vasil Amari,Vasil.Amari@BiTermTest.com,Enabled,Standard User,No,2016-04-11,2026-07-08
XFONSECA,Xfonseca,xfonseca@bitermtest.com,Enabled,Service Account,Yes,2023-08-17,2024-05-28
BENGSTROM,Bram Engstrom,Bram.Engstrom@BiTermTest.com,Enabled,Standard User,No,1995-01-30,2026-06-08
SKHOURY,Sanne Khoury,Sanne.Khoury@BiTermTest.com,Enabled,Standard User,No,2006-07-17,2026-06-23
ZAHRA.DESAI,Zahra Desai,,Enabled,Service Account,Yes,2022-03-17,2025-02-04
IZARO.CARDOSO,Izaro Cardoso,Izaro.Cardoso@BiTermTest.com,Enabled,Standard User,No,2005-03-28,2026-07-12
JANUSZ.MAZUR,Janusz Mazur,Janusz.Mazur@BiTermTest.com,Enabled,Standard User,No,2020-07-27,2026-06-27
ZAFOLABI,Zafolabi,,Enabled,Read Only,No,2023-08-04,2026-01-15
LEILA.WOJCIK,Leila Wojcik,Leila.Wojcik@BiTermTest.com,Enabled,Read Only,No,2025-08-29,2026-07-22
TENOCH.HADDAD,Tenoch Haddad,Tenoch.Haddad@BiTermTest.com,Enabled,Power User,No,2024-10-01,2026-07-01
VANDANA.LINDQVIST,Vandana Lindqvist,Vandana.Lindqvist@BiTermTest.com,Enabled,Standard User,No,2019-11-25,2026-06-17
JPETROVIC,Jeroen Petrovic,Jeroen.Petrovic@BiTermTest.com,Enabled,Standard User,No,2001-06-07,2026-06-10
Amaia.Diallo,Amaia Diallo,Amaia.Diallo@BiTermTest.com,Disabled,Power User,No,1996-06-01,2026-07-10
DUC.DEMIR,Duc Demir,Duc.Demir@BiTermTest.com,Disabled,Standard User,No,2020-03-09,2026-06-30
FARID.WATANABE,Farid Watanabe,Farid.Watanabe@BiTermTest.com,Enabled,Read Only,No,2016-12-05,2026-06-15
MING.OWUSU,Ming Owusu,Ming.Owusu@BiTermTest.com,Enabled,Standard User,No,2022-11-14,2026-07-17
ARAHAL,Amara Rahal,Amara.Rahal@BiTermTest.com,Enabled,Standard User,No,1994-12-03,2026-06-09
ANWAR.BUI,Anwar Bui,Anwar.Bui@BiTermTest.com,Enabled,Standard User,No,2013-11-13,2026-07-10
AMARA.SAKAMOTO,Amara Sakamoto,Amara.Sakamoto@BiTermTest.com,Enabled,Power User,No,2024-06-17,2026-06-08
DMITRI.TITOV,Dmitri Titov,Dmitri.Titov@BiTermTest.com,Disabled,Read Only,No,2025-02-06,2026-07-10
RENATA.KOBAYASHI,Renata Kobayashi,Renata.Kobayashi@BiTermTest.com,Enabled,Standard User,No,2022-11-01,2026-06-29
UMAR.GHANEM,Umar Ghanem,Umar.Ghanem@BiTermTest.com,Enabled,Read Only,No,2015-05-14,2026-07-10
NAYELI.OZTURK,Nayeli Ozturk,Nayeli.Ozturk@BiTermTest.com,Enabled,Read Only,No,2016-05-31,2026-07-07
WAFA.SOKOLOV,Wafa Sokolov,Wafa.Sokolov@BiTermTest.com,Enabled,Standard User,No,2025-08-29,2026-07-09
INGRID.ORLOV,Ingrid Orlov,ingrid.orlov@bitermtest.com,Enabled,Standard User,No,2022-03-20,2025-07-07
TEODORA.GALEA,Teodora Galea,Teodora.Galea@BiTermTest.com,Enabled,Standard User,No,2019-05-20,2026-07-14
ELZBIETA.LEMMA,Elzbieta Lemma,Elzbieta.Lemma@BiTermTest.com,Enabled,Standard User,No,2019-05-06,2026-06-23
PIOTR.YAMAMOTO,Piotr Yamamoto,Piotr.Yamamoto@BiTermTest.com,Enabled,Standard User,No,2025-05-13,2026-06-12
UKAPOOR,Unai Kapoor,Unai.Kapoor@BiTermTest.com,Enabled,Power User,No,2012-11-26,2026-07-13
XIMENA.IYER,Ximena Iyer,Ximena.Iyer@BiTermTest.com,Enabled,Standard User,No,2012-03-19,2026-07-01
RENATA.FONSECA,Renata Fonseca,Renata.Fonseca@BiTermTest.com,Enabled,Power User,No,2015-08-24,2026-06-27
LKOZLOWSKI,Lkozlowski,lkozlowski@bitermtest.com,Disabled,Power User,No,2023-03-02,2026-05-19
UFERREIRA,Umar Ferreira,Umar.Ferreira@BiTermTest.com,Enabled,Standard User,No,2010-05-25,2026-07-15
TRUNG.ABEBE,Trung Abebe,Trung.Abebe@BiTermTest.com,Disabled,Standard User,No,2020-11-17,2025-11-28
TOMASZ.LEWANDOWSKI,Tomasz Lewandowski,Tomasz.Lewandowski@BiTermTest.com,Enabled,Read Only,No,2022-09-06,2026-07-11
GITA.EZEANI,Gita Ezeani,Gita.Ezeani@BiTermTest.com,Disabled,Standard User,No,2024-11-15,2026-07-06
MINHO.DELUCA,Minho Deluca,Minho.Deluca@BiTermTest.com,Enabled,Read Only,No,2017-04-17,2026-07-09
JOVANA.NASSAR,Jovana Nassar,Jovana.Nassar@BiTermTest.com,Enabled,Read Only,No,2009-04-27,2026-06-18
LAN.BEKELE,Lan Bekele,Lan.Bekele@BiTermTest.com,Enabled,Standard User,No,2017-02-06,2026-07-15
GORKA.DANG,Gorka Dang,Gorka.Dang@BiTermTest.com,Enabled,Standard User,No,2024-08-26,2026-06-09
DBARBOSA,Deniz Barbosa,Deniz.Barbosa@BiTermTest.com,Enabled,Standard User,No,2007-01-12,2026-06-28
NKAMINSKI,Nemanja Kaminski,Nemanja.Kaminski@BiTermTest.com,Enabled,Power User,No,1991-09-23,2026-07-18
ENEKO.ASLAN,Eneko Aslan,Eneko.Aslan@BiTermTest.com,Enabled,Standard User,No,2025-05-12,2026-06-14
EHOLMGREN,Eshan Holmgren,Eshan.Holmgren@BiTermTest.com,Enabled,Power User,No,2009-08-03,2026-06-28
JNAIR,Jnair,jnair@bitermtest.com,Enabled,Service Account,Yes,2023-12-26,2026-06-01
PHENDRIKS,Phendriks,phendriks@bitermtest.com,Enabled,Service Account,Yes,2023-07-12,2025-12-06
LCONTI,Laleh Conti,Laleh.Conti@BiTermTest.com,Enabled,Standard User,No,2013-09-09,2026-06-24
JOAO.PILLAI,Joao Pillai,Joao.Pillai@BiTermTest.com,Enabled,Standard User,No,2021-04-26,2026-06-24
DMAALOUF,Dmaalouf,,Enabled,Read Only,No,2023-02-05,2026-02-14
Sanjay.Hoang,Sanjay Hoang,Sanjay.Hoang@BiTermTest.com,Enabled,Standard User,No,2013-07-22,2026-07-05
YUSUF.NOVAK,Yusuf Novak,Yusuf.Novak@BiTermTest.com,Enabled,Power User,No,2024-11-04,2026-06-21
Priya.Zammit,Priya Zammit,Priya.Zammit@BiTermTest.com,Enabled,Read Only,No,2016-08-08,2026-06-09
TARIQ.KAYA,Tariq Kaya,Tariq.Kaya@BiTermTest.com,Enabled,Standard User,No,2021-07-09,2026-06-18
LAN.FUJIMOTO,Lan Fujimoto,Lan.Fujimoto@BiTermTest.com,Enabled,Standard User,No,2017-05-09,2026-06-18
XOCHITL.REDDY,Xochitl Reddy,Xochitl.Reddy@BiTermTest.com,Enabled,Standard User,No,2005-06-22,2026-06-24
UMAR.PIOTROWSKI,Umar Piotrowski,Umar.Piotrowski@BiTermTest.com,Enabled,Power User,No,2014-09-08,2026-07-19
SANJAY.HOANG,Sanjay Hoang,Sanjay.Hoang@BiTermTest.com,Enabled,Standard User,No,2015-01-01,2026-07-18
IMANI.BARONE,Imani Barone,Imani.Barone@BiTermTest.com,Enabled,Standard User,No,2018-07-23,2026-06-29
LMICALLEF,Lorenzo Micallef,Lorenzo.Micallef@BiTermTest.com,Enabled,Standard User,No,2010-10-25,2026-07-06
Amaia.Mulder,Amaia Mulder,Amaia.Mulder@BiTermTest.com,Enabled,Standard User,No,2016-11-07,2026-07-22
CILLIAN.GIRMA,Cillian Girma,Cillian.Girma@BiTermTest.com,Enabled,Read Only,No,2020-10-13,2026-07-04
Cuauhtemoc.Horvat,Cuauhtemoc Horvat,Cuauhtemoc.Horvat@BiTermTest.com,Enabled,Standard User,No,2017-03-31,2026-07-08
GORKA.DESTA,Gorka Desta,Gorka.Desta@BiTermTest.com,Enabled,Standard User,No,2021-05-24,2026-06-17
CEM.HWANG,Cem Hwang,Cem.Hwang@BiTermTest.com,Enabled,Standard User,No,2008-06-27,2026-06-25
TEODORA.HENDRIKS,Teodora Hendriks,Teodora.Hendriks@BiTermTest.com,Enabled,Standard User,No,2016-01-04,2026-06-16
NIKOLAI.LEWANDOWSKI,Nikolai Lewandowski,Nikolai.Lewandowski@BiTermTest.com,Enabled,Read Only,No,2025-04-11,2026-06-30
DDOGAN,Dragan Dogan,Dragan.Dogan@BiTermTest.com,Enabled,Standard User,No,2005-05-23,2026-07-08
HARUTO.MARINO,Haruto Marino,Haruto.Marino@BiTermTest.com,Enabled,Standard User,No,2025-05-15,2026-06-14
Feng.Sowande,Feng Sowande,Feng.Sowande@BiTermTest.com,Enabled,Read Only,No,2014-12-08,2026-06-09
WILLEM.CHOPRA,Willem Chopra,Willem.Chopra@BiTermTest.com,Enabled,Standard User,No,2025-07-25,2026-06-29
ADAEZE.BUI,Adaeze Bui,Adaeze.Bui@BiTermTest.com,Enabled,Administrator,Yes,2025-03-12,2026-07-07
VASIL.CASSAR,Vasil Cassar,Vasil.Cassar@BiTermTest.com,Enabled,Standard User,No,2022-01-31,2026-06-12
PIOTR.SAXENA,Piotr Saxena,Piotr.Saxena@BiTermTest.com,Enabled,Standard User,No,2009-03-09,2026-06-13
JHOLMGREN,Jisoo Holmgren,Jisoo.Holmgren@BiTermTest.com,Enabled,Standard User,No,2012-08-31,2026-07-13
ANDRES.HORVAT,Andres Horvat,Andres.Horvat@BiTermTest.com,Enabled,Standard User,No,2023-06-28,2026-07-17
BKOWALSKI,Bianca Kowalski,Bianca.Kowalski@BiTermTest.com,Enabled,Read Only,No,2008-01-14,2026-07-17
PMULDER,Pmulder,,Enabled,Standard User,No,2023-04-05,2025-10-24
UMAR.DELUCA,Umar Deluca,Umar.Deluca@BiTermTest.com,Enabled,Standard User,No,2025-08-25,2026-06-23
ELIF.GALLO,Elif Gallo,Elif.Gallo@BiTermTest.com,Enabled,Read Only,No,2025-12-29,2026-07-21
NEMANJA.VELLA,Nemanja Vella,Nemanja.Vella@BiTermTest.com,Enabled,Standard User,No,2022-03-07,2026-07-07
TOMASZ.JOSHI,Tomasz Joshi,Tomasz.Joshi@BiTermTest.com,Enabled,Read Only,No,2024-01-02,2026-07-05
RENATA.UCHIDA,Renata Uchida,Renata.Uchida@BiTermTest.com,Enabled,Standard User,No,2019-05-20,2026-06-28
MAITE.DEMIR,Maite Demir,Maite.Demir@BiTermTest.com,Enabled,Standard User,No,2015-01-01,2026-06-20
FERNANDA.DESAI,Fernanda Desai,Fernanda.Desai@BiTermTest.com,Disabled,Standard User,No,2023-10-30,2026-06-23
Eshan.Novak,Eshan Novak,Eshan.Novak@BiTermTest.com,Enabled,Power User,No,2017-03-27,2026-06-19
PARVIN.LEWANDOWSKI,Parvin Lewandowski,Parvin.Lewandowski@BiTermTest.com,Enabled,Standard User,No,2023-06-12,2026-07-03
ELZBIETA.KRAWCZYK,Elzbieta Krawczyk,Elzbieta.Krawczyk@BiTermTest.com,Enabled,Standard User,No,2018-10-22,2025-12-14
MATTEO.PHAM,Matteo Pham,Matteo.Pham@BiTermTest.com,Enabled,Standard User,No,2015-11-30,2026-06-30
MARTA.SEO,Marta Seo,Marta.Seo@BiTermTest.com,Enabled,Standard User,No,2011-07-25,2026-01-14
FREJA.KEBEDE,Freja Kebede,Freja.Kebede@BiTermTest.com,Enabled,Standard User,No,2024-11-21,2026-07-11
DRAGAN.NOVIKOV,Dragan Novikov,Dragan.Novikov@BiTermTest.com,Enabled,Power User,No,2018-06-01,2026-06-27
VALENTINA.RAO,Valentina Rao,Valentina.Rao@BiTermTest.com,Enabled,Read Only,No,2018-06-25,2026-07-07
TAO.KEBEDE,Tao Kebede,Tao.Kebede@BiTermTest.com,Enabled,Standard User,No,2024-01-02,2026-07-16
NBAE,Nbae,nbae@bitermtest.com,Enabled,Service Account,Yes,2023-09-23,2025-02-11
TRUNG.FEDOROV,Trung Fedorov,Trung.Fedorov@BiTermTest.com,Enabled,Standard User,No,2019-12-02,2026-07-04
JOAO.VELLA,Joao Vella,Joao.Vella@BiTermTest.com,Enabled,Standard User,No,2014-11-24,2026-06-29
SOREN.ABEBE,Soren Abebe,Soren.Abebe@BiTermTest.com,Enabled,Read Only,No,2014-06-09,2026-06-25
DUC.KAYA,Duc Kaya,Duc.Kaya@BiTermTest.com,Disabled,Standard User,No,2018-06-18,2026-07-17
IJANKOWSKI,Ines Jankowski,Ines.Jankowski@BiTermTest.com,Enabled,Standard User,No,1991-09-03,2026-06-26
RADEYEMI,Ravi Adeyemi,Ravi.Adeyemi@BiTermTest.com,Enabled,Administrator,Yes,2008-06-02,2026-07-05
TOMASZ.TRIVEDI,Tomasz Trivedi,Tomasz.Trivedi@BiTermTest.com,Enabled,Power User,No,2003-07-28,2026-06-11
REN.KWON,Ren Kwon,Ren.Kwon@BiTermTest.com,Enabled,Read Only,No,2016-05-16,2026-07-21
MIYER,Maite Iyer,Maite.Iyer@BiTermTest.com,Enabled,Standard User,No,2010-02-08,2026-06-27
RAFAEL.KOZLOWSKI,Rafael Kozlowski,Rafael.Kozlowski@BiTermTest.com,Enabled,Standard User,No,2023-03-27,2026-06-16
AMARA.MALHOTRA,Amara Malhotra,Amara.Malhotra@BiTermTest.com,Enabled,Standard User,No,2025-08-19,2026-06-17
INES.JANKOWSKI,Ines Jankowski,Ines.Jankowski@BiTermTest.com,Enabled,Standard User,No,2019-02-11,2026-07-16
AINHOA.CHOPRA,Ainhoa Chopra,Ainhoa.Chopra@BiTermTest.com,Enabled,Standard User,No,2023-10-30,2026-07-20
OKSANA.HADDAD,Oksana Haddad,Oksana.Haddad@BiTermTest.com,Enabled,Power User,No,2025-02-06,2026-07-22
ICARVALHO,Icarvalho,icarvalho@bitermtest.com,Enabled,Standard User,No,2023-05-27,2026-04-01
FASLAN,Faslan,,Enabled,Standard User,No,2022-03-08,2025-03-06
KBOSMAN,Kofi Bosman,Kofi.Bosman@BiTermTest.com,Enabled,Standard User,No,2011-10-24,2026-07-20
VALENTINA.MEHTA,Valentina Mehta,Valentina.Mehta@BiTermTest.com,Enabled,Standard User,No,2017-09-25,2026-07-01
ROISIN.RIBEIRO,Roisin Ribeiro,Roisin.Ribeiro@BiTermTest.com,Enabled,Standard User,No,2025-06-03,2026-07-15
TMEIJER,Tmeijer,tmeijer@bitermtest.com,Enabled,Service Account,Yes,2023-03-03,2025-05-22
XOCHITL.KAPOOR,Xochitl Kapoor,Xochitl.Kapoor@BiTermTest.com,Enabled,Read Only,No,2008-09-02,2026-07-08
ELIF.DAHLBERG,Elif Dahlberg,Elif.Dahlberg@BiTermTest.com,Enabled,Standard User,No,2023-04-03,2026-06-23
PRIYA.NASSAR,Priya Nassar,Priya.Nassar@BiTermTest.com,Enabled,Standard User,No,2016-02-22,2026-07-05
SOREN.ZIELINSKI,Soren Zielinski,Soren.Zielinski@BiTermTest.com,Enabled,Standard User,No,2015-03-02,2026-06-26
BAO.EGOROV,Bao Egorov,Bao.Egorov@BiTermTest.com,Enabled,Read Only,No,2018-01-29,2026-07-09
JANUSZ.RICCI,Janusz Ricci,Janusz.Ricci@BiTermTest.com,Enabled,Standard User,No,2017-01-23,2026-06-20
FEMKE.CARVALHO,Femke Carvalho,Femke.Carvalho@BiTermTest.com,Enabled,Read Only,No,2014-04-25,2026-07-16
SULEIMAN.KIRIGAYA,Suleiman Kirigaya,Suleiman.Kirigaya@BiTermTest.com,Enabled,Administrator,Yes,2018-09-04,2026-07-10
MATTARD,Mattard,,Enabled,Service Account,Yes,2024-01-14,2025-04-18
ALESSANDRO.BAE,Alessandro Bae,Alessandro.Bae@BiTermTest.com,Enabled,Standard User,No,2019-09-09,2026-07-10
VOLKAN.KULKARNI,Volkan Kulkarni,Volkan.Kulkarni@BiTermTest.com,Enabled,Standard User,No,2015-10-13,2026-07-13
BFEDOROV,Baran Fedorov,Baran.Fedorov@BiTermTest.com,Enabled,Standard User,No,1996-03-01,2026-06-14
HAMID.EZEANI,Hamid Ezeani,Hamid.Ezeani@BiTermTest.com,Enabled,Standard User,No,2003-01-27,2026-06-21
LAN.LINDQVIST,Lan Lindqvist,Lan.Lindqvist@BiTermTest.com,Enabled,Standard User,No,2023-06-12,2026-06-16
NMEHTA,Nikolai Mehta,Nikolai.Mehta@BiTermTest.com,Enabled,Standard User,No,2025-04-09,2026-06-12
SEDA.HOLMGREN,Seda Holmgren,Seda.Holmgren@BiTermTest.com,Enabled,Read Only,No,2024-11-07,2026-06-08
MAHMOUD.YILMAZ,Mahmoud Yilmaz,Mahmoud.Yilmaz@BiTermTest.com,Enabled,Standard User,No,2024-11-11,2026-07-21
EMRE.KOBAYASHI,Emre Kobayashi,Emre.Kobayashi@BiTermTest.com,Enabled,Administrator,Yes,2025-06-10,2026-06-11
EMRE.BAE,Emre Bae,Emre.Bae@BiTermTest.com,Enabled,Standard User,No,2019-02-25,2026-06-17
INGRID.BANERJEE,Ingrid Banerjee,Ingrid.Banerjee@BiTermTest.com,Enabled,Read Only,No,2014-02-25,2026-06-19
YYAMAMOTO,Yasmin Yamamoto,Yasmin.Yamamoto@BiTermTest.com,Enabled,Standard User,No,2012-10-01,2026-07-11
XJOVANOVIC,Xjovanovic,xjovanovic@bitermtest.com,Enabled,Standard User,No,2022-02-26,2026-04-14
IJOSHI,Ines Joshi,Ines.Joshi@BiTermTest.com,Enabled,Standard User,No,2004-12-01,2026-06-10
BOGDAN.LEWANDOWSKI,Bogdan Lewandowski,Bogdan.Lewandowski@BiTermTest.com,Enabled,Standard User,No,2025-02-06,2026-06-08
JANUSZ.RICCI,Janusz Ricci,Janusz.Ricci@BiTermTest.com,Enabled,Standard User,No,2023-02-06,2026-06-20
ITITOV,Ilya Titov,Ilya.Titov@BiTermTest.com,Enabled,Standard User,No,2001-10-29,2026-07-03
BRAM.KULKARNI,Bram Kulkarni,Bram.Kulkarni@BiTermTest.com,Enabled,Standard User,No,2020-09-14,2026-07-19
JJEONG,Jisoo Jeong,Jisoo.Jeong@BiTermTest.com,Enabled,Standard User,No,2000-08-01,2026-07-03
TDUONG,Thabo Duong,Thabo.Duong@BiTermTest.com,Disabled,Standard User,No,1999-12-08,2026-06-17
NGALLO,Nikolai Gallo,Nikolai.Gallo@BiTermTest.com,Enabled,Standard User,No,2010-04-12,2026-06-28
GITA.DESAI,Gita Desai,Gita.Desai@BiTermTest.com,Enabled,Standard User,No,2025-02-06,2026-07-17
PETRO.GUPTA,Petro Gupta,Petro.Gupta@BiTermTest.com,Disabled,Standard User,No,2019-09-23,2026-07-15
DAAN.YOON,Daan Yoon,Daan.Yoon@BiTermTest.com,Enabled,Read Only,No,2014-10-13,2026-06-26
CMEIJER,Cmeijer,,Enabled,Standard User,No,2021-12-06,2024-06-12
EAMON.HAILE,Eamon Haile,Eamon.Haile@BiTermTest.com,Enabled,Read Only,No,2016-05-09,2026-07-01
NAYELI.KULKARNI,Nayeli Kulkarni,Nayeli.Kulkarni@BiTermTest.com,Enabled,Standard User,No,2022-05-09,2026-07-17
BAO.CONTI,Bao Conti,Bao.Conti@BiTermTest.com,Enabled,Standard User,No,2022-06-06,2026-07-15
PADRAIG.WORKU,Padraig Worku,Padraig.Worku@BiTermTest.com,Disabled,Standard User,No,2016-07-15,2026-07-20
INES.CAMILLERI,Ines Camilleri,Ines.Camilleri@BiTermTest.com,Enabled,Standard User,No,2024-09-02,2026-07-03
GFERRARI,Giulia Ferrari,Giulia.Ferrari@BiTermTest.com,Enabled,Standard User,No,2010-08-30,2026-07-08
DIEGO.BAE,Diego Bae,Diego.Bae@BiTermTest.com,Disabled,Standard User,No,2010-01-25,2026-06-16
JISOO.BOATENG,Jisoo Boateng,Jisoo.Boateng@BiTermTest.com,Enabled,Standard User,No,2026-02-27,2026-07-13
TEODORA.MAALOUF,Teodora Maalouf,Teodora.Maalouf@BiTermTest.com,Enabled,Standard User,No,2019-11-25,2026-06-11
LRAO,Lucia Rao,Lucia.Rao@BiTermTest.com,Enabled,Standard User,No,2005-02-14,2026-06-28
CEM.MARINO,Cem Marino,Cem.Marino@BiTermTest.com,Enabled,Administrator,Yes,2022-01-03,2026-07-18
HARUTO.KWON,Haruto Kwon,Haruto.Kwon@BiTermTest.com,Enabled,Standard User,No,2019-07-22,2026-07-18
GIULIA.KRAWCZYK,Giulia Krawczyk,Giulia.Krawczyk@BiTermTest.com,Enabled,Standard User,No,2015-08-17,2026-06-25
MATTEO.FOFANA,Matteo Fofana,Matteo.Fofana@BiTermTest.com,Enabled,Read Only,No,2022-01-03,2026-06-18
DGHANEM,Dghanem2 User,DGhanem2@BiTermTest.com,Enabled,Standard User,No,2008-07-28,2026-07-03
RAVI.KAYA,Ravi Kaya,Ravi.Kaya@BiTermTest.com,Enabled,Standard User,No,2025-05-13,2026-07-13
QASIM.GUPTA,Qasim Gupta,Qasim.Gupta@BiTermTest.com,Enabled,Standard User,No,2025-12-29,2026-06-27
BOGDAN.WOZNIAK,Bogdan Wozniak,Bogdan.Wozniak@BiTermTest.com,Enabled,Standard User,No,2020-08-31,2026-06-14
BIANCA.DJORDJEVIC,Bianca Djordjevic,Bianca.Djordjevic@BiTermTest.com,Enabled,Standard User,No,2026-02-27,2026-06-21
PARVIN.CHATTERJEE,Parvin Chatterjee,Parvin.Chatterjee@BiTermTest.com,Enabled,Standard User,No,2009-08-15,2026-07-04
WILLEM.VISSER,Willem Visser,Willem.Visser@BiTermTest.com,Enabled,Standard User,No,2019-11-04,2026-07-19
GIVANOV,Gorka Ivanov,Gorka.Ivanov@BiTermTest.com,Enabled,Standard User,No,2004-08-02,2026-06-18
TEODORA.GALEA,Teodora Galea,Teodora.Galea@BiTermTest.com,Enabled,Standard User,No,2019-05-27,2026-07-14
LEILA.SALIBA,Leila Saliba,Leila.Saliba@BiTermTest.com,Enabled,Power User,No,2017-09-25,2026-07-11
MATEO.OBIORA,Mateo Obiora,Mateo.Obiora@BiTermTest.com,Enabled,Standard User,No,2019-10-07,2026-06-28
GITA.MALHOTRA,Gita Malhotra,Gita.Malhotra@BiTermTest.com,Enabled,Standard User,No,2022-01-05,2026-06-18
KWORKU,Kavita Worku,Kavita.Worku@BiTermTest.com,Enabled,Standard User,No,2012-05-21,2026-07-03
SANNE.TEIXEIRA,Sanne Teixeira,Sanne.Teixeira@BiTermTest.com,Enabled,Standard User,No,2015-01-01,2026-01-17
OKSANA.AYDIN,Oksana Aydin,Oksana.Aydin@BiTermTest.com,Disabled,Standard User,No,2021-11-15,2026-07-09
DIEGO.SAXENA,Diego Saxena,Diego.Saxena@BiTermTest.com,Enabled,Read Only,No,2015-01-01,2026-06-21
BPILLAI,Bram Pillai,Bram.Pillai@BiTermTest.com,Enabled,Standard User,No,1994-08-18,2026-06-09
MINH.JEONG,Minh Jeong,Minh.Jeong@BiTermTest.com,Enabled,Standard User,No,2019-12-09,2026-07-02
XIOMARA.DOGAN,Xiomara Dogan,Xiomara.Dogan@BiTermTest.com,Enabled,Standard User,No,2025-08-25,2026-06-27
OIHANE.GRECH,Oihane Grech,Oihane.Grech@BiTermTest.com,Enabled,Standard User,No,2016-12-06,2026-06-14
AYLIN.VISSER,Aylin Visser,Aylin.Visser@BiTermTest.com,Enabled,Standard User,No,2025-06-23,2026-06-22
Alessandro.Dang,Alessandro Dang,Alessandro.Dang@BiTermTest.com,Enabled,Standard User,No,2017-07-24,2026-06-08
HENRYK.FARRUGIA,Henryk Farrugia,Henryk.Farrugia@BiTermTest.com,Enabled,Standard User,No,2015-01-01,2026-06-17
TARIQ.MATSUDA,Tariq Matsuda,Tariq.Matsuda@BiTermTest.com,Enabled,Power User,No,2018-09-04,2026-06-15
BDJORDJEVIC,Bianca Djordjevic,Bianca.Djordjevic@BiTermTest.com,Enabled,Standard User,No,2009-04-13,2026-06-23
OMATSUDA,Oksana Matsuda,Oksana.Matsuda@BiTermTest.com,Enabled,Standard User,No,2003-04-10,2026-06-12
ZOFIA.OLIVEIRA,Zofia Oliveira,Zofia.Oliveira@BiTermTest.com,Enabled,Read Only,No,2019-01-07,2026-06-14
MATEO.GALEA,Mateo Galea,Mateo.Galea@BiTermTest.com,Enabled,Read Only,No,2023-06-19,2026-07-22
MILAN.LAI,Milan Lai,Milan.Lai@BiTermTest.com,Enabled,Power User,No,2019-04-29,2026-07-16
GORKA.GIRMA,Gorka Girma,Gorka.Girma@BiTermTest.com,Enabled,Standard User,No,2018-05-29,2026-06-24
ANDRES.VOLKOV,Andres Volkov,Andres.Volkov@BiTermTest.com,Enabled,Read Only,No,2025-02-06,2026-06-20
THABO.NOVIKOV,Thabo Novikov,Thabo.Novikov@BiTermTest.com,Enabled,Read Only,No,2018-04-02,2026-06-15
KNDIAYE,Kamal Ndiaye,Kamal.Ndiaye@BiTermTest.com,Enabled,Read Only,No,2009-08-31,2026-06-25
VOLKAN.CASSAR,Volkan Cassar,Volkan.Cassar@BiTermTest.com,Enabled,Standard User,No,2013-09-27,2026-07-11
RAFAEL.GALEA,Rafael Galea,Rafael.Galea@BiTermTest.com,Enabled,Standard User,No,2024-03-26,2026-06-19
CHIARA.ALMEIDA,Chiara Almeida,Chiara.Almeida@BiTermTest.com,Enabled,Standard User,No,2025-05-13,2026-07-13
MAIALEN.JANKOWSKI,Maialen Jankowski,Maialen.Jankowski@BiTermTest.com,Enabled,Standard User,No,2019-08-12,2026-07-12
JISOO.BOATENG,Jisoo Boateng,Jisoo.Boateng@BiTermTest.com,Enabled,Standard User,No,2021-12-08,2026-07-13
CUAUHTEMOC.NASSAR,Cuauhtemoc Nassar,Cuauhtemoc.Nassar@BiTermTest.com,Enabled,Standard User,No,2026-01-12,2026-07-18
DAAN.SAHIN,Daan Sahin,Daan.Sahin@BiTermTest.com,Enabled,Standard User,No,2019-08-05,2026-06-13
REN.IYER,Ren Iyer,Ren.Iyer@BiTermTest.com,Enabled,Standard User,No,2023-06-12,2026-06-23
AINHOA.TEIXEIRA,Ainhoa Teixeira,Ainhoa.Teixeira@BiTermTest.com,Enabled,Standard User,No,2013-06-28,2026-06-19
ANIKA.NAKAMURA,Anika Nakamura,Anika.Nakamura@BiTermTest.com,Enabled,Power User,No,2017-07-24,2026-01-27
RASHIDA.NGO,Rashida Ngo,Rashida.Ngo@BiTermTest.com,Disabled,Standard User,No,2015-02-23,2026-07-20
SANJAY.DABROWSKI,Sanjay Dabrowski,Sanjay.Dabrowski@BiTermTest.com,Enabled,Power User,No,2012-06-18,2026-06-14
JOAO.TRIVEDI,Joao Trivedi,Joao.Trivedi@BiTermTest.com,Enabled,Read Only,No,2023-10-09,2026-07-03
SAKURA.GHANEM,Sakura Ghanem,Sakura.Ghanem@BiTermTest.com,Enabled,Standard User,No,2021-11-01,2026-07-03
NRAO,Nerea Rao,Nerea.Rao@BiTermTest.com,Enabled,Read Only,No,2008-12-01,2026-06-15
TAHIRA.BALOGUN,Tahira Balogun,Tahira.Balogun@BiTermTest.com,Enabled,Standard User,No,2025-04-11,2026-06-19
AYLIN.KILIC,Aylin Kilic,Aylin.Kilic@BiTermTest.com,Enabled,Standard User,No,2015-01-01,2026-07-04
NAOKO.IVANOV,Naoko Ivanov,Naoko.Ivanov@BiTermTest.com,Enabled,Standard User,No,2016-07-11,2026-07-07
OMAR.ALMEIDA,Omar Almeida,Omar.Almeida@BiTermTest.com,Enabled,Power User,No,2025-05-13,2026-07-22
JELANI.NIKOLIC,Jelani Nikolic,Jelani.Nikolic@BiTermTest.com,Enabled,Power User,No,2012-09-10,2026-07-16
MEI.CASSAR,Mei Cassar,Mei.Cassar@BiTermTest.com,Enabled,Power User,No,2022-09-21,2026-07-01
LINH.SAXENA,Linh Saxena,Linh.Saxena@BiTermTest.com,Enabled,Read Only,No,2019-10-21,2026-06-23
THABO.ADEYEMI,Thabo Adeyemi,Thabo.Adeyemi@BiTermTest.com,Enabled,Read Only,No,2017-07-10,2026-07-03
HENRYK.MEIJER,Henryk Meijer,Henryk.Meijer@BiTermTest.com,Enabled,Standard User,No,2020-01-06,2026-06-16
RAVI.ZAMMIT,Ravi Zammit,Ravi.Zammit@BiTermTest.com,Enabled,Read Only,No,2023-03-20,2026-07-09
SIPHO.DESAI,Sipho Desai,Sipho.Desai@BiTermTest.com,Enabled,Power User,No,2021-03-15,2026-07-16
YEVHEN.YILMAZ,Yevhen Yilmaz,Yevhen.Yilmaz@BiTermTest.com,Enabled,Standard User,No,2025-02-06,2026-06-26
JOVANA.FEDOROV,Jovana Fedorov,Jovana.Fedorov@BiTermTest.com,Enabled,Standard User,No,2017-09-25,2026-07-20
UNOVIKOV,Umar Novikov,Umar.Novikov@BiTermTest.com,Enabled,Standard User,No,2005-03-01,2026-06-09
HUI.MAZUR,Hui Mazur,Hui.Mazur@BiTermTest.com,Enabled,Standard User,No,2019-04-15,2026-06-15
ROHAN.VARMA,Rohan Varma,Rohan.Varma@BiTermTest.com,Enabled,Standard User,No,2025-04-07,2026-06-19
MAHMOUD.KHOURY,Mahmoud Khoury,Mahmoud.Khoury@BiTermTest.com,Enabled,Read Only,No,2021-03-29,2026-07-05
SEDA.BARONE,Seda Barone,Seda.Barone@BiTermTest.com,Enabled,Standard User,No,2015-07-28,2025-12-02
ZOFIA.KIRIGAYA,Zofia Kirigaya,Zofia.Kirigaya@BiTermTest.com,Enabled,Read Only,No,2008-02-07,2026-06-21
Chidi.Zielinski,Chidi Zielinski,Chidi.Zielinski@BiTermTest.com,Enabled,Standard User,No,2016-05-16,2026-06-20
TEODORA.GALLO,Teodora Gallo,Teodora.Gallo@BiTermTest.com,Enabled,Administrator,Yes,2022-01-24,2026-07-13
SULEIMAN.KIRIGAYA,Suleiman Kirigaya,Suleiman.Kirigaya@BiTermTest.com,Enabled,Administrator,Yes,2025-12-29,2026-07-10
MIKKEL.SAHIN,Mikkel Sahin,Mikkel.Sahin@BiTermTest.com,Enabled,Standard User,No,2002-07-26,2026-06-08
CITLALI.DAHLBERG,Citlali Dahlberg,Citlali.Dahlberg@BiTermTest.com,Enabled,Standard User,No,2025-05-14,2026-07-21
XOCHITL.KURODA,Xochitl Kuroda,Xochitl.Kuroda@BiTermTest.com,Enabled,Standard User,No,2016-03-07,2026-07-07
JANUSZ.JANKOWSKI,Janusz Jankowski,Janusz.Jankowski@BiTermTest.com,Enabled,Standard User,No,2018-08-21,2026-06-29
AOIFE.NGO,Aoife Ngo,Aoife.Ngo@BiTermTest.com,Enabled,Standard User,No,2013-03-04,2026-07-19
MEI.HORVAT,Mei Horvat,Mei.Horvat@BiTermTest.com,Enabled,Standard User,No,2023-03-27,2026-06-24
LALEH.BARBOSA,Laleh Barbosa,Laleh.Barbosa@BiTermTest.com,Enabled,Standard User,No,2022-05-02,2026-07-21
KATYA.KIRIGAYA,Katya Kirigaya,Katya.Kirigaya@BiTermTest.com,Enabled,Standard User,No,2025-11-26,2026-06-13
ALESSANDRO.TAKAHASHI,Alessandro Takahashi,Alessandro.Takahashi@BiTermTest.com,Enabled,Read Only,No,2018-11-26,2026-07-01
BIANCA.KIRIGAYA,Bianca Kirigaya,Bianca.Kirigaya@BiTermTest.com,Enabled,Standard User,No,2025-02-19,2026-06-25
HANA.NOVIKOV,Hana Novikov,Hana.Novikov@BiTermTest.com,Disabled,Standard User,No,2023-10-16,2026-07-22
DUC.DOGAN,Duc Dogan,Duc.Dogan@BiTermTest.com,Disabled,Standard User,No,2025-03-24,2026-06-10
VASIL.VELLA,Vasil Vella,Vasil.Vella@BiTermTest.com,Enabled,Read Only,No,2020-05-18,2026-06-10
NGOZI.HENDRIKS,Ngozi Hendriks,,Enabled,Power User,No,2023-05-19,2026-02-11
WILLEM.LINDQVIST,Willem Lindqvist,Willem.Lindqvist@BiTermTest.com,Enabled,Power User,No,2010-05-17,2026-06-19
QUANG.VOLKOV,Quang Volkov,Quang.Volkov@BiTermTest.com,Enabled,Read Only,No,2023-03-20,2026-06-12
PARVIN.SOKOLOV,Parvin Sokolov,Parvin.Sokolov@BiTermTest.com,Enabled,Standard User,No,2022-12-19,2026-06-24
LALEH.OKONKWO,Laleh Okonkwo,Laleh.Okonkwo@BiTermTest.com,Enabled,Standard User,No,2025-05-13,2026-07-08
YUSUF.UCHIDA,Yusuf Uchida,Yusuf.Uchida@BiTermTest.com,Enabled,Standard User,No,2021-09-27,2026-07-08
BASIM.POLAT,Basim Polat,Basim.Polat@BiTermTest.com,Disabled,Read Only,No,2014-09-26,2026-01-30
VGALLO,Vgallo,vgallo@bitermtest.com,Enabled,Standard User,No,2023-01-16,2024-02-01
ANOUK.DEVRIES,Anouk Devries,Anouk.Devries@BiTermTest.com,Disabled,Standard User,No,2024-02-27,2026-07-18
YASMIN.MEIJER,Yasmin Meijer,Yasmin.Meijer@BiTermTest.com,Enabled,Standard User,No,2024-12-30,2026-06-22
LORENZO.OBIORA,Lorenzo Obiora,Lorenzo.Obiora@BiTermTest.com,Enabled,Administrator,Yes,2021-03-08,2026-07-17
RKOBAYASHI,Rkobayashi,,Enabled,Administrator,Yes,2022-05-21,2025-10-17
MKOBAYASHI,Maite Kobayashi,Maite.Kobayashi@BiTermTest.com,Enabled,Standard User,No,2011-01-03,2026-07-07
IZARO.SAHIN,Izaro Sahin,Izaro.Sahin@BiTermTest.com,Enabled,Read Only,No,2015-05-11,2026-06-15
MAHMOUD.RAHAL,Mahmoud Rahal,Mahmoud.Rahal@BiTermTest.com,Enabled,Standard User,No,2025-08-25,2026-06-18
JOAO.PILLAI,Joao Pillai,Joao.Pillai@BiTermTest.com,Enabled,Standard User,No,2025-06-10,2026-06-24
YASMIN.ENGSTROM,Yasmin Engstrom,Yasmin.Engstrom@BiTermTest.com,Enabled,Standard User,No,2022-05-09,2026-07-02
DREDDY,Dragan Reddy,Dragan.Reddy@BiTermTest.com,Enabled,Standard User,No,2009-07-13,2026-06-25
BARAN.CARVALHO,Baran Carvalho,Baran.Carvalho@BiTermTest.com,Enabled,Standard User,No,2015-01-01,2026-07-04
YUKI.MOROZOV,Yuki Morozov,Yuki.Morozov@BiTermTest.com,Enabled,Standard User,No,2025-05-13,2026-06-09
REN.MAZUR,Ren Mazur,Ren.Mazur@BiTermTest.com,Enabled,Standard User,No,2020-03-09,2026-07-15
LUCIA.KWON,Lucia Kwon,Lucia.Kwon@BiTermTest.com,Enabled,Standard User,No,2020-02-17,2026-06-09
THABO.DUONG,Thabo Duong,Thabo.Duong@BiTermTest.com,Enabled,Standard User,No,2015-03-09,2026-07-18
ELIF.HADDAD,Elif Haddad,Elif.Haddad@BiTermTest.com,Enabled,Administrator,Yes,2015-08-17,2026-07-08
THIAGO.LUNDGREN,Thiago Lundgren,Thiago.Lundgren@BiTermTest.com,Enabled,Standard User,No,2024-02-19,2026-07-16
BIANCA.DESAI,Bianca Desai,Bianca.Desai@BiTermTest.com,Enabled,Standard User,No,2025-05-19,2026-06-12
FEMKE.JANKOWSKI,Femke Jankowski,Femke.Jankowski@BiTermTest.com,Enabled,Read Only,No,2022-05-31,2026-07-19
JOVANA.FOFANA,Jovana Fofana,Jovana.Fofana@BiTermTest.com,Enabled,Standard User,No,2020-11-02,2026-07-13
ANDRES.OZTURK,Andres Ozturk,Andres.Ozturk@BiTermTest.com,Enabled,Standard User,No,2016-05-30,2025-12-31
REN.LAI,Ren Lai,Ren.Lai@BiTermTest.com,Enabled,Standard User,No,2015-07-27,2026-07-07
Joao.Nowak,Joao Nowak,Joao.Nowak@BiTermTest.com,Enabled,Standard User,No,2023-05-15,2026-06-23
THABO.KURODA,Thabo Kuroda,Thabo.Kuroda@BiTermTest.com,Enabled,Standard User,No,2025-05-13,2026-06-11
ITZEL.AMARI,Itzel Amari,Itzel.Amari@BiTermTest.com,Enabled,Read Only,No,2025-02-11,2026-06-23
ESHAN.NOVAK,Eshan Novak,Eshan.Novak@BiTermTest.com,Enabled,Standard User,No,2017-06-12,2026-06-11
HUONG.EGOROV,Huong Egorov,Huong.Egorov@BiTermTest.com,Enabled,Standard User,No,2021-03-16,2026-06-13
HANA.BARAKA,Hana Baraka,Hana.Baraka@BiTermTest.com,Enabled,Standard User,No,2018-01-15,2026-06-22
THAO.KEITA,Thao Keita,Thao.Keita@BiTermTest.com,Enabled,Administrator,Yes,2023-02-13,2026-06-30
ZOFIA.BABIC,Zofia Babic,Zofia.Babic@BiTermTest.com,Enabled,Standard User,No,2020-12-14,2026-07-09
YYAMAMOTO,Yyamamoto,yyamamoto@bitermtest.com,Enabled,Standard User,No,2022-01-09,2026-03-10
FHORVAT,Fhorvat,fhorvat@bitermtest.com,Disabled,Service Account,Yes,2023-04-05,2024-09-15
Beatriz.Bekele,Beatriz Bekele,Beatriz.Bekele@BiTermTest.com,Enabled,Power User,No,2017-05-01,2026-06-13
MARTA.ATTARD,Marta Attard,,Enabled,Service Account,Yes,2022-12-19,2025-06-21
ANOUK.TITOV,Anouk Titov,Anouk.Titov@BiTermTest.com,Enabled,Power User,No,2014-10-13,2026-06-28
ITZEL.IYER,Itzel Iyer,Itzel.Iyer@BiTermTest.com,Enabled,Standard User,No,2017-08-08,2026-07-14
AMAIA.DANG,Amaia Dang,Amaia.Dang@BiTermTest.com,Enabled,Standard User,No,2019-06-10,2026-07-11
SAKURA.BARONE,Sakura Barone,sakura.barone@bitermtest.com,Enabled,Service Account,Yes,2022-01-24,2024-08-07
ILYA.LUNDGREN,Ilya Lundgren,Ilya.Lundgren@BiTermTest.com,Enabled,Read Only,No,2023-08-25,2026-06-22
IKURODA,Itzel Kuroda,Itzel.Kuroda@BiTermTest.com,Enabled,Read Only,No,2000-12-11,2026-06-30
XBOSMAN,Xiu Bosman,Xiu.Bosman@BiTermTest.com,Enabled,Read Only,No,2009-11-30,2026-06-19
CHIARA.AXELSSON,Chiara Axelsson,Chiara.Axelsson@BiTermTest.com,Enabled,Power User,No,2015-06-22,2026-07-01
VMORETTI,Valentina Moretti,Valentina.Moretti@BiTermTest.com,Enabled,Power User,No,2007-09-10,2026-07-18
HUONG.VELLA,Huong Vella,Huong.Vella@BiTermTest.com,Enabled,Standard User,No,2013-05-21,2026-06-15
SOREN.ABEBE,Soren Abebe,Soren.Abebe@BiTermTest.com,Enabled,Read Only,No,2025-06-10,2026-06-25
JOVANA.DANG,Jovana Dang,Jovana.Dang@BiTermTest.com,Enabled,Administrator,Yes,2020-03-09,2026-06-26
XIU.CARVALHO,Xiu Carvalho,Xiu.Carvalho@BiTermTest.com,Enabled,Read Only,No,2025-02-11,2026-07-10
HENRYK.YAMAMOTO,Henryk Yamamoto,Henryk.Yamamoto@BiTermTest.com,Enabled,Standard User,No,2025-05-21,2026-06-30
NAYELI.VISSER,Nayeli Visser,Nayeli.Visser@BiTermTest.com,Enabled,Standard User,No,2015-01-01,2026-07-03
ANDIAYE,Aylin Ndiaye,Aylin.Ndiaye@BiTermTest.com,Enabled,Standard User,No,2011-10-03,2026-06-14
JOVANA.BARAKA,Jovana Baraka,Jovana.Baraka@BiTermTest.com,Enabled,Standard User,No,2025-06-10,2026-06-24
NEREA.RAO,Nerea Rao,Nerea.Rao@BiTermTest.com,Enabled,Read Only,No,2023-04-03,2026-07-05
SIOBHAN.BANERJEE,Siobhan Banerjee,Siobhan.Banerjee@BiTermTest.com,Enabled,Standard User,No,2021-07-06,2026-07-07
HMARKOVIC,Hana Markovic,Hana.Markovic@BiTermTest.com,Enabled,Standard User,No,2012-06-25,2026-03-06
DENIZ.SALIBA,Deniz Saliba,Deniz.Saliba@BiTermTest.com,Disabled,Power User,No,2023-03-27,2026-07-17
IMANI.WATANABE,Imani Watanabe,Imani.Watanabe@BiTermTest.com,Enabled,Standard User,No,2025-08-25,2026-06-27
YEVHEN.OHTANI,Yevhen Ohtani,Yevhen.Ohtani@BiTermTest.com,Enabled,Power User,No,2016-08-29,2026-07-08
TAHIRA.BALOGUN,Tahira Balogun,Tahira.Balogun@BiTermTest.com,Enabled,Standard User,No,2021-10-18,2026-06-19
SANNE.BARONE,Sanne Barone,Sanne.Barone@BiTermTest.com,Enabled,Standard User,No,2017-05-22,2026-07-10
MZIELINSKI,Mzielinski,mzielinski@bitermtest.com,Enabled,Standard User,No,2023-04-19,2024-05-08
LARS.KAMINSKI,Lars Kaminski,Lars.Kaminski@BiTermTest.com,Disabled,Standard User,No,2016-02-25,2026-06-23
CVUONG,Cvuong,cvuong@bitermtest.com,Enabled,Service Account,Yes,2023-07-09,2024-10-22
ESHAN.HOLMGREN,Eshan Holmgren,Eshan.Holmgren@BiTermTest.com,Enabled,Standard User,No,2015-01-01,2026-06-11
EKRAWCZYK,Elzbieta Krawczyk,Elzbieta.Krawczyk@BiTermTest.com,Enabled,Standard User,No,2013-01-28,2026-02-12
TENOCH.HADDAD,Tenoch Haddad,Tenoch.Haddad@BiTermTest.com,Enabled,Power User,No,2024-12-30,2026-07-01
GITA.DEKKER,Gita Dekker,Gita.Dekker@BiTermTest.com,Enabled,Standard User,No,2020-12-14,2026-06-15
FNWOSU,Farid Nwosu,Farid.Nwosu@BiTermTest.com,Disabled,Standard User,No,2012-11-26,2026-07-22
YASMIN.YAMAMOTO,Yasmin Yamamoto,Yasmin.Yamamoto@BiTermTest.com,Enabled,Standard User,No,2005-06-01,2026-07-14
ANWAR.NGO,Anwar Ngo,Anwar.Ngo@BiTermTest.com,Enabled,Administrator,Yes,2025-02-06,2026-06-24
ASOKOLOV,Anouk Sokolov,Anouk.Sokolov@BiTermTest.com,Enabled,Standard User,No,2013-02-11,2026-07-22
FENG.SAXENA,Feng Saxena,Feng.Saxena@BiTermTest.com,Enabled,Read Only,No,2021-02-08,2026-07-17
HBERGSTROM,Hana Bergstrom,Hana.Bergstrom@BiTermTest.com,Enabled,Standard User,No,2010-11-03,2026-06-22
KENJI.ZIELINSKI,Kenji Zielinski,Kenji.Zielinski@BiTermTest.com,Enabled,Standard User,No,2017-03-27,2026-07-12
EAYDIN,Eshan Aydin,Eshan.Aydin@BiTermTest.com,Enabled,Standard User,No,2013-05-28,2026-06-28
SEDA.GRECH,Seda Grech,Seda.Grech@BiTermTest.com,Enabled,Standard User,No,2007-08-30,2026-06-14
LARSLAN,Leila Arslan,Leila.Arslan@BiTermTest.com,Enabled,Administrator,Yes,1989-09-22,2026-06-24
Rohan.Orlov,Rohan Orlov,Rohan.Orlov@BiTermTest.com,Enabled,Standard User,No,2023-11-03,2026-07-08
XVISSER,Xiu Visser,Xiu.Visser@BiTermTest.com,Enabled,Standard User,No,2005-08-18,2026-07-06
UMAR.DELUCA,Umar Deluca,Umar.Deluca@BiTermTest.com,Enabled,Standard User,No,2021-08-10,2026-06-23
CAXELSSON,Cuauhtemoc Axelsson,Cuauhtemoc.Axelsson@BiTermTest.com,Enabled,Read Only,No,2004-09-14,2026-07-04
ROISIN.KWON,Roisin Kwon,Roisin.Kwon@BiTermTest.com,Enabled,Standard User,No,2011-04-01,2026-06-08
YUSUF.LEMMA,Yusuf Lemma,Yusuf.Lemma@BiTermTest.com,Enabled,Standard User,No,2015-06-22,2026-07-02
ANAHI.GRECO,Anahi Greco,Anahi.Greco@BiTermTest.com,Enabled,Power User,No,2015-01-01,2026-07-02
AMIFSUD,Astrid Mifsud,Astrid.Mifsud@BiTermTest.com,Enabled,Standard User,No,2008-09-02,2026-06-17
ZPOLAT,Zofia Polat,Zofia.Polat@BiTermTest.com,Enabled,Administrator,Yes,2000-12-18,2026-06-23
MOZTURK,Mozturk,mozturk@bitermtest.com,Enabled,Standard User,No,2023-05-10,2024-08-10
GITA.RIBEIRO,Gita Ribeiro,gita.ribeiro@bitermtest.com,Enabled,Standard User,No,2022-08-09,2024-08-22
FARID.ISHIKAWA,Farid Ishikawa,Farid.Ishikawa@BiTermTest.com,Enabled,Standard User,No,2023-01-30,2026-07-13
BASIM.POLAT,Basim Polat,Basim.Polat@BiTermTest.com,Disabled,Read Only,No,2014-02-05,2026-01-30
MATTEO.FOFANA,Matteo Fofana,Matteo.Fofana@BiTermTest.com,Enabled,Read Only,No,2015-07-20,2026-06-18
BCAMILLERI,Bao Camilleri,Bao.Camilleri@BiTermTest.com,Enabled,Power User,No,2012-11-05,2026-06-14
CILLIAN.NOVIKOV,Cillian Novikov,Cillian.Novikov@BiTermTest.com,Enabled,Standard User,No,2021-05-24,2026-06-30
DKOCAK,Dkocak,dkocak@bitermtest.com,Enabled,Service Account,Yes,2022-04-30,2025-04-06
ITZEL.MARKOVIC,Itzel Markovic,Itzel.Markovic@BiTermTest.com,Enabled,Standard User,No,2016-02-29,2026-06-11
IKER.TRAORE,Iker Traore,Iker.Traore@BiTermTest.com,Enabled,Standard User,No,2010-03-22,2026-06-30
MILAN.BARAKA,Milan Baraka,Milan.Baraka@BiTermTest.com,Disabled,Standard User,No,2020-10-19,2026-07-22
INGRID.ALMEIDA,Ingrid Almeida,Ingrid.Almeida@BiTermTest.com,Enabled,Standard User,No,2019-10-14,2026-07-08
DMARINO,Deniz Marino,Deniz.Marino@BiTermTest.com,Enabled,Read Only,No,2012-06-25,2026-06-14
DENIZ.BARBOSA,Deniz Barbosa,Deniz.Barbosa@BiTermTest.com,Enabled,Power User,No,2025-07-14,2026-07-18
SANNE.CHUKWU,Sanne Chukwu,Sanne.Chukwu@BiTermTest.com,Enabled,Standard User,No,2014-09-29,2026-07-06
ZAHRA.RIBEIRO,Zahra Ribeiro,Zahra.Ribeiro@BiTermTest.com,Enabled,Standard User,No,2024-05-20,2026-07-21
BASIM.AYDIN,Basim Aydin,Basim.Aydin@BiTermTest.com,Enabled,Standard User,No,2019-05-13,2026-06-17
BBAE,Bogdan Bae,Bogdan.Bae@BiTermTest.com,Enabled,Power User,No,2011-10-31,2026-06-15
JOAO.PHAM,Joao Pham,Joao.Pham@BiTermTest.com,Enabled,Standard User,No,2025-08-19,2026-07-12
BFARRUGIA,Bogdan Farrugia,Bogdan.Farrugia@BiTermTest.com,Enabled,Standard User,No,2012-04-09,2026-06-15
FIRUZA.BEKELE,Firuza Bekele,Firuza.Bekele@BiTermTest.com,Enabled,Power User,No,2016-11-28,2026-06-18
YUSUF.GRABOWSKI,Yusuf Grabowski,Yusuf.Grabowski@BiTermTest.com,Enabled,Standard User,No,2012-01-02,2026-06-09
FNWOSU,Fnwosu,,Disabled,Service Account,Yes,2023-11-05,2024-10-05
WILLEM.LINDQVIST,Willem Lindqvist,Willem.Lindqvist@BiTermTest.com,Enabled,Power User,No,2023-08-14,2026-06-19
FERNANDA.MEHTA,Fernanda Mehta,Fernanda.Mehta@BiTermTest.com,Disabled,Standard User,No,2014-03-03,2026-06-30
DIEGO.GIRMA,Diego Girma,Diego.Girma@BiTermTest.com,Enabled,Standard User,No,2022-02-14,2026-06-10
YUKI.RICCI,Yuki Ricci,Yuki.Ricci@BiTermTest.com,Enabled,Standard User,No,2018-01-02,2026-07-02
LALEH.SANDBERG,Laleh Sandberg,Laleh.Sandberg@BiTermTest.com,Enabled,Power User,No,2021-02-15,2026-07-02
WILLEM.KURODA,Willem Kuroda,Willem.Kuroda@BiTermTest.com,Enabled,Standard User,No,2023-03-13,2026-07-07
HAMID.BHATTACHARYA,Hamid Bhattacharya,Hamid.Bhattacharya@BiTermTest.com,Enabled,Standard User,No,2022-02-14,2026-06-08
Aoife.Bae,Aoife Bae,Aoife.Bae@BiTermTest.com,Enabled,Standard User,No,2005-12-01,2026-07-17
PETRO.KILIC,Petro Kilic,,Enabled,Service Account,Yes,2022-01-12,2024-12-30
Jing.Owusu,Jing Owusu,Jing.Owusu@BiTermTest.com,Enabled,Standard User,No,2010-05-17,2026-06-15
RNASSAR,Rashida Nassar,Rashida.Nassar@BiTermTest.com,Enabled,Standard User,No,2006-08-14,2026-06-14
ARJUN.ALMEIDA,Arjun Almeida,Arjun.Almeida@BiTermTest.com,Enabled,Standard User,No,2025-12-29,2026-06-08
DRAGAN.KEBEDE,Dragan Kebede,Dragan.Kebede@BiTermTest.com,Enabled,Standard User,No,2025-09-05,2026-07-09
LOTTE.DELUCA,Lotte Deluca,Lotte.Deluca@BiTermTest.com,Enabled,Power User,No,1998-07-22,2026-06-12
MARISOL.ORLOV,Marisol Orlov,Marisol.Orlov@BiTermTest.com,Enabled,Standard User,No,2020-06-08,2026-07-06
ELZBIETA.DANG,Elzbieta Dang,Elzbieta.Dang@BiTermTest.com,Enabled,Standard User,No,2008-11-24,2026-07-15
RASHIDA.KRAWCZYK,Rashida Krawczyk,Rashida.Krawczyk@BiTermTest.com,Enabled,Standard User,No,2012-05-14,2026-07-12
Agnieszka.Arslan,Agnieszka Arslan,Agnieszka.Arslan@BiTermTest.com,Enabled,Standard User,No,2017-06-19,2026-07-11
NEMANJA.DESTA,Nemanja Desta,Nemanja.Desta@BiTermTest.com,Enabled,Standard User,No,2010-09-29,2026-06-22
FIRUZA.DEVRIES,Firuza Devries,Firuza.Devries@BiTermTest.com,Enabled,Standard User,No,2020-08-24,2026-06-09
GITA.VISSER,Gita Visser,Gita.Visser@BiTermTest.com,Enabled,Read Only,No,2016-07-18,2026-07-14
JELANI.AKSOY,Jelani Aksoy,Jelani.Aksoy@BiTermTest.com,Enabled,Standard User,No,2021-08-09,2026-07-18
THENDRIKS,Tariq Hendriks,Tariq.Hendriks@BiTermTest.com,Enabled,Standard User,No,2008-10-06,2026-07-04
EFARRUGIA,Eshan Farrugia,Eshan.Farrugia@BiTermTest.com,Enabled,Administrator,Yes,2000-07-31,2026-06-27
JBOATENG,Jovana Boateng,Jovana.Boateng@BiTermTest.com,Enabled,Standard User,No,2010-02-15,2026-06-21
SEZEANI,Sezeani,sezeani@bitermtest.com,Enabled,Standard User,No,2024-01-12,2024-04-29
RAFAEL.ATTARD,Rafael Attard,Rafael.Attard@BiTermTest.com,Enabled,Power User,No,2012-08-13,2026-06-24
EKEITA,Elif Keita,Elif.Keita@BiTermTest.com,Enabled,Standard User,No,2008-07-28,2026-07-05
ITZEL.ZIELINSKI,Itzel Zielinski,Itzel.Zielinski@BiTermTest.com,Enabled,Read Only,No,2020-01-07,2026-06-30
QASIM.MUKHERJEE,Qasim Mukherjee,Qasim.Mukherjee@BiTermTest.com,Disabled,Standard User,No,2005-05-30,2026-06-20
NIKOLAI.VOSBERG,Nikolai Vosberg,Nikolai.Vosberg@BiTermTest.com,Enabled,Power User,No,2011-01-06,2026-06-29
OMAR.ALMEIDA,Omar Almeida,Omar.Almeida@BiTermTest.com,Enabled,Power User,No,2019-02-18,2026-07-22
MARISOL.ASANTE,Marisol Asante,Marisol.Asante@BiTermTest.com,Enabled,Read Only,No,2023-02-27,2026-07-13
PARVIN.KEITA,Parvin Keita,Parvin.Keita@BiTermTest.com,Enabled,Standard User,No,2018-06-11,2026-07-07
SANNE.JOVANOVIC,Sanne Jovanovic,Sanne.Jovanovic@BiTermTest.com,Enabled,Standard User,No,2023-11-27,2026-06-27
YEVHEN.FERREIRA,Yevhen Ferreira,Yevhen.Ferreira@BiTermTest.com,Enabled,Standard User,No,2015-01-01,2026-07-11
OMAR.AYDIN,Omar Aydin,Omar.Aydin@BiTermTest.com,Disabled,Standard User,No,2021-02-15,2026-07-13
ROISIN.MAZUR,Roisin Mazur,Roisin.Mazur@BiTermTest.com,Enabled,Standard User,No,2010-10-18,2026-06-21
ZOFIA.FEDOROV,Zofia Fedorov,Zofia.Fedorov@BiTermTest.com,Enabled,Read Only,No,2025-04-28,2026-06-28
XIU.PETROV,Xiu Petrov,,Enabled,Standard User,No,2022-10-26,2024-08-16
DENIZ.UCHIDA,Deniz Uchida,Deniz.Uchida@BiTermTest.com,Enabled,Standard User,No,2017-01-23,2026-06-27
Yaretzi.Arslan,Yaretzi Arslan,Yaretzi.Arslan@BiTermTest.com,Enabled,Standard User,No,2008-05-27,2026-07-04
KHOANG,Kofi Hoang,Kofi.Hoang@BiTermTest.com,Enabled,Read Only,No,2012-09-17,2026-07-21
THAO.VISSER,Thao Visser,Thao.Visser@BiTermTest.com,Enabled,Read Only,No,2013-11-18,2026-07-05
BASIM.POLAT,Basim Polat,Basim.Polat@BiTermTest.com,Disabled,Read Only,No,2011-11-08,2026-01-30
NUCHIDA,Nikolai Uchida,Nikolai.Uchida@BiTermTest.com,Enabled,Administrator,Yes,1996-06-01,2025-11-23
Mahmoud.Engstrom,Mahmoud Engstrom,Mahmoud.Engstrom@BiTermTest.com,Enabled,Standard User,No,2016-07-18,2026-06-13
TRUNG.PETROVIC,Trung Petrovic,Trung.Petrovic@BiTermTest.com,Enabled,Standard User,No,2016-02-01,2026-07-05
HUI.AMARI,Hui Amari,Hui.Amari@BiTermTest.com,Enabled,Standard User,No,2014-08-25,2026-07-16
MAHMOUD.NAKAMURA,Mahmoud Nakamura,Mahmoud.Nakamura@BiTermTest.com,Enabled,Standard User,No,2025-12-29,2026-06-15
PMAZUR,Piotr Mazur,Piotr.Mazur@BiTermTest.com,Enabled,Standard User,No,2012-06-11,2026-07-06
FIRUZA.BAE,Firuza Bae,Firuza.Bae@BiTermTest.com,Enabled,Standard User,No,2015-05-11,2026-06-22
NEMANJA.FONSECA,Nemanja Fonseca,Nemanja.Fonseca@BiTermTest.com,Enabled,Standard User,No,2020-11-30,2026-06-12
ANWAR.NYSTROM,Anwar Nystrom,anwar.nystrom@bitermtest.com,Enabled,Standard User,No,2023-10-02,2026-06-03
ANWAR.AXELSSON,Anwar Axelsson,Anwar.Axelsson@BiTermTest.com,Enabled,Power User,No,2009-05-19,2026-07-05
MINHO.IVANOV,Minho Ivanov,Minho.Ivanov@BiTermTest.com,Enabled,Standard User,No,2023-06-19,2026-06-14
DECLAN.IVANOV,Declan Ivanov,Declan.Ivanov@BiTermTest.com,Disabled,Standard User,No,2023-06-26,2026-06-11
ZAHRA.OWUSU,Zahra Owusu,Zahra.Owusu@BiTermTest.com,Enabled,Standard User,No,2020-08-17,2026-07-18
TRUNG.KEBEDE,Trung Kebede,Trung.Kebede@BiTermTest.com,Enabled,Standard User,No,2015-11-30,2026-06-16
XIOMARA.FARRUGIA,Xiomara Farrugia,Xiomara.Farrugia@BiTermTest.com,Enabled,Standard User,No,2015-07-05,2026-06-10
HARUTO.DJORDJEVIC,Haruto Djordjevic,Haruto.Djordjevic@BiTermTest.com,Enabled,Standard User,No,2023-08-25,2026-06-18
CILLIAN.FEDOROV,Cillian Fedorov,Cillian.Fedorov@BiTermTest.com,Enabled,Standard User,No,2020-10-26,2026-07-08
CUAUHTEMOC.NASSAR,Cuauhtemoc Nassar,Cuauhtemoc.Nassar@BiTermTest.com,Enabled,Standard User,No,2015-01-01,2026-07-18
MIKKEL.ATTARD,Mikkel Attard,Mikkel.Attard@BiTermTest.com,Enabled,Read Only,No,2021-06-07,2026-07-16
SKILIC,Skilic,,Enabled,Administrator,Yes,2022-01-25,2025-04-23
ABOATENG,Aboateng,,Enabled,Read Only,No,2022-10-23,2025-11-15
EKEITA,Elif Keita,Elif.Keita@BiTermTest.com,Enabled,Standard User,No,2005-03-28,2026-07-05
AGNIESZKA.SEO,Agnieszka Seo,Agnieszka.Seo@BiTermTest.com,Enabled,Standard User,No,2015-01-01,2026-06-14
TAHIRA.ZAMMIT,Tahira Zammit,Tahira.Zammit@BiTermTest.com,Disabled,Standard User,No,2018-09-04,2026-07-11
Qasim.Ricci,Qasim Ricci,Qasim.Ricci@BiTermTest.com,Enabled,Standard User,No,2013-05-06,2026-06-09
UNOVIKOV,Umar Novikov,Umar.Novikov@BiTermTest.com,Enabled,Standard User,No,2000-06-15,2026-06-09
ALESSANDRO.ENGSTROM,Alessandro Engstrom,Alessandro.Engstrom@BiTermTest.com,Enabled,Standard User,No,2022-08-29,2026-06-20
JELANI.TRUONG,Jelani Truong,Jelani.Truong@BiTermTest.com,Enabled,Standard User,No,2019-07-08,2026-06-26
XVELLA,Xiomara Vella,Xiomara.Vella@BiTermTest.com,Enabled,Standard User,No,2014-02-06,2026-07-11
INES.MIFSUD,Ines Mifsud,Ines.Mifsud@BiTermTest.com,Enabled,Standard User,No,2014-01-27,2026-06-22
LAN.AMARI,Lan Amari,Lan.Amari@BiTermTest.com,Enabled,Standard User,No,2025-02-18,2026-07-18
REN.NGO,Ren Ngo,Ren.Ngo@BiTermTest.com,Disabled,Standard User,No,2019-11-04,2026-07-03
SULEIMAN.VISSER,Suleiman Visser,suleiman.visser@bitermtest.com,Enabled,Read Only,No,2022-07-25,2026-06-11
XWATANABE,Xwatanabe,,Enabled,Standard User,No,2023-01-04,2025-11-29
MAITE.CELIK,Maite Celik,Maite.Celik@BiTermTest.com,Enabled,Standard User,No,2018-10-08,2026-07-08
OREDDY,Oihane Reddy,Oihane.Reddy@BiTermTest.com,Enabled,Standard User,No,2007-07-17,2026-07-07
MARISOL.BUI,Marisol Bui,Marisol.Bui@BiTermTest.com,Enabled,Standard User,No,2015-09-15,2026-06-24
MSTOJANOVIC,Meera Stojanovic,Meera.Stojanovic@BiTermTest.com,Enabled,Power User,No,2010-12-23,2026-07-11
INES.SOKOLOV,Ines Sokolov,Ines.Sokolov@BiTermTest.com,Enabled,Standard User,No,2021-10-04,2026-06-22
BEATRIZ.MENON,Beatriz Menon,Beatriz.Menon@BiTermTest.com,Enabled,Administrator,Yes,2020-03-02,2026-06-20
BOGDAN.LEWANDOWSKI,Bogdan Lewandowski,Bogdan.Lewandowski@BiTermTest.com,Enabled,Standard User,No,2024-07-08,2026-06-08
JKEBEDE,Jing Kebede,Jing.Kebede@BiTermTest.com,Enabled,Standard User,No,2005-10-17,2026-06-09
XIU.ISHIKAWA,Xiu Ishikawa,Xiu.Ishikawa@BiTermTest.com,Enabled,Standard User,No,2010-06-08,2026-06-26
LARS.SAKAMOTO,Lars Sakamoto,Lars.Sakamoto@BiTermTest.com,Enabled,Standard User,No,2019-11-11,2026-06-16
CHIARA.ARSLAN,Chiara Arslan,Chiara.Arslan@BiTermTest.com,Enabled,Power User,No,2020-01-06,2026-06-17
GKIRIGAYA,Gkirigaya,gkirigaya@bitermtest.com,Enabled,Power User,No,2022-09-23,2025-12-04
GORKA.EGOROV,Gorka Egorov,Gorka.Egorov@BiTermTest.com,Enabled,Standard User,No,2019-10-21,2026-07-05
KOFI.SAHIN,Kofi Sahin,kofi.sahin@bitermtest.com,Enabled,Read Only,No,2023-01-01,2025-02-18
PCHOPRA,Petro Chopra,Petro.Chopra@BiTermTest.com,Enabled,Administrator,Yes,2001-06-27,2026-07-11
PIOTR.FERREIRA,Piotr Ferreira,Piotr.Ferreira@BiTermTest.com,Enabled,Standard User,No,2017-05-17,2026-06-09
FSOKOLOV,Fsokolov,,Enabled,Service Account,Yes,2021-12-08,2025-04-13
RHAILE,Rohan Haile,Rohan.Haile@BiTermTest.com,Enabled,Standard User,No,2010-01-14,2026-07-15
KENJI.ATTARD,Kenji Attard,Kenji.Attard@BiTermTest.com,Disabled,Read Only,No,2017-08-28,2026-06-13
WILLEM.MARKOVIC,Willem Markovic,Willem.Markovic@BiTermTest.com,Enabled,Standard User,No,2015-07-27,2026-07-20
DMITRI.MULDER,Dmitri Mulder,Dmitri.Mulder@BiTermTest.com,Enabled,Standard User,No,2023-09-13,2026-06-16
HARUTO.MOROZOV,Haruto Morozov,Haruto.Morozov@BiTermTest.com,Enabled,Standard User,No,1999-01-04,2026-06-15
BIANCA.PIOTROWSKI,Bianca Piotrowski,Bianca.Piotrowski@BiTermTest.com,Enabled,Standard User,No,2020-10-26,2026-07-14
INGRID.DJORDJEVIC,Ingrid Djordjevic,Ingrid.Djordjevic@BiTermTest.com,Enabled,Read Only,No,2022-01-11,2026-06-28
INGRID.BANERJEE,Ingrid Banerjee,Ingrid.Banerjee@BiTermTest.com,Enabled,Read Only,No,2021-07-26,2026-06-19
CUAUHTEMOC.ESPOSITO,Cuauhtemoc Esposito,Cuauhtemoc.Esposito@BiTermTest.com,Enabled,Standard User,No,2020-11-30,2026-07-20
SULEIMAN.WISNIEWSKI,Suleiman Wisniewski,Suleiman.Wisniewski@BiTermTest.com,Enabled,Standard User,No,2011-04-04,2026-06-08
JOAO.VELLA,Joao Vella,Joao.Vella@BiTermTest.com,Enabled,Standard User,No,2017-01-23,2026-06-29
ILYA.MEIJER,Ilya Meijer,Ilya.Meijer@BiTermTest.com,Enabled,Power User,No,2025-08-19,2026-06-16
TEODORA.GALEA,Teodora Galea,Teodora.Galea@BiTermTest.com,Enabled,Standard User,No,2022-11-14,2026-07-14
KOFI.YILMAZ,Kofi Yilmaz,Kofi.Yilmaz@BiTermTest.com,Enabled,Standard User,No,2020-03-26,2026-06-25
PARVIN.GRABOWSKI,Parvin Grabowski,Parvin.Grabowski@BiTermTest.com,Enabled,Standard User,No,2019-08-16,2026-06-08
AOIFE.AYDIN,Aoife Aydin,Aoife.Aydin@BiTermTest.com,Enabled,Standard User,No,2022-12-27,2026-07-14
HENRYK.EZEANI,Henryk Ezeani,Henryk.Ezeani@BiTermTest.com,Enabled,Power User,No,2023-01-16,2026-06-13
PIOTR.NOVAK,Piotr Novak,Piotr.Novak@BiTermTest.com,Enabled,Standard User,No,2025-08-25,2026-07-21
HUONG.GRECH,Huong Grech,Huong.Grech@BiTermTest.com,Enabled,Standard User,No,2022-04-29,2026-07-16
Aoife.Morozov,Aoife Morozov,Aoife.Morozov@BiTermTest.com,Enabled,Standard User,No,2011-02-04,2026-07-22
SADEYEMI,Seda Adeyemi,Seda.Adeyemi@BiTermTest.com,Enabled,Standard User,No,2006-07-10,2026-06-27
OMAR.TRIVEDI,Omar Trivedi,Omar.Trivedi@BiTermTest.com,Enabled,Standard User,No,2024-04-22,2026-06-13
JISOO.MORETTI,Jisoo Moretti,Jisoo.Moretti@BiTermTest.com,Enabled,Standard User,No,2011-01-17,2026-07-04
CILLIAN.NAIR,Cillian Nair,Cillian.Nair@BiTermTest.com,Enabled,Read Only,No,2018-11-19,2026-06-18
HARUTO.FUJIMOTO,Haruto Fujimoto,Haruto.Fujimoto@BiTermTest.com,Enabled,Administrator,Yes,2018-03-26,2026-06-30
HVELLA,Huong Vella,Huong.Vella@BiTermTest.com,Enabled,Read Only,No,1988-05-17,2026-07-13
CITLALI.TRAORE,Citlali Traore,Citlali.Traore@BiTermTest.com,Enabled,Power User,No,2021-08-02,2026-06-26
JELANI.TRUONG,Jelani Truong,Jelani.Truong@BiTermTest.com,Enabled,Standard User,No,2019-07-01,2026-06-26
SNGO,Sigrid Ngo,Sigrid.Ngo@BiTermTest.com,Enabled,Power User,No,1995-07-19,2026-07-08
Oksana.Matsuda,Oksana Matsuda,Oksana.Matsuda@BiTermTest.com,Enabled,Standard User,No,2017-04-03,2026-07-16
Kofi.Yilmaz,Kofi Yilmaz,Kofi.Yilmaz@BiTermTest.com,Enabled,Standard User,No,2019-05-28,2026-06-10
SAKURA.OZTURK,Sakura Ozturk,Sakura.Ozturk@BiTermTest.com,Enabled,Standard User,No,2015-01-01,2026-07-16
ICHOPRA,Iker Chopra,Iker.Chopra@BiTermTest.com,Enabled,Standard User,No,2010-01-29,2026-06-16
PHORVAT,Phorvat,phorvat@bitermtest.com,Enabled,Standard User,No,2022-04-15,2026-02-22
AMINA.FEDOROV,Amina Fedorov,Amina.Fedorov@BiTermTest.com,Enabled,Power User,No,2025-05-15,2026-06-10
NIKOLAI.ASLAN,Nikolai Aslan,Nikolai.Aslan@BiTermTest.com,Enabled,Standard User,No,2008-08-18,2026-07-16
AYLIN.KIRIGAYA,Aylin Kirigaya,Aylin.Kirigaya@BiTermTest.com,Enabled,Read Only,No,2023-01-09,2026-07-17
MINHO.NGO,Minho Ngo,Minho.Ngo@BiTermTest.com,Enabled,Standard User,No,2022-06-20,2026-06-29
YUKI.AKSOY,Yuki Aksoy,Yuki.Aksoy@BiTermTest.com,Enabled,Standard User,No,2019-02-18,2026-06-21
YUSUF.AFOLABI,Yusuf Afolabi,Yusuf.Afolabi@BiTermTest.com,Enabled,Standard User,No,2020-11-30,2026-06-23
MARTA.DEVRIES,Marta Devries,Marta.Devries@BiTermTest.com,Enabled,Standard User,No,2021-09-07,2026-07-18
TMENON,Teodora Menon,Teodora.Menon@BiTermTest.com,Enabled,Standard User,No,2007-01-01,2026-06-18
ITZEL.IYER,Itzel Iyer,Itzel.Iyer@BiTermTest.com,Enabled,Standard User,No,2015-06-15,2026-07-14
RAFAEL.WORKU,Rafael Worku,Rafael.Worku@BiTermTest.com,Enabled,Standard User,No,2022-08-22,2026-07-18
VALENTINA.LUNDGREN,Valentina Lundgren,Valentina.Lundgren@BiTermTest.com,Enabled,Standard User,No,2015-01-01,2026-06-19
Duc.Fonseca,Duc Fonseca,Duc.Fonseca@BiTermTest.com,Enabled,Standard User,No,2016-01-04,2026-06-25
NEMANJA.FONSECA,Nemanja Fonseca,Nemanja.Fonseca@BiTermTest.com,Enabled,Standard User,No,2019-10-07,2026-06-12
SIGRID.AKSOY,Sigrid Aksoy,Sigrid.Aksoy@BiTermTest.com,Enabled,Standard User,No,2023-07-17,2026-06-17
NAYELI.DUONG,Nayeli Duong,Nayeli.Duong@BiTermTest.com,Enabled,Administrator,Yes,2016-08-26,2026-06-23
GITA.VELLA,Gita Vella,Gita.Vella@BiTermTest.com,Enabled,Standard User,No,2015-06-08,2026-07-01
CHIARA.DEMIR,Chiara Demir,Chiara.Demir@BiTermTest.com,Enabled,Standard User,No,2020-01-06,2026-07-20
LORENZO.MARINO,Lorenzo Marino,Lorenzo.Marino@BiTermTest.com,Enabled,Power User,No,2018-05-21,2026-06-16
ANDRES.GRECO,Andres Greco,Andres.Greco@BiTermTest.com,Enabled,Standard User,No,2015-01-01,2026-06-11
OMAR.VISSER,Omar Visser,Omar.Visser@BiTermTest.com,Enabled,Standard User,No,2018-01-22,2026-06-10
BEATRIZ.TESFAYE,Beatriz Tesfaye,Beatriz.Tesfaye@BiTermTest.com,Enabled,Standard User,No,2004-06-29,2026-07-17
NEMANJA.GALLO,Nemanja Gallo,Nemanja.Gallo@BiTermTest.com,Enabled,Standard User,No,2015-05-18,2026-06-16
MARISOL.HENDRIKS,Marisol Hendriks,Marisol.Hendriks@BiTermTest.com,Enabled,Standard User,No,2020-02-18,2026-06-21
MAITE.AKSOY,Maite Aksoy,maite.aksoy@bitermtest.com,Enabled,Standard User,No,2023-09-13,2024-06-25
FARID.CARDOSO,Farid Cardoso,Farid.Cardoso@BiTermTest.com,Enabled,Power User,No,2023-03-01,2026-06-29
SANNE.DESTA,Sanne Desta,Sanne.Desta@BiTermTest.com,Enabled,Standard User,No,2021-07-19,2026-06-17
THIAGO.BARBOSA,Thiago Barbosa,Thiago.Barbosa@BiTermTest.com,Disabled,Standard User,No,2023-02-27,2026-07-07
LOTTE.FERREIRA,Lotte Ferreira,Lotte.Ferreira@BiTermTest.com,Enabled,Power User,No,2015-01-01,2026-07-02
IZARO.BUI,Izaro Bui,Izaro.Bui@BiTermTest.com,Enabled,Standard User,No,2023-07-17,2026-07-01
BASIM.AYDIN,Basim Aydin,Basim.Aydin@BiTermTest.com,Enabled,Standard User,No,2017-06-12,2026-06-17
YEVHEN.MAZUR,Yevhen Mazur,Yevhen.Mazur@BiTermTest.com,Enabled,Standard User,No,2015-02-09,2026-06-23
IKER.AKSOY,Iker Aksoy,Iker.Aksoy@BiTermTest.com,Enabled,Standard User,No,1995-08-28,2026-06-30
JOVANA.BABIC,Jovana Babic,Jovana.Babic@BiTermTest.com,Enabled,Standard User,No,2025-05-15,2026-07-14
MAHMOUD.DEMIR,Mahmoud Demir,Mahmoud.Demir@BiTermTest.com,Enabled,Standard User,No,2015-01-01,2026-07-21
CITLALI.NGO,Citlali Ngo,Citlali.Ngo@BiTermTest.com,Enabled,Standard User,No,2020-08-17,2026-06-20
CUAUHTEMOC.FORSBERG,Cuauhtemoc Forsberg,Cuauhtemoc.Forsberg@BiTermTest.com,Enabled,Standard User,No,1995-04-10,2026-06-27
FIRUZA.BABIC,Firuza Babic,Firuza.Babic@BiTermTest.com,Enabled,Standard User,No,2021-10-29,2026-06-28
VALENTINA.KEBEDE,Valentina Kebede,Valentina.Kebede@BiTermTest.com,Enabled,Standard User,No,2008-08-18,2026-07-09
BRAM.WOZNIAK,Bram Wozniak,Bram.Wozniak@BiTermTest.com,Enabled,Standard User,No,2015-01-01,2026-06-24
FEMKE.WOJCIK,Femke Wojcik,Femke.Wojcik@BiTermTest.com,Enabled,Power User,No,2020-03-16,2026-07-02
BIANCA.ZIELINSKI,Bianca Zielinski,Bianca.Zielinski@BiTermTest.com,Enabled,Standard User,No,2017-02-06,2026-07-06
MNOWAK,Mnowak,mnowak@bitermtest.com,Enabled,Standard User,No,2022-04-01,2026-05-29
AOI.KRAWCZYK,Aoi Krawczyk,Aoi.Krawczyk@BiTermTest.com,Enabled,Standard User,No,2025-05-15,2026-07-02
ELIF.DAHLBERG,Elif Dahlberg,Elif.Dahlberg@BiTermTest.com,Enabled,Standard User,No,2024-11-25,2026-06-23
ADAEZE.KOCAK,Adaeze Kocak,Adaeze.Kocak@BiTermTest.com,Enabled,Standard User,No,2009-10-08,2026-06-14
LUCHIDA,Lotte Uchida,Lotte.Uchida@BiTermTest.com,Enabled,Standard User,No,2013-07-29,2026-07-17
MAIALEN.MOROZOV,Maialen Morozov,Maialen.Morozov@BiTermTest.com,Enabled,Standard User,No,2015-05-26,2026-06-27
PARVIN.VUONG,Parvin Vuong,Parvin.Vuong@BiTermTest.com,Enabled,Standard User,No,2025-09-03,2026-06-10
EAMON.BUI,Eamon Bui,Eamon.Bui@BiTermTest.com,Enabled,Standard User,No,2019-02-04,2026-07-10
VANDANA.DESTA,Vandana Desta,Vandana.Desta@BiTermTest.com,Enabled,Standard User,No,2024-12-09,2026-07-09
JISOO.KOCAK,Jisoo Kocak,Jisoo.Kocak@BiTermTest.com,Enabled,Standard User,No,2018-07-09,2026-06-18
TRUNG.CASSAR,Trung Cassar,Trung.Cassar@BiTermTest.com,Enabled,Power User,No,2016-04-21,2026-06-25
GITA.AYDIN,Gita Aydin,Gita.Aydin@BiTermTest.com,Enabled,Standard User,No,2022-10-31,2026-07-18
DAAN.UCHIDA,Daan Uchida,Daan.Uchida@BiTermTest.com,Enabled,Standard User,No,2020-12-28,2026-07-01
MAITE.IYER,Maite Iyer,Maite.Iyer@BiTermTest.com,Enabled,Standard User,No,2023-03-27,2026-07-22
SULEIMAN.BABIC,Suleiman Babic,Suleiman.Babic@BiTermTest.com,Enabled,Standard User,No,2018-10-24,2026-07-11
NEREA.RIBEIRO,Nerea Ribeiro,Nerea.Ribeiro@BiTermTest.com,Enabled,Standard User,No,2020-03-24,2026-06-23
WKOWALSKI,Wkowalski,,Enabled,Service Account,Yes,2023-07-30,2024-09-29
ESHAN.MULDER,Eshan Mulder,Eshan.Mulder@BiTermTest.com,Enabled,Standard User,No,2021-03-08,2026-06-16
SAKURA.NOWAK,Sakura Nowak,Sakura.Nowak@BiTermTest.com,Disabled,Standard User,No,2014-09-02,2026-07-09
EMRE.BAE,Emre Bae,Emre.Bae@BiTermTest.com,Enabled,Standard User,No,2014-10-20,2026-06-17
IKER.KOBAYASHI,Iker Kobayashi,Iker.Kobayashi@BiTermTest.com,Enabled,Standard User,No,2015-06-11,2026-06-29
BRAM.ALEMU,Bram Alemu,Bram.Alemu@BiTermTest.com,Enabled,Standard User,No,2014-01-06,2026-06-21
Alessandro.Engstrom,Alessandro Engstrom,Alessandro.Engstrom@BiTermTest.com,Enabled,Standard User,No,2014-08-11,2026-06-15
KATYA.KIRIGAYA,Katya Kirigaya,Katya.Kirigaya@BiTermTest.com,Enabled,Standard User,No,2018-07-09,2026-06-13
CILLIAN.DEMIR,Cillian Demir,Cillian.Demir@BiTermTest.com,Enabled,Standard User,No,2023-07-03,2026-06-23
AMINA.BOATENG,Amina Boateng,Amina.Boateng@BiTermTest.com,Enabled,Power User,No,2021-11-08,2026-06-20
GIULIA.DESAI,Giulia Desai,Giulia.Desai@BiTermTest.com,Enabled,Standard User,No,2014-09-02,2026-06-24
Linh.Abebe,Linh Abebe,Linh.Abebe@BiTermTest.com,Enabled,Standard User,No,2006-05-29,2026-06-18
Soren.Traore,Soren Traore,Soren.Traore@BiTermTest.com,Enabled,Standard User,No,2015-06-22,2025-12-31
MAIALEN.CHOPRA,Maialen Chopra,Maialen.Chopra@BiTermTest.com,Enabled,Standard User,No,2016-08-29,2026-06-12
BGRECO,Bao Greco,Bao.Greco@BiTermTest.com,Enabled,Standard User,No,1995-10-09,2026-07-06
TRUNG.SAHIN,Trung Sahin,Trung.Sahin@BiTermTest.com,Enabled,Standard User,No,2020-12-14,2026-07-16
JEROEN.KOWALSKI,Jeroen Kowalski,Jeroen.Kowalski@BiTermTest.com,Enabled,Read Only,No,2016-03-30,2026-07-04
ZTRIVEDI,Ztrivedi,ztrivedi@bitermtest.com,Enabled,Standard User,No,2023-09-23,2026-03-09
ANDRES.KOVAC,Andres Kovac,Andres.Kovac@BiTermTest.com,Disabled,Standard User,No,2017-10-23,2026-06-22
NEMANJA.KAMINSKI,Nemanja Kaminski,Nemanja.Kaminski@BiTermTest.com,Enabled,Standard User,No,2015-01-01,2026-07-04
DFONSECA,Duc Fonseca,Duc.Fonseca@BiTermTest.com,Enabled,Standard User,No,2012-01-10,2026-07-04
PARVIN.GRABOWSKI,Parvin Grabowski,Parvin.Grabowski@BiTermTest.com,Enabled,Standard User,No,2025-05-15,2026-06-08
ABUI,Aoife Bui,Aoife.Bui@BiTermTest.com,Enabled,Power User,No,2013-07-29,2026-06-13
BDESHPANDE,Bogdan Deshpande,Bogdan.Deshpande@BiTermTest.com,Enabled,Standard User,No,2000-07-05,2026-06-26
PIOTR.HADDAD,Piotr Haddad,Piotr.Haddad@BiTermTest.com,Enabled,Standard User,No,2025-12-21,2026-06-20
FEMI.VUONG,Femi Vuong,Femi.Vuong@BiTermTest.com,Enabled,Standard User,No,2011-01-06,2026-07-12
FDIALLO,Fernanda Diallo,Fernanda.Diallo@BiTermTest.com,Enabled,Standard User,No,2008-12-01,2026-06-15
AOIFE.EZEANI,Aoife Ezeani,Aoife.Ezeani@BiTermTest.com,Enabled,Power User,No,2020-07-27,2026-07-15
NIAMH.DESHPANDE,Niamh Deshpande,Niamh.Deshpande@BiTermTest.com,Enabled,Power User,No,2021-08-23,2026-06-28
ESHAN.KWON,Eshan Kwon,Eshan.Kwon@BiTermTest.com,Enabled,Read Only,No,2015-01-07,2026-07-08
FARID.BANERJEE,Farid Banerjee,Farid.Banerjee@BiTermTest.com,Enabled,Standard User,No,2019-08-12,2026-06-11
DENIZ.TESFAYE,Deniz Tesfaye,Deniz.Tesfaye@BiTermTest.com,Enabled,Standard User,No,2018-11-26,2026-06-11
AVOSBERG,Anahi Vosberg,Anahi.Vosberg@BiTermTest.com,Enabled,Standard User,No,2005-01-20,2026-06-23
NIAMH.MENSAH,Niamh Mensah,Niamh.Mensah@BiTermTest.com,Enabled,Standard User,No,2021-11-22,2026-07-14
JANUSZ.KWON,Janusz Kwon,Janusz.Kwon@BiTermTest.com,Enabled,Standard User,No,2021-12-13,2026-07-18
Niamh.Haile,Niamh Haile,Niamh.Haile@BiTermTest.com,Enabled,Standard User,No,2017-01-03,2026-06-21
RASHIDA.NASSAR,Rashida Nassar,Rashida.Nassar@BiTermTest.com,Enabled,Standard User,No,2021-05-17,2026-07-11
FEMKE.PHAM,Femke Pham,Femke.Pham@BiTermTest.com,Enabled,Standard User,No,2015-10-05,2026-06-23
TENOCH.PILLAI,Tenoch Pillai,Tenoch.Pillai@BiTermTest.com,Enabled,Standard User,No,2023-11-20,2026-07-07
CITLALI.MORETTI,Citlali Moretti,Citlali.Moretti@BiTermTest.com,Enabled,Standard User,No,2010-01-18,2026-06-29
QTRAORE,Quang Traore,Quang.Traore@BiTermTest.com,Enabled,Standard User,No,2004-12-20,2026-06-30
YARETZI.NOVAK,Yaretzi Novak,Yaretzi.Novak@BiTermTest.com,Enabled,Standard User,No,2015-01-01,2026-07-08
BJORN.BARONE,Bjorn Barone,Bjorn.Barone@BiTermTest.com,Enabled,Standard User,No,2025-02-11,2026-06-14
AOI.KEBEDE,Aoi Kebede,Aoi.Kebede@BiTermTest.com,Enabled,Standard User,No,2016-01-25,2026-07-21
AGNIESZKA.ZAMMIT,Agnieszka Zammit,Agnieszka.Zammit@BiTermTest.com,Enabled,Standard User,No,2025-01-28,2026-06-28
SANNE.BARONE,Sanne Barone,Sanne.Barone@BiTermTest.com,Enabled,Standard User,No,2015-09-20,2026-07-10
VOLKAN.EZEANI,Volkan Ezeani,Volkan.Ezeani@BiTermTest.com,Enabled,Standard User,No,2016-10-03,2026-07-15
SAKURA.ATTARD,Sakura Attard,Sakura.Attard@BiTermTest.com,Enabled,Standard User,No,2025-11-03,2026-06-08
VASIL.NYSTROM,Vasil Nystrom,Vasil.Nystrom@BiTermTest.com,Enabled,Administrator,Yes,2015-06-22,2026-06-18
NALEDI.FUJIMOTO,Naledi Fujimoto,Naledi.Fujimoto@BiTermTest.com,Enabled,Standard User,No,2016-03-28,2026-06-25
VALENTINA.SZYMANSKI,Valentina Szymanski,Valentina.Szymanski@BiTermTest.com,Enabled,Read Only,No,2025-05-15,2026-07-02
JEROEN.MICALLEF,Jeroen Micallef,Jeroen.Micallef@BiTermTest.com,Enabled,Read Only,No,2013-09-02,2026-07-06
OMAR.AYDIN,Omar Aydin,Omar.Aydin@BiTermTest.com,Disabled,Standard User,No,2015-03-02,2026-07-13
HARUTO.MEIJER,Haruto Meijer,Haruto.Meijer@BiTermTest.com,Enabled,Standard User,No,2022-06-13,2026-06-09
BJORN.ALMEIDA,Bjorn Almeida,Bjorn.Almeida@BiTermTest.com,Enabled,Standard User,No,2017-01-17,2026-06-17
CAMILA.NAKAMURA,Camila Nakamura,Camila.Nakamura@BiTermTest.com,Enabled,Read Only,No,2017-12-04,2026-06-21
IWOZNIAK,Izaro Wozniak,Izaro.Wozniak@BiTermTest.com,Disabled,Standard User,No,1995-08-01,2026-06-30
RAFAEL.ATTARD,Rafael Attard,Rafael.Attard@BiTermTest.com,Enabled,Power User,No,2015-11-16,2026-06-24
Amina.Carvalho,Amina Carvalho,Amina.Carvalho@BiTermTest.com,Enabled,Standard User,No,2016-08-08,2026-06-17
HESPOSITO,Hui Esposito,Hui.Esposito@BiTermTest.com,Enabled,Read Only,No,2006-08-07,2026-06-10
ENEKO.NGO,Eneko Ngo,Eneko.Ngo@BiTermTest.com,Enabled,Read Only,No,2020-11-16,2026-06-26
QFUJIMOTO,Quang Fujimoto,Quang.Fujimoto@BiTermTest.com,Enabled,Read Only,No,1990-01-05,2026-07-04
BRAM.AZEVEDO,Bram Azevedo,Bram.Azevedo@BiTermTest.com,Enabled,Read Only,No,2020-10-19,2026-07-13
JISOO.MENON,Jisoo Menon,Jisoo.Menon@BiTermTest.com,Enabled,Power User,No,2019-01-14,2026-06-16
MEI.MULDER,Mei Mulder,Mei.Mulder@BiTermTest.com,Enabled,Standard User,No,2022-03-21,2026-06-10
CBORG,Cborg,,Enabled,Standard User,No,2023-05-21,2024-08-29
ACARVALHO,Amina Carvalho,Amina.Carvalho@BiTermTest.com,Enabled,Standard User,No,2011-05-09,2026-07-04
MATTEO.JANKOWSKI,Matteo Jankowski,Matteo.Jankowski@BiTermTest.com,Enabled,Standard User,No,2019-11-04,2026-06-16
UMAR.GHANEM,Umar Ghanem,Umar.Ghanem@BiTermTest.com,Enabled,Read Only,No,2017-03-06,2026-07-10
PIOTR.YAMAMOTO,Piotr Yamamoto,Piotr.Yamamoto@BiTermTest.com,Enabled,Standard User,No,2011-09-26,2026-06-12
MDAHLBERG,Maite Dahlberg,Maite.Dahlberg@BiTermTest.com,Enabled,Standard User,No,2001-07-30,2026-06-18
MARISOL.NGO,Marisol Ngo,Marisol.Ngo@BiTermTest.com,Enabled,Read Only,No,2025-09-22,2026-06-12
TJANKOWSKI,Teodora Jankowski,Teodora.Jankowski@BiTermTest.com,Enabled,Standard User,No,2006-06-01,2026-07-14
BJORN.DABROWSKI,Bjorn Dabrowski,Bjorn.Dabrowski@BiTermTest.com,Enabled,Read Only,No,2015-08-10,2026-06-29
YOKONKWO,Yasmin Okonkwo,Yasmin.Okonkwo@BiTermTest.com,Enabled,Standard User,No,2014-01-06,2026-07-22
INGRID.BANERJEE,Ingrid Banerjee,Ingrid.Banerjee@BiTermTest.com,Enabled,Read Only,No,2025-02-24,2026-06-19
FREJA.KULKARNI,Freja Kulkarni,Freja.Kulkarni@BiTermTest.com,Enabled,Standard User,No,2023-08-21,2026-06-17
QUANG.DJORDJEVIC,Quang Djordjevic,Quang.Djordjevic@BiTermTest.com,Enabled,Read Only,No,2023-08-25,2026-06-09
SBARONE,Seda Barone,Seda.Barone@BiTermTest.com,Enabled,Standard User,No,2009-11-16,2026-01-19
QASIM.AGARWAL,Qasim Agarwal,Qasim.Agarwal@BiTermTest.com,Enabled,Standard User,No,2018-09-10,2026-07-08
JANUSZ.MEIJER,Janusz Meijer,Janusz.Meijer@BiTermTest.com,Enabled,Read Only,No,2012-04-02,2026-06-26
MAITE.KOBAYASHI,Maite Kobayashi,Maite.Kobayashi@BiTermTest.com,Enabled,Standard User,No,2022-10-03,2026-07-01
IKURODA,Itzel Kuroda,Itzel.Kuroda@BiTermTest.com,Enabled,Read Only,No,2011-12-26,2026-06-30
OKSANA.MATSUDA,Oksana Matsuda,Oksana.Matsuda@BiTermTest.com,Enabled,Standard User,No,2025-08-29,2026-06-15
LAN.NYSTROM,Lan Nystrom,Lan.Nystrom@BiTermTest.com,Disabled,Standard User,No,2021-05-24,2026-06-21
BJORN.MENSAH,Bjorn Mensah,Bjorn.Mensah@BiTermTest.com,Enabled,Administrator,Yes,2022-03-28,2026-06-11
MAHMOUD.AFOLABI,Mahmoud Afolabi,Mahmoud.Afolabi@BiTermTest.com,Enabled,Standard User,No,2020-01-06,2026-07-04
UMAR.AKSOY,Umar Aksoy,Umar.Aksoy@BiTermTest.com,Enabled,Standard User,No,2022-09-06,2026-07-08
HNOVAK,Hui Novak,Hui.Novak@BiTermTest.com,Enabled,Standard User,No,2013-09-09,2026-07-17
XVISSER,Xiu Visser,Xiu.Visser@BiTermTest.com,Enabled,Standard User,No,2005-02-17,2026-07-06
MEI.CAMILLERI,Mei Camilleri,Mei.Camilleri@BiTermTest.com,Enabled,Standard User,No,2009-07-27,2026-07-19
THOLMGREN,Tenoch Holmgren,Tenoch.Holmgren@BiTermTest.com,Enabled,Standard User,No,2000-04-18,2026-06-18
PGUPTA,Petro Gupta,Petro.Gupta@BiTermTest.com,Enabled,Standard User,No,2003-03-03,2026-07-22
RRIBEIRO,Roisin Ribeiro,Roisin.Ribeiro@BiTermTest.com,Enabled,Standard User,No,2010-07-12,2026-07-09
PARVIN.KOZLOWSKI,Parvin Kozlowski,Parvin.Kozlowski@BiTermTest.com,Enabled,Standard User,No,2015-01-19,2026-07-19
MILAN.VUONG,Milan Vuong,Milan.Vuong@BiTermTest.com,Enabled,Read Only,No,2018-07-09,2026-07-11
KATTARD,Kenji Attard,Kenji.Attard@BiTermTest.com,Enabled,Standard User,No,2012-05-14,2026-06-17
PARVIN.KWON,Parvin Kwon,Parvin.Kwon@BiTermTest.com,Enabled,Standard User,No,2015-04-01,2026-07-11
SDEKKER,Sipho Dekker,Sipho.Dekker@BiTermTest.com,Enabled,Standard User,No,2007-01-15,2026-06-15
JEROEN.CAMILLERI,Jeroen Camilleri,Jeroen.Camilleri@BiTermTest.com,Enabled,Administrator,Yes,2022-09-06,2026-06-27
RASHIDA.NASSAR,Rashida Nassar,Rashida.Nassar@BiTermTest.com,Enabled,Standard User,No,2018-10-01,2026-07-11
YAN.WOZNIAK,Yan Wozniak,Yan.Wozniak@BiTermTest.com,Disabled,Standard User,No,2014-12-01,2026-06-19
TAO.KEBEDE,Tao Kebede,Tao.Kebede@BiTermTest.com,Enabled,Standard User,No,2025-07-09,2026-07-16
RCHUKWU,Rafael Chukwu,Rafael.Chukwu@BiTermTest.com,Enabled,Power User,No,2008-01-23,2026-07-10
MESPOSITO,Matteo Esposito,Matteo.Esposito@BiTermTest.com,Enabled,Standard User,No,2006-02-06,2026-07-20
MOBIORA,Maialen Obiora,Maialen.Obiora@BiTermTest.com,Enabled,Administrator,Yes,2001-08-13,2026-07-16
RAFAEL.WOJCIK,Rafael Wojcik,Rafael.Wojcik@BiTermTest.com,Disabled,Read Only,No,2019-05-28,2026-07-22
Beatriz.Balogun,Beatriz Balogun,Beatriz.Balogun@BiTermTest.com,Enabled,Read Only,No,2019-04-15,2026-06-13
AOI.KRAWCZYK,Aoi Krawczyk,Aoi.Krawczyk@BiTermTest.com,Enabled,Standard User,No,2017-09-25,2026-07-02
LAN.AMARI,Lan Amari,Lan.Amari@BiTermTest.com,Enabled,Standard User,No,2024-11-11,2026-07-18
KAVITA.AKSOY,Kavita Aksoy,Kavita.Aksoy@BiTermTest.com,Enabled,Standard User,No,2000-06-26,2026-06-21
TEODORA.IYER,Teodora Iyer,Teodora.Iyer@BiTermTest.com,Enabled,Read Only,No,2025-06-02,2026-06-14
BRAM.GALEA,Bram Galea,Bram.Galea@BiTermTest.com,Enabled,Power User,No,2021-08-16,2026-06-20
TARIQ.ZIELINSKI,Tariq Zielinski,Tariq.Zielinski@BiTermTest.com,Enabled,Standard User,No,2025-12-29,2026-01-02
FEMI.MENON,Femi Menon,Femi.Menon@BiTermTest.com,Enabled,Standard User,No,2012-07-09,2026-06-27
SOREN.SANDBERG,Soren Sandberg,Soren.Sandberg@BiTermTest.com,Enabled,Standard User,No,2020-07-27,2026-06-26
SBARONE,Suleiman Barone,Suleiman.Barone@BiTermTest.com,Enabled,Standard User,No,2009-03-17,2026-07-02
AINHOA.RAO,Ainhoa Rao,Ainhoa.Rao@BiTermTest.com,Disabled,Standard User,No,2024-02-05,2026-06-11
DRAGAN.KWON,Dragan Kwon,,Disabled,Read Only,No,2022-04-28,2024-06-29
YEVHEN.SEO,Yevhen Seo,Yevhen.Seo@BiTermTest.com,Enabled,Power User,No,2015-06-26,2026-07-08
CILLIAN.SALIBA,Cillian Saliba,Cillian.Saliba@BiTermTest.com,Enabled,Standard User,No,2017-03-06,2026-06-23
MAIALEN.OWUSU,Maialen Owusu,Maialen.Owusu@BiTermTest.com,Enabled,Standard User,No,2010-11-15,2026-07-17
QASIM.ENGSTROM,Qasim Engstrom,Qasim.Engstrom@BiTermTest.com,Enabled,Standard User,No,2010-10-01,2026-07-16
BEATRIZ.MALHOTRA,Beatriz Malhotra,Beatriz.Malhotra@BiTermTest.com,Enabled,Standard User,No,2021-06-14,2026-06-28
HAMID.KOWALSKI,Hamid Kowalski,Hamid.Kowalski@BiTermTest.com,Enabled,Standard User,No,2023-04-26,2026-07-09
HANA.TRIVEDI,Hana Trivedi,Hana.Trivedi@BiTermTest.com,Enabled,Standard User,No,2022-09-19,2026-07-07
LOTTE.MEIJER,Lotte Meijer,Lotte.Meijer@BiTermTest.com,Enabled,Standard User,No,2015-01-01,2026-06-26
LORENZO.GUPTA,Lorenzo Gupta,Lorenzo.Gupta@BiTermTest.com,Enabled,Standard User,No,2015-01-01,2026-07-21
SIGRID.AKSOY,Sigrid Aksoy,Sigrid.Aksoy@BiTermTest.com,Enabled,Standard User,No,2022-12-09,2026-06-17
VASIL.ASANTE,Vasil Asante,Vasil.Asante@BiTermTest.com,Enabled,Read Only,No,2012-09-10,2026-07-19
SOREN.BARAKA,Soren Baraka,Soren.Baraka@BiTermTest.com,Enabled,Standard User,No,2020-09-14,2026-06-08
XIMENA.DEMIR,Ximena Demir,Ximena.Demir@BiTermTest.com,Enabled,Standard User,No,2026-02-27,2026-06-24
SBARAKA,Soren Baraka,Soren.Baraka@BiTermTest.com,Enabled,Standard User,No,2012-05-07,2026-06-17
HARUTO.BOATENG,Haruto Boateng,Haruto.Boateng@BiTermTest.com,Enabled,Power User,No,2020-01-06,2026-06-11
IZARO.SOWANDE,Izaro Sowande,Izaro.Sowande@BiTermTest.com,Enabled,Standard User,No,2023-07-31,2026-07-11
PADRAIG.MEHTA,Padraig Mehta,Padraig.Mehta@BiTermTest.com,Enabled,Standard User,No,2016-05-16,2026-07-15
SIPHO.VOLKOV,Sipho Volkov,Sipho.Volkov@BiTermTest.com,Enabled,Standard User,No,2016-10-03,2026-06-28
ROISIN.RIBEIRO,Roisin Ribeiro,Roisin.Ribeiro@BiTermTest.com,Enabled,Standard User,No,2026-03-12,2026-07-15
SSAKAMOTO,Sipho Sakamoto,Sipho.Sakamoto@BiTermTest.com,Enabled,Read Only,No,2004-04-01,2026-07-02
YEVHEN.BHATTACHARYA,Yevhen Bhattacharya,Yevhen.Bhattacharya@BiTermTest.com,Enabled,Standard User,No,2018-11-26,2026-07-10
MBALOGUN,Minh Balogun,Minh.Balogun@BiTermTest.com,Enabled,Standard User,No,2010-01-04,2026-06-22
MINHO.DESAI,Minho Desai,Minho.Desai@BiTermTest.com,Enabled,Standard User,No,2009-07-27,2026-06-16
MLINDQVIST,Mei Lindqvist,Mei.Lindqvist@BiTermTest.com,Enabled,Standard User,No,2005-11-21,2026-07-17
UNASSAR,Unai Nassar,Unai.Nassar@BiTermTest.com,Enabled,Standard User,No,2010-09-20,2026-07-17
JOVANA.BABIC,Jovana Babic,Jovana.Babic@BiTermTest.com,Enabled,Standard User,No,2023-06-12,2026-07-14
ITZEL.GALEA,Itzel Galea,Itzel.Galea@BiTermTest.com,Enabled,Read Only,No,2018-04-30,2026-06-16
KAMAL.KAYA,Kamal Kaya,Kamal.Kaya@BiTermTest.com,Enabled,Standard User,No,2022-03-21,2026-07-09
DALIA.NOVAK,Dalia Novak,Dalia.Novak@BiTermTest.com,Enabled,Power User,No,2022-02-14,2026-06-24
NAOKO.ATTARD,Naoko Attard,Naoko.Attard@BiTermTest.com,Enabled,Administrator,Yes,2015-10-19,2026-06-13
RKAYA,Ravi Kaya,Ravi.Kaya@BiTermTest.com,Disabled,Standard User,No,2025-05-11,2026-07-16
KAMAL.MULDER,Kamal Mulder,Kamal.Mulder@BiTermTest.com,Disabled,Standard User,No,2022-02-01,2026-06-10
MAHMOUD.NAKAMURA,Mahmoud Nakamura,Mahmoud.Nakamura@BiTermTest.com,Enabled,Standard User,No,2023-06-19,2026-06-15
JISOO.RAO,Jisoo Rao,Jisoo.Rao@BiTermTest.com,Enabled,Standard User,No,2025-05-13,2026-07-21
PARVIN.AXELSSON,Parvin Axelsson,Parvin.Axelsson@BiTermTest.com,Enabled,Standard User,No,2025-12-29,2026-07-17
HUONG.OWUSU,Huong Owusu,Huong.Owusu@BiTermTest.com,Enabled,Standard User,No,2017-12-04,2026-07-11
AOIFE.VOSBERG,Aoife Vosberg,Aoife.Vosberg@BiTermTest.com,Enabled,Standard User,No,2023-09-05,2026-07-02
LALEH.BARBOSA,Laleh Barbosa,Laleh.Barbosa@BiTermTest.com,Enabled,Standard User,No,2004-04-02,2026-07-21
DTRAORE,Duc Traore,Duc.Traore@BiTermTest.com,Enabled,Standard User,No,1998-05-05,2026-06-13
CAMILA.EZEANI,Camila Ezeani,Camila.Ezeani@BiTermTest.com,Enabled,Read Only,No,2018-04-30,2026-07-18
Jisoo.Kaminski,Jisoo Kaminski,Jisoo.Kaminski@BiTermTest.com,Enabled,Power User,No,2022-05-02,2026-06-16
MAITE.GALEA,Maite Galea,Maite.Galea@BiTermTest.com,Enabled,Administrator,Yes,2018-02-26,2026-06-18
JKURODA,Jeroen Kuroda,Jeroen.Kuroda@BiTermTest.com,Disabled,Standard User,No,1995-04-01,2026-06-12
LAN.VOSBERG,Lan Vosberg,Lan.Vosberg@BiTermTest.com,Enabled,Standard User,No,2023-09-05,2026-07-07
CHIDI.VISSER,Chidi Visser,Chidi.Visser@BiTermTest.com,Enabled,Standard User,No,2002-07-24,2026-06-29
ELIF.HADDAD,Elif Haddad,Elif.Haddad@BiTermTest.com,Enabled,Administrator,Yes,2019-04-29,2026-07-08
LGRECO,Lan Greco,Lan.Greco@BiTermTest.com,Enabled,Standard User,No,2002-04-22,2026-07-03
SIOBHAN.ORLOV,Siobhan Orlov,Siobhan.Orlov@BiTermTest.com,Enabled,Standard User,No,2015-11-16,2026-06-17
XIU.FERRARI,Xiu Ferrari,Xiu.Ferrari@BiTermTest.com,Enabled,Administrator,Yes,2015-05-18,2026-06-28
THIAGO.BARAKA,Thiago Baraka,Thiago.Baraka@BiTermTest.com,Enabled,Power User,No,2023-08-25,2026-03-25
HESPOSITO,Hui Esposito,Hui.Esposito@BiTermTest.com,Enabled,Read Only,No,2005-03-07,2026-06-10
TARIQ.TRUONG,Tariq Truong,Tariq.Truong@BiTermTest.com,Enabled,Standard User,No,2015-01-01,2026-07-01
HNDIAYE,Hui Ndiaye,Hui.Ndiaye@BiTermTest.com,Enabled,Read Only,No,2017-09-18,2026-06-26
DAAN.KOVAC,Daan Kovac,Daan.Kovac@BiTermTest.com,Enabled,Standard User,No,2019-05-20,2026-06-15
WILLEM.MARKOVIC,Willem Markovic,Willem.Markovic@BiTermTest.com,Enabled,Standard User,No,2025-02-11,2026-07-20
SADEYEMI,Seda Adeyemi,Seda.Adeyemi@BiTermTest.com,Enabled,Standard User,No,2012-07-30,2026-06-27
MATTEO.OLIVEIRA,Matteo Oliveira,Matteo.Oliveira@BiTermTest.com,Enabled,Standard User,No,2023-04-03,2026-07-07
OKSANA.TRAORE,Oksana Traore,Oksana.Traore@BiTermTest.com,Enabled,Standard User,No,2022-07-11,2026-07-19
FSTOJANOVIC,Femi Stojanovic,Femi.Stojanovic@BiTermTest.com,Enabled,Standard User,No,2006-10-09,2026-07-04
YARETZI.NOVAK,Yaretzi Novak,Yaretzi.Novak@BiTermTest.com,Enabled,Standard User,No,2016-02-01,2026-07-08
RDESAI,Rashida Desai,Rashida.Desai@BiTermTest.com,Enabled,Standard User,No,2011-12-19,2026-06-22
DALIA.MORETTI,Dalia Moretti,Dalia.Moretti@BiTermTest.com,Enabled,Standard User,No,2019-09-23,2026-07-20
ROHAN.CAMARA,Rohan Camara,,Enabled,Read Only,No,2023-02-07,2025-05-11
SBARONE,Suleiman Barone,Suleiman.Barone@BiTermTest.com,Enabled,Standard User,No,2010-05-28,2026-07-02
LAN.IVANOV,Lan Ivanov,Lan.Ivanov@BiTermTest.com,Enabled,Standard User,No,2025-05-21,2026-07-15
JOVANA.MENON,Jovana Menon,Jovana.Menon@BiTermTest.com,Enabled,Standard User,No,2014-06-09,2026-07-02
XOCHITL.REDDY,Xochitl Reddy,Xochitl.Reddy@BiTermTest.com,Enabled,Standard User,No,2019-08-12,2026-06-24
RAFAEL.ESPOSITO,Rafael Esposito,Rafael.Esposito@BiTermTest.com,Enabled,Standard User,No,2015-11-02,2026-06-10
RENATA.ROSSI,Renata Rossi,Renata.Rossi@BiTermTest.com,Enabled,Read Only,No,2025-02-06,2026-06-10
BASIM.UCHIDA,Basim Uchida,Basim.Uchida@BiTermTest.com,Enabled,Standard User,No,2023-02-27,2026-07-19
VANDANA.GRABOWSKI,Vandana Grabowski,Vandana.Grabowski@BiTermTest.com,Enabled,Standard User,No,2020-10-26,2026-06-08
KATYA.CAMARA,Katya Camara,Katya.Camara@BiTermTest.com,Enabled,Standard User,No,2015-01-01,2026-06-20
RBEKELE,Rashida Bekele,Rashida.Bekele@BiTermTest.com,Enabled,Read Only,No,2005-11-08,2026-07-05
YASMIN.ESPOSITO,Yasmin Esposito,Yasmin.Esposito@BiTermTest.com,Disabled,Read Only,No,2021-06-30,2026-07-03
INES.CHUKWU,Ines Chukwu,ines.chukwu@bitermtest.com,Enabled,Standard User,No,2022-12-08,2024-10-15
UNOVIKOV,Umar Novikov,Umar.Novikov@BiTermTest.com,Enabled,Standard User,No,2006-03-01,2026-06-09
VALENTINA.LEWANDOWSKI,Valentina Lewandowski,Valentina.Lewandowski@BiTermTest.com,Enabled,Power User,No,2025-04-25,2026-07-05
SANNE.CONTI,Sanne Conti,Sanne.Conti@BiTermTest.com,Enabled,Standard User,No,2012-09-10,2026-06-09
Suleiman.Kirigaya,Suleiman Kirigaya,Suleiman.Kirigaya@BiTermTest.com,Disabled,Administrator,Yes,2017-04-10,2026-06-17
BEATRIZ.TESFAYE,Beatriz Tesfaye,Beatriz.Tesfaye@BiTermTest.com,Enabled,Standard User,No,2015-01-01,2026-07-17
CILLIAN.JANKOWSKI,Cillian Jankowski,Cillian.Jankowski@BiTermTest.com,Enabled,Standard User,No,2025-08-18,2026-07-09
QMULDER,Quang Mulder,Quang.Mulder@BiTermTest.com,Enabled,Standard User,No,2010-02-05,2026-06-14
ODEMIR,Odemir,,Enabled,Standard User,No,2022-08-19,2025-01-08
BVOLKOV,Bao Volkov,Bao.Volkov@BiTermTest.com,Enabled,Read Only,No,1995-01-30,2026-06-11
ELIF.HADDAD,Elif Haddad,Elif.Haddad@BiTermTest.com,Enabled,Administrator,Yes,2019-11-25,2026-07-08
YUSUF.FEDOROV,Yusuf Fedorov,Yusuf.Fedorov@BiTermTest.com,Enabled,Power User,No,2023-08-22,2026-07-18
SIPHO.NYSTROM,Sipho Nystrom,Sipho.Nystrom@BiTermTest.com,Enabled,Read Only,No,2022-11-01,2026-06-21
SULEIMAN.BANERJEE,Suleiman Banerjee,Suleiman.Banerjee@BiTermTest.com,Enabled,Standard User,No,2025-07-25,2026-06-24
HEZEANI,Henryk Ezeani,Henryk.Ezeani@BiTermTest.com,Enabled,Standard User,No,2012-11-02,2026-07-10
NAYELI.JOVANOVIC,Nayeli Jovanovic,Nayeli.Jovanovic@BiTermTest.com,Enabled,Administrator,Yes,2022-06-06,2026-06-14
BPHAM,Bianca Pham,Bianca.Pham@BiTermTest.com,Enabled,Read Only,No,2011-06-13,2026-06-14
AOWUSU,Amaia Owusu,Amaia.Owusu@BiTermTest.com,Enabled,Standard User,No,2004-06-29,2026-06-18
INES.MALHOTRA,Ines Malhotra,Ines.Malhotra@BiTermTest.com,Enabled,Standard User,No,2008-03-31,2026-06-19
ZAHRA.DEVRIES,Zahra Devries,Zahra.Devries@BiTermTest.com,Enabled,Standard User,No,2010-06-14,2026-06-13
LARS.CAMILLERI,Lars Camilleri,Lars.Camilleri@BiTermTest.com,Enabled,Standard User,No,2021-11-22,2026-07-10
MATTEO.JANKOWSKI,Matteo Jankowski,Matteo.Jankowski@BiTermTest.com,Enabled,Standard User,No,2014-01-13,2026-06-16
RAVI.ZAMMIT,Ravi Zammit,Ravi.Zammit@BiTermTest.com,Enabled,Read Only,No,2012-06-12,2026-07-09
CAMILA.OLIVEIRA,Camila Oliveira,Camila.Oliveira@BiTermTest.com,Disabled,Standard User,No,2025-07-25,2026-06-18
MINH.LEWANDOWSKI,Minh Lewandowski,Minh.Lewandowski@BiTermTest.com,Enabled,Standard User,No,2021-04-05,2026-06-12
QASIM.GUPTA,Qasim Gupta,Qasim.Gupta@BiTermTest.com,Enabled,Standard User,No,2011-01-31,2026-06-27
CEM.REDDY,Cem Reddy,Cem.Reddy@BiTermTest.com,Enabled,Standard User,No,2019-06-10,2026-06-17
MATEO.SEO,Mateo Seo,Mateo.Seo@BiTermTest.com,Enabled,Administrator,Yes,2025-03-10,2026-06-28
ZOFIA.DELUCA,Zofia Deluca,Zofia.Deluca@BiTermTest.com,Enabled,Standard User,No,2015-01-01,2026-07-22
XFEDOROV,Xiu Fedorov,Xiu.Fedorov@BiTermTest.com,Enabled,Standard User,No,2011-10-31,2026-07-05
JOVANA.FERRARI,Jovana Ferrari,Jovana.Ferrari@BiTermTest.com,Enabled,Standard User,No,2023-01-30,2026-06-10
SANNE.JOVANOVIC,Sanne Jovanovic,Sanne.Jovanovic@BiTermTest.com,Enabled,Standard User,No,2024-01-03,2026-06-27
MATEO.BANERJEE,Mateo Banerjee,Mateo.Banerjee@BiTermTest.com,Enabled,Standard User,No,2011-04-04,2026-06-26
MILAN.PIOTROWSKI,Milan Piotrowski,Milan.Piotrowski@BiTermTest.com,Enabled,Read Only,No,2010-03-16,2026-07-16
LARS.SAKAMOTO,Lars Sakamoto,Lars.Sakamoto@BiTermTest.com,Enabled,Standard User,No,2023-06-12,2026-06-16
SULEIMAN.BANERJEE,Suleiman Banerjee,,Enabled,Standard User,No,2023-10-10,2024-03-26
RENATA.UCHIDA,Renata Uchida,Renata.Uchida@BiTermTest.com,Enabled,Standard User,No,2015-01-01,2026-06-28
CEM.TRUONG,Cem Truong,Cem.Truong@BiTermTest.com,Disabled,Standard User,No,2017-04-24,2026-06-09
IKER.MOROZOV,Iker Morozov,Iker.Morozov@BiTermTest.com,Enabled,Read Only,No,2019-04-08,2026-07-02
BASIM.JEONG,Basim Jeong,Basim.Jeong@BiTermTest.com,Enabled,Read Only,No,2025-01-03,2026-07-03
BRAM.SOKOLOV,Bram Sokolov,bram.sokolov@bitermtest.com,Enabled,Service Account,Yes,2023-01-21,2026-06-18
RFONSECA,Renata Fonseca,Renata.Fonseca@BiTermTest.com,Enabled,Standard User,No,2002-09-09,2026-07-20
YEVHEN.EZEANI,Yevhen Ezeani,Yevhen.Ezeani@BiTermTest.com,Disabled,Standard User,No,2016-12-19,2026-06-11
NDESAI,Naledi Desai,Naledi.Desai@BiTermTest.com,Enabled,Power User,No,2011-12-05,2026-06-08
AINHOA.ALMEIDA,Ainhoa Almeida,Ainhoa.Almeida@BiTermTest.com,Enabled,Standard User,No,2016-04-04,2026-06-20
EMULDER,Eshan Mulder,Eshan.Mulder@BiTermTest.com,Enabled,Read Only,No,2004-12-13,2026-07-18
ANAHI.CONTI,Anahi Conti,Anahi.Conti@BiTermTest.com,Enabled,Standard User,No,2015-03-24,2026-06-23
THABO.KEITA,Thabo Keita,Thabo.Keita@BiTermTest.com,Enabled,Standard User,No,2022-01-31,2026-07-02
VOLKAN.LEMMA,Volkan Lemma,Volkan.Lemma@BiTermTest.com,Enabled,Standard User,No,2025-08-11,2026-07-02
SULEIMAN.IVANOV,Suleiman Ivanov,Suleiman.Ivanov@BiTermTest.com,Enabled,Standard User,No,2021-03-16,2026-07-06
SATTARD,Sanne Attard,Sanne.Attard@BiTermTest.com,Enabled,Read Only,No,1991-12-05,2026-06-30
ITZEL.MALHOTRA,Itzel Malhotra,Itzel.Malhotra@BiTermTest.com,Enabled,Standard User,No,2015-05-26,2026-07-16
JISOO.ALMEIDA,Jisoo Almeida,Jisoo.Almeida@BiTermTest.com,Enabled,Read Only,No,2022-08-15,2026-06-21
HUONG.REDDY,Huong Reddy,Huong.Reddy@BiTermTest.com,Enabled,Standard User,No,2023-08-01,2026-07-01
RKOWALSKI,Roisin Kowalski,Roisin.Kowalski@BiTermTest.com,Enabled,Standard User,No,2013-01-21,2026-07-02
NIAMH.MENSAH,Niamh Mensah,Niamh.Mensah@BiTermTest.com,Enabled,Standard User,No,2021-04-12,2026-07-14
YARETZI.STOJANOVIC,Yaretzi Stojanovic,Yaretzi.Stojanovic@BiTermTest.com,Enabled,Standard User,No,2015-01-19,2026-07-08
MHOLMGREN,Mikkel Holmgren,Mikkel.Holmgren@BiTermTest.com,Enabled,Standard User,No,2009-05-18,2026-06-26
XOCHITL.KOCAK,Xochitl Kocak,Xochitl.Kocak@BiTermTest.com,Enabled,Standard User,No,2025-08-25,2026-06-14
AMAIA.YILMAZ,Amaia Yilmaz,Amaia.Yilmaz@BiTermTest.com,Enabled,Standard User,No,2026-01-05,2026-07-11
LUCIA.HOANG,Lucia Hoang,Lucia.Hoang@BiTermTest.com,Enabled,Power User,No,2022-07-18,2026-07-08
CTRAORE,Citlali Traore,Citlali.Traore@BiTermTest.com,Enabled,Standard User,No,1994-06-13,2026-07-14
ITZEL.PIOTROWSKI,Itzel Piotrowski,Itzel.Piotrowski@BiTermTest.com,Enabled,Standard User,No,2017-08-21,2026-06-26
ANIKA.HWANG,Anika Hwang,,Enabled,Service Account,Yes,2023-02-21,2024-02-21
WCHATTERJEE,Willem Chatterjee,Willem.Chatterjee@BiTermTest.com,Disabled,Power User,No,2007-10-22,2026-07-22
TJANKOWSKI,Teodora Jankowski,Teodora.Jankowski@BiTermTest.com,Enabled,Standard User,No,2009-12-07,2026-07-14
CUAUHTEMOC.AXELSSON,Cuauhtemoc Axelsson,Cuauhtemoc.Axelsson@BiTermTest.com,Enabled,Standard User,No,2020-11-30,2026-06-15
KAVITA.BARAKA,Kavita Baraka,Kavita.Baraka@BiTermTest.com,Enabled,Standard User,No,2017-05-01,2026-07-19
KAMAL.HOSHINO,Kamal Hoshino,Kamal.Hoshino@BiTermTest.com,Enabled,Standard User,No,2019-11-04,2026-07-13
SULEIMAN.GALLO,Suleiman Gallo,Suleiman.Gallo@BiTermTest.com,Enabled,Standard User,No,2015-01-01,2026-07-08
DALIA.NOVIKOV,Dalia Novikov,Dalia.Novikov@BiTermTest.com,Enabled,Standard User,No,2025-07-14,2026-06-29
MEI.OZTURK,Mei Ozturk,Mei.Ozturk@BiTermTest.com,Enabled,Power User,No,2023-04-24,2026-06-30
JING.HOANG,Jing Hoang,Jing.Hoang@BiTermTest.com,Enabled,Standard User,No,2019-08-19,2026-06-12
FIRUZA.MULDER,Firuza Mulder,Firuza.Mulder@BiTermTest.com,Enabled,Standard User,No,2022-08-22,2026-06-10
NNASSAR,Naledi Nassar,Naledi.Nassar@BiTermTest.com,Enabled,Standard User,No,2013-06-03,2026-06-26
AOI.ASLAN,Aoi Aslan,Aoi.Aslan@BiTermTest.com,Enabled,Standard User,No,2019-08-05,2026-06-09
ZAHRA.NIKOLIC,Zahra Nikolic,Zahra.Nikolic@BiTermTest.com,Enabled,Standard User,No,2024-06-03,2026-06-26
TENOCH.ABEBE,Tenoch Abebe,Tenoch.Abebe@BiTermTest.com,Enabled,Administrator,Yes,2022-11-14,2026-07-06
TOMASZ.CAMILLERI,Tomasz Camilleri,Tomasz.Camilleri@BiTermTest.com,Enabled,Standard User,No,2025-06-13,2026-07-09
WILLEM.VELLA,Willem Vella,Willem.Vella@BiTermTest.com,Disabled,Power User,No,2010-08-09,2026-06-13
FEMKE.KEITA,Femke Keita,Femke.Keita@BiTermTest.com,Enabled,Standard User,No,2020-06-22,2026-07-04
JMAZUR,Janusz Mazur,Janusz.Mazur@BiTermTest.com,Enabled,Standard User,No,2013-07-15,2026-06-22
ELIF.KURODA,Elif Kuroda,Elif.Kuroda@BiTermTest.com,Enabled,Standard User,No,2023-08-25,2026-06-25
VLAI,Valentina Lai,Valentina.Lai@BiTermTest.com,Enabled,Standard User,No,2002-02-04,2026-06-13
MIKKEL.SAHIN,Mikkel Sahin,Mikkel.Sahin@BiTermTest.com,Enabled,Standard User,No,2014-11-24,2026-06-08
UAKSOY,Umar Aksoy,Umar.Aksoy@BiTermTest.com,Disabled,Standard User,No,2012-05-29,2026-07-12
VOLKAN.AXELSSON,Volkan Axelsson,Volkan.Axelsson@BiTermTest.com,Enabled,Standard User,No,2021-07-06,2026-06-22
KAMAL.ROSSI,Kamal Rossi,Kamal.Rossi@BiTermTest.com,Enabled,Standard User,No,2014-09-22,2026-06-12
DNAKAMURA,Diego Nakamura,Diego.Nakamura@BiTermTest.com,Enabled,Standard User,No,2004-12-06,2026-06-25
LORENZO.DESHPANDE,Lorenzo Deshpande,Lorenzo.Deshpande@BiTermTest.com,Enabled,Administrator,Yes,2025-12-26,2026-07-05
PADRAIG.DJORDJEVIC,Padraig Djordjevic,Padraig.Djordjevic@BiTermTest.com,Enabled,Read Only,No,2015-05-18,2026-06-09
MEERA.MICALLEF,Meera Micallef,Meera.Micallef@BiTermTest.com,Enabled,Power User,No,2015-10-05,2026-07-13
INGRID.DJORDJEVIC,Ingrid Djordjevic,Ingrid.Djordjevic@BiTermTest.com,Enabled,Read Only,No,2024-04-29,2026-06-28
LEILA.JEONG,Leila Jeong,Leila.Jeong@BiTermTest.com,Enabled,Standard User,No,2020-03-02,2026-06-19
XIU.CARVALHO,Xiu Carvalho,Xiu.Carvalho@BiTermTest.com,Enabled,Read Only,No,2005-12-26,2026-07-10
YAKSOY,Yuki Aksoy,Yuki.Aksoy@BiTermTest.com,Enabled,Standard User,No,2007-03-01,2026-07-07
PARVIN.DAHLBERG,Parvin Dahlberg,Parvin.Dahlberg@BiTermTest.com,Enabled,Standard User,No,1998-09-08,2026-07-20
ARJUN.SAXENA,Arjun Saxena,Arjun.Saxena@BiTermTest.com,Enabled,Power User,No,2016-11-14,2026-07-19
CKIRIGAYA,Chidi Kirigaya,Chidi.Kirigaya@BiTermTest.com,Enabled,Standard User,No,1995-07-01,2026-07-04
LORENZO.OBIORA,Lorenzo Obiora,Lorenzo.Obiora@BiTermTest.com,Enabled,Administrator,Yes,2023-02-02,2026-07-17
XIOMARA.FARRUGIA,Xiomara Farrugia,Xiomara.Farrugia@BiTermTest.com,Enabled,Standard User,No,2024-06-03,2026-06-10
VANDANA.KULKARNI,Vandana Kulkarni,Vandana.Kulkarni@BiTermTest.com,Disabled,Standard User,No,2005-02-23,2026-06-12
MINH.SAKAMOTO,Minh Sakamoto,Minh.Sakamoto@BiTermTest.com,Enabled,Read Only,No,2025-07-29,2026-07-07
CHIDI.KIRIGAYA,Chidi Kirigaya,Chidi.Kirigaya@BiTermTest.com,Enabled,Standard User,No,2016-12-12,2026-06-22
THABO.NOVIKOV,Thabo Novikov,Thabo.Novikov@BiTermTest.com,Enabled,Read Only,No,2019-04-15,2026-06-15
NIAMH.FOFANA,Niamh Fofana,Niamh.Fofana@BiTermTest.com,Enabled,Standard User,No,2025-06-10,2026-07-16
THAO.GALLO,Thao Gallo,Thao.Gallo@BiTermTest.com,Enabled,Standard User,No,2022-07-06,2026-06-17
ZOFIA.BABIC,Zofia Babic,Zofia.Babic@BiTermTest.com,Enabled,Standard User,No,2023-07-31,2026-07-09
AMAIA.HENDRIKS,Amaia Hendriks,Amaia.Hendriks@BiTermTest.com,Disabled,Administrator,Yes,2021-10-25,2026-06-08
YUSUF.CARDOSO,Yusuf Cardoso,Yusuf.Cardoso@BiTermTest.com,Enabled,Standard User,No,2024-10-16,2026-07-13
HARUTO.YOON,Haruto Yoon,Haruto.Yoon@BiTermTest.com,Enabled,Standard User,No,2022-03-09,2026-06-18
RASHIDA.BEKELE,Rashida Bekele,Rashida.Bekele@BiTermTest.com,Enabled,Standard User,No,2023-10-16,2026-07-14
NEREA.KAMINSKI,Nerea Kaminski,Nerea.Kaminski@BiTermTest.com,Enabled,Standard User,No,2011-02-16,2026-07-21
FERNANDA.DESAI,Fernanda Desai,Fernanda.Desai@BiTermTest.com,Disabled,Standard User,No,2025-07-28,2026-06-23
AFOFANA,Astrid Fofana,Astrid.Fofana@BiTermTest.com,Enabled,Standard User,No,2011-02-28,2026-07-18
WLINDQVIST,Willem Lindqvist,Willem.Lindqvist@BiTermTest.com,Enabled,Power User,No,1994-10-03,2026-07-11
LRAHAL,Lorenzo Rahal,Lorenzo.Rahal@BiTermTest.com,Enabled,Standard User,No,2003-07-11,2026-07-22
THAO.NWOSU,Thao Nwosu,Thao.Nwosu@BiTermTest.com,Enabled,Standard User,No,2015-10-05,2026-07-09
KZIELINSKI,Kenji Zielinski,Kenji.Zielinski@BiTermTest.com,Enabled,Standard User,No,1995-04-17,2026-07-12
NBARAKA,Ngozi Baraka,Ngozi.Baraka@BiTermTest.com,Enabled,Read Only,No,2000-12-22,2026-06-26
CDOGAN,Citlali Dogan,Citlali.Dogan@BiTermTest.com,Enabled,Read Only,No,2007-06-04,2026-06-21
SIGRID.NDIAYE,Sigrid Ndiaye,Sigrid.Ndiaye@BiTermTest.com,Enabled,Standard User,No,2025-12-26,2026-07-21
JPOLAT,Jelani Polat,Jelani.Polat@BiTermTest.com,Enabled,Standard User,No,2008-10-06,2026-06-26
XIU.LUNDGREN,Xiu Lundgren,Xiu.Lundgren@BiTermTest.com,Enabled,Standard User,No,2005-04-04,2026-07-21
LUCIA.DUONG,Lucia Duong,Lucia.Duong@BiTermTest.com,Enabled,Standard User,No,2022-03-07,2026-06-23
DENIZ.REDDY,Deniz Reddy,Deniz.Reddy@BiTermTest.com,Enabled,Standard User,No,2019-08-19,2026-06-10
SIYER,Siyer,,Disabled,Standard User,No,2023-02-28,2024-02-21
IPIOTROWSKI,Imani Piotrowski,Imani.Piotrowski@BiTermTest.com,Enabled,Administrator,Yes,2010-11-29,2026-06-08
BASIM.MIFSUD,Basim Mifsud,Basim.Mifsud@BiTermTest.com,Enabled,Administrator,Yes,2015-01-01,2026-06-11
MAHMOUD.BAE,Mahmoud Bae,Mahmoud.Bae@BiTermTest.com,Enabled,Standard User,No,2017-04-10,2026-06-10
PNOVAK,Piotr Novak,Piotr.Novak@BiTermTest.com,Enabled,Standard User,No,2010-05-17,2026-06-24
RAFAEL.WORKU,Rafael Worku,Rafael.Worku@BiTermTest.com,Enabled,Standard User,No,2025-05-15,2026-07-18
BEATRIZ.SAHIN,Beatriz Sahin,Beatriz.Sahin@BiTermTest.com,Enabled,Standard User,No,2015-01-01,2026-06-14
YUSUF.SALIBA,Yusuf Saliba,yusuf.saliba@bitermtest.com,Enabled,Service Account,Yes,2022-03-02,2024-05-19
ADAEZE.DESHPANDE,Adaeze Deshpande,Adaeze.Deshpande@BiTermTest.com,Enabled,Standard User,No,2022-05-02,2026-06-25
GITA.MEIJER,Gita Meijer,Gita.Meijer@BiTermTest.com,Enabled,Read Only,No,2019-09-09,2026-06-30
REN.PILLAI,Ren Pillai,Ren.Pillai@BiTermTest.com,Enabled,Standard User,No,2025-05-15,2026-06-28
LZAMMIT,Lzammit,,Enabled,Read Only,No,2022-03-01,2026-03-21
BIANCA.MALHOTRA,Bianca Malhotra,Bianca.Malhotra@BiTermTest.com,Enabled,Standard User,No,2023-06-27,2026-06-20
KATYA.HORVAT,Katya Horvat,Katya.Horvat@BiTermTest.com,Enabled,Power User,No,2021-09-08,2026-07-14
SOREN.KAYA,Soren Kaya,Soren.Kaya@BiTermTest.com,Enabled,Standard User,No,2015-01-01,2026-06-11
SIOBHAN.KOZLOWSKI,Siobhan Kozlowski,Siobhan.Kozlowski@BiTermTest.com,Enabled,Read Only,No,2026-01-14,2026-06-10
RAFAEL.FONSECA,Rafael Fonseca,Rafael.Fonseca@BiTermTest.com,Enabled,Standard User,No,2025-07-25,2026-07-04
YARETZI.BORG,Yaretzi Borg,Yaretzi.Borg@BiTermTest.com,Enabled,Administrator,Yes,2007-08-30,2026-06-22
HAMID.EZEANI,Hamid Ezeani,Hamid.Ezeani@BiTermTest.com,Enabled,Standard User,No,2021-07-19,2026-06-21
ESHAN.JEONG,Eshan Jeong,Eshan.Jeong@BiTermTest.com,Enabled,Standard User,No,2021-01-04,2026-06-10
ELIF.DAHLBERG,Elif Dahlberg,Elif.Dahlberg@BiTermTest.com,Enabled,Standard User,No,2016-12-12,2026-06-23
INES.VOSBERG,Ines Vosberg,Ines.Vosberg@BiTermTest.com,Enabled,Power User,No,2010-05-26,2026-06-19
OMAR.VANDENBERG,Omar Vandenberg,Omar.Vandenberg@BiTermTest.com,Enabled,Standard User,No,2025-08-25,2026-06-13
ESHAN.ISHIKAWA,Eshan Ishikawa,Eshan.Ishikawa@BiTermTest.com,Enabled,Standard User,No,2012-07-25,2026-06-24
VANDANA.GRABOWSKI,Vandana Grabowski,Vandana.Grabowski@BiTermTest.com,Enabled,Standard User,No,2015-02-09,2026-06-08
UMAR.AKSOY,Umar Aksoy,Umar.Aksoy@BiTermTest.com,Enabled,Standard User,No,2022-11-28,2026-07-08
Tariq.Borg,Tariq Borg,Tariq.Borg@BiTermTest.com,Enabled,Read Only,No,2016-08-22,2026-06-13
Meera.Marino,Meera Marino,Meera.Marino@BiTermTest.com,Enabled,Read Only,No,2025-05-15,2026-06-27
MING.OKONKWO,Ming Okonkwo,Ming.Okonkwo@BiTermTest.com,Enabled,Standard User,No,2019-08-26,2026-06-10
LORENZO.MICALLEF,Lorenzo Micallef,Lorenzo.Micallef@BiTermTest.com,Disabled,Standard User,No,2012-02-08,2026-07-11
SULEIMAN.NASSAR,Suleiman Nassar,Suleiman.Nassar@BiTermTest.com,Enabled,Standard User,No,2023-07-02,2026-06-15
XIMENA.CASSAR,Ximena Cassar,Ximena.Cassar@BiTermTest.com,Enabled,Read Only,No,2019-02-19,2026-06-20
SAKURA.GHANEM,Sakura Ghanem,Sakura.Ghanem@BiTermTest.com,Enabled,Standard User,No,2024-05-13,2026-07-03
TKEBEDE,Tao Kebede,Tao.Kebede@BiTermTest.com,Enabled,Standard User,No,2011-05-16,2026-06-17
THABO.KEITA,Thabo Keita,Thabo.Keita@BiTermTest.com,Enabled,Standard User,No,2005-12-01,2026-07-02
MEERA.ROSSI,Meera Rossi,Meera.Rossi@BiTermTest.com,Enabled,Read Only,No,2019-09-03,2026-07-05
ACHUKWU,Achukwu,achukwu@bitermtest.com,Enabled,Standard User,No,2022-09-29,2025-02-07
IKER.MOROZOV,Iker Morozov,Iker.Morozov@BiTermTest.com,Enabled,Read Only,No,2010-08-30,2026-07-02
LUCIA.BUI,Lucia Bui,Lucia.Bui@BiTermTest.com,Enabled,Administrator,Yes,2010-02-26,2026-06-30
HUONG.LUNDGREN,Huong Lundgren,huong.lundgren@bitermtest.com,Enabled,Service Account,Yes,2023-09-30,2025-08-16
JOVANA.MENSAH,Jovana Mensah,Jovana.Mensah@BiTermTest.com,Enabled,Standard User,No,2022-06-29,2026-07-11
VOLKAN.EZEANI,Volkan Ezeani,Volkan.Ezeani@BiTermTest.com,Enabled,Standard User,No,2014-03-03,2026-07-15
TAHIRA.SAKAMOTO,Tahira Sakamoto,Tahira.Sakamoto@BiTermTest.com,Enabled,Standard User,No,2025-12-29,2026-07-22
CEM.SOWANDE,Cem Sowande,Cem.Sowande@BiTermTest.com,Disabled,Administrator,Yes,2024-12-09,2026-07-15
AMARA.GRECH,Amara Grech,Amara.Grech@BiTermTest.com,Enabled,Standard User,No,2017-02-27,2026-07-02
AOI.IVANOV,Aoi Ivanov,Aoi.Ivanov@BiTermTest.com,Enabled,Standard User,No,2023-07-12,2026-06-19
QUANG.FERREIRA,Quang Ferreira,Quang.Ferreira@BiTermTest.com,Enabled,Standard User,No,2025-05-15,2026-06-25
FEMKE.SALIBA,Femke Saliba,Femke.Saliba@BiTermTest.com,Enabled,Standard User,No,2009-08-31,2026-07-03
AGNIESZKA.REDDY,Agnieszka Reddy,Agnieszka.Reddy@BiTermTest.com,Enabled,Standard User,No,2022-05-16,2026-07-01
CEM.PIOTROWSKI,Cem Piotrowski,Cem.Piotrowski@BiTermTest.com,Enabled,Standard User,No,2015-01-01,2026-07-10
JEROEN.KURODA,Jeroen Kuroda,Jeroen.Kuroda@BiTermTest.com,Enabled,Read Only,No,2015-02-23,2026-06-16
HUONG.GIRMA,Huong Girma,Huong.Girma@BiTermTest.com,Enabled,Standard User,No,2025-12-26,2026-07-16
ANDRES.GUPTA,Andres Gupta,Andres.Gupta@BiTermTest.com,Enabled,Standard User,No,2015-01-02,2026-07-09
FMEHTA,Fernanda Mehta,Fernanda.Mehta@BiTermTest.com,Enabled,Standard User,No,2004-11-29,2026-06-26
VANDANA.FUJIMOTO,Vandana Fujimoto,Vandana.Fujimoto@BiTermTest.com,Enabled,Standard User,No,2021-10-11,2026-07-11
Tariq.Borg,Tariq Borg,Tariq.Borg@BiTermTest.com,Enabled,Read Only,No,2024-08-26,2026-06-13
GAYDIN,Gita Aydin,Gita.Aydin@BiTermTest.com,Enabled,Standard User,No,2006-01-31,2026-06-30
FIRUZA.SANDBERG,Firuza Sandberg,Firuza.Sandberg@BiTermTest.com,Enabled,Standard User,No,2015-01-01,2026-06-13
LARS.CAMILLERI,Lars Camilleri,Lars.Camilleri@BiTermTest.com,Enabled,Standard User,No,2023-08-21,2026-07-10
THIAGO.MOROZOV,Thiago Morozov,Thiago.Morozov@BiTermTest.com,Enabled,Standard User,No,2017-04-03,2026-07-12
FEMI.SOWANDE,Femi Sowande,Femi.Sowande@BiTermTest.com,Enabled,Standard User,No,2025-12-26,2026-06-26
MAIALEN.JANKOWSKI,Maialen Jankowski,Maialen.Jankowski@BiTermTest.com,Enabled,Standard User,No,2020-03-02,2026-07-12
OIHANE.SOWANDE,Oihane Sowande,Oihane.Sowande@BiTermTest.com,Enabled,Standard User,No,2018-09-17,2026-07-11
NIKOLAI.ASLAN,Nikolai Aslan,Nikolai.Aslan@BiTermTest.com,Enabled,Standard User,No,2015-10-26,2026-07-16
BAO.HORVAT,Bao Horvat,Bao.Horvat@BiTermTest.com,Disabled,Standard User,No,2023-10-30,2026-07-06
NIKOLAI.LEWANDOWSKI,Nikolai Lewandowski,Nikolai.Lewandowski@BiTermTest.com,Enabled,Read Only,No,2022-08-01,2026-06-30
AMAIA.DANG,Amaia Dang,Amaia.Dang@BiTermTest.com,Enabled,Standard User,No,2024-01-02,2026-07-11
Kamal.Rossi,Kamal Rossi,Kamal.Rossi@BiTermTest.com,Enabled,Standard User,No,2016-08-22,2026-06-12
THABO.NOVIKOV,Thabo Novikov,Thabo.Novikov@BiTermTest.com,Enabled,Read Only,No,2009-12-08,2026-06-15
ROISIN.BALOGUN,Roisin Balogun,Roisin.Balogun@BiTermTest.com,Enabled,Standard User,No,2018-05-07,2026-06-12
PARVIN.AXELSSON,Parvin Axelsson,Parvin.Axelsson@BiTermTest.com,Enabled,Standard User,No,2018-09-24,2026-07-17
AHADDAD,Alessandro Haddad,Alessandro.Haddad@BiTermTest.com,Enabled,Standard User,No,2006-02-24,2026-06-08
WILLEM.KAMINSKI,Willem Kaminski,Willem.Kaminski@BiTermTest.com,Enabled,Standard User,No,2025-08-18,2026-07-08
NAOKO.SLEIMAN,Naoko Sleiman,Naoko.Sleiman@BiTermTest.com,Enabled,Power User,No,2015-01-01,2026-07-03
TRUNG.FERREIRA,Trung Ferreira,Trung.Ferreira@BiTermTest.com,Enabled,Standard User,No,2022-03-14,2026-06-26
AGNIESZKA.OLIVEIRA,Agnieszka Oliveira,Agnieszka.Oliveira@BiTermTest.com,Enabled,Standard User,No,2021-07-19,2026-07-01
DMITRI.AKSOY,Dmitri Aksoy,Dmitri.Aksoy@BiTermTest.com,Enabled,Standard User,No,2016-03-14,2026-06-10
ROISIN.RIBEIRO,Roisin Ribeiro,Roisin.Ribeiro@BiTermTest.com,Enabled,Standard User,No,2019-08-26,2026-07-15
ANDRES.GRECO,Andres Greco,Andres.Greco@BiTermTest.com,Enabled,Standard User,No,2025-08-25,2026-06-11
EMRE.KOBAYASHI,Emre Kobayashi,Emre.Kobayashi@BiTermTest.com,Enabled,Administrator,Yes,2023-04-26,2026-06-11
LUCIA.ESPOSITO,Lucia Esposito,Lucia.Esposito@BiTermTest.com,Enabled,Read Only,No,2023-01-10,2026-06-26
YUKI.ABEBE,Yuki Abebe,Yuki.Abebe@BiTermTest.com,Enabled,Read Only,No,2022-10-24,2026-06-08
ELZBIETA.LEMMA,Elzbieta Lemma,Elzbieta.Lemma@BiTermTest.com,Enabled,Standard User,No,2025-08-29,2026-06-23
HENRYK.BERGSTROM,Henryk Bergstrom,Henryk.Bergstrom@BiTermTest.com,Enabled,Standard User,No,2002-05-29,2026-07-19
VOLKAN.KAYA,Volkan Kaya,,Enabled,Service Account,Yes,2022-05-26,2025-09-13
ESHAN.RAO,Eshan Rao,Eshan.Rao@BiTermTest.com,Enabled,Standard User,No,2011-01-31,2026-07-13
NIAMH.MENSAH,Niamh Mensah,Niamh.Mensah@BiTermTest.com,Enabled,Standard User,No,2025-02-06,2026-07-14
JOVANA.GRECO,Jovana Greco,Jovana.Greco@BiTermTest.com,Enabled,Standard User,No,2017-08-28,2026-06-12
YUSUF.FEDOROV,Yusuf Fedorov,Yusuf.Fedorov@BiTermTest.com,Enabled,Power User,No,2022-09-06,2026-07-18
RAFAEL.FARRUGIA,Rafael Farrugia,Rafael.Farrugia@BiTermTest.com,Enabled,Standard User,No,2021-07-19,2026-07-10
HNWOSU,Huong Nwosu,Huong.Nwosu@BiTermTest.com,Enabled,Standard User,No,2006-08-31,2026-07-13
OIHANE.CHOPRA,Oihane Chopra,Oihane.Chopra@BiTermTest.com,Enabled,Standard User,No,2023-03-27,2026-07-12
AOIFE.KAYA,Aoife Kaya,Aoife.Kaya@BiTermTest.com,Enabled,Standard User,No,2021-05-17,2026-06-10
SARSLAN,Soren Arslan,Soren.Arslan@BiTermTest.com,Enabled,Standard User,No,2008-01-21,2026-07-20
ENOWAK,Eshan Nowak,Eshan.Nowak@BiTermTest.com,Enabled,Standard User,No,2000-07-05,2026-06-17
rafael.galea,Rafael Galea,Rafael.Galea@BiTermTest.com,Enabled,Standard User,No,2019-10-07,2026-06-16
IKER.KOBAYASHI,Iker Kobayashi,Iker.Kobayashi@BiTermTest.com,Enabled,Standard User,No,2017-12-11,2026-06-29
ENEKO.VUONG,Eneko Vuong,Eneko.Vuong@BiTermTest.com,Enabled,Standard User,No,2025-07-25,2026-06-30
MMARINO,Meera Marino,Meera.Marino@BiTermTest.com,Enabled,Standard User,No,2007-08-20,2026-07-12
DAZEVEDO,Diego Azevedo,Diego.Azevedo@BiTermTest.com,Enabled,Standard User,No,2008-01-28,2026-07-19
THAO.OWUSU,Thao Owusu,Thao.Owusu@BiTermTest.com,Enabled,Standard User,No,2025-05-13,2026-06-28
RFONSECA,Renata Fonseca,Renata.Fonseca@BiTermTest.com,Enabled,Standard User,No,2005-11-07,2026-07-20
LKAYA,Leila Kaya,Leila.Kaya@BiTermTest.com,Enabled,Standard User,No,2003-11-24,2026-07-11
PZIELINSKI,Pzielinski,pzielinski@bitermtest.com,Enabled,Standard User,No,2022-02-18,2026-04-23
ANOUK.ALMEIDA,Anouk Almeida,Anouk.Almeida@BiTermTest.com,Enabled,Power User,No,2022-05-02,2026-07-14
NOKONKWO,Nokonkwo,nokonkwo@bitermtest.com,Enabled,Standard User,No,2023-12-10,2026-05-22
ROHAN.ARSLAN,Rohan Arslan,Rohan.Arslan@BiTermTest.com,Enabled,Standard User,No,2022-03-21,2026-06-20
NFOFANA,Niamh Fofana,Niamh.Fofana@BiTermTest.com,Enabled,Standard User,No,2015-12-21,2026-07-05
Rafael.Yoon,Rafael Yoon,Rafael.Yoon@BiTermTest.com,Enabled,Standard User,No,2015-02-16,2026-06-26
MAITE.DAHLBERG,Maite Dahlberg,Maite.Dahlberg@BiTermTest.com,Enabled,Standard User,No,2013-09-16,2026-07-01
SIPHO.NASSAR,Sipho Nassar,Sipho.Nassar@BiTermTest.com,Enabled,Standard User,No,2022-12-05,2026-07-20
Chidi.Vella,Chidi Vella,Chidi.Vella@BiTermTest.com,Enabled,Power User,No,2014-09-29,2026-06-25
HBOSMAN,Hui Bosman,Hui.Bosman@BiTermTest.com,Enabled,Standard User,No,2004-08-30,2026-07-05
KATYA.RICCI,Katya Ricci,Katya.Ricci@BiTermTest.com,Disabled,Standard User,No,2022-06-06,2026-06-09
ELZBIETA.AGARWAL,Elzbieta Agarwal,Elzbieta.Agarwal@BiTermTest.com,Disabled,Standard User,No,2022-01-17,2026-07-13
ILYA.LAI,Ilya Lai,Ilya.Lai@BiTermTest.com,Enabled,Standard User,No,2017-10-02,2026-06-23
KOFI.IYER,Kofi Iyer,Kofi.Iyer@BiTermTest.com,Enabled,Standard User,No,2019-11-11,2026-07-09
LOTTE.AKSOY,Lotte Aksoy,Lotte.Aksoy@BiTermTest.com,Enabled,Standard User,No,2009-09-01,2026-07-22
BEATRIZ.MEIJER,Beatriz Meijer,Beatriz.Meijer@BiTermTest.com,Enabled,Standard User,No,2018-10-08,2026-07-12
MARTA.PETROVIC,Marta Petrovic,Marta.Petrovic@BiTermTest.com,Enabled,Standard User,No,2009-03-30,2026-07-09
PADRAIG.REDDY,Padraig Reddy,Padraig.Reddy@BiTermTest.com,Enabled,Standard User,No,2023-08-07,2026-06-11
YUKI.RICCI,Yuki Ricci,Yuki.Ricci@BiTermTest.com,Enabled,Standard User,No,2025-02-06,2026-07-02
NIKOLAI.FAKHOURY,Nikolai Fakhoury,Nikolai.Fakhoury@BiTermTest.com,Enabled,Standard User,No,2026-03-02,2026-06-10
YEVHEN.KIRIGAYA,Yevhen Kirigaya,Yevhen.Kirigaya@BiTermTest.com,Enabled,Standard User,No,2014-12-01,2026-06-20
QUANG.FUJIMOTO,Quang Fujimoto,Quang.Fujimoto@BiTermTest.com,Enabled,Power User,No,2016-06-27,2026-06-24
AYLIN.CHOPRA,Aylin Chopra,Aylin.Chopra@BiTermTest.com,Enabled,Standard User,No,2015-06-30,2026-07-01
YAN.OBIORA,Yan Obiora,Yan.Obiora@BiTermTest.com,Enabled,Standard User,No,2024-03-29,2026-06-19
CILLIAN.JANKOWSKI,Cillian Jankowski,Cillian.Jankowski@BiTermTest.com,Enabled,Standard User,No,2022-11-28,2026-07-09
DENIZ.AXELSSON,Deniz Axelsson,Deniz.Axelsson@BiTermTest.com,Enabled,Standard User,No,2022-09-21,2026-06-23
AOIFE.ESPOSITO,Aoife Esposito,Aoife.Esposito@BiTermTest.com,Enabled,Power User,No,2023-05-22,2026-06-18
ELZBIETA.BEKELE,Elzbieta Bekele,Elzbieta.Bekele@BiTermTest.com,Enabled,Standard User,No,2023-03-20,2026-06-25
AGNIESZKA.REDDY,Agnieszka Reddy,Agnieszka.Reddy@BiTermTest.com,Enabled,Standard User,No,2021-12-20,2026-07-01
LBORG,Lorenzo Borg,Lorenzo.Borg@BiTermTest.com,Enabled,Standard User,No,2000-09-18,2026-06-20
HBERGSTROM,Hbergstrom,,Enabled,Standard User,No,2022-10-01,2024-06-28
JANUSZ.FERRARI,Janusz Ferrari,Janusz.Ferrari@BiTermTest.com,Enabled,Standard User,No,2025-12-26,2026-07-22
SHOANG,Sanjay Hoang,Sanjay.Hoang@BiTermTest.com,Enabled,Standard User,No,2011-08-01,2026-07-05
TENOCH.PILLAI,Tenoch Pillai,Tenoch.Pillai@BiTermTest.com,Enabled,Standard User,No,2015-07-21,2026-07-07
TAHIRA.NAIR,Tahira Nair,Tahira.Nair@BiTermTest.com,Enabled,Standard User,No,2024-08-05,2026-06-17
WILLEM.CHATTERJEE,Willem Chatterjee,Willem.Chatterjee@BiTermTest.com,Enabled,Power User,No,2021-05-18,2026-07-20
Bianca.Piotrowski,Bianca Piotrowski,Bianca.Piotrowski@BiTermTest.com,Enabled,Standard User,No,2017-10-10,2026-06-19
FIRUZA.ADEYEMI,Firuza Adeyemi,Firuza.Adeyemi@BiTermTest.com,Enabled,Read Only,No,2022-08-29,2026-07-02
AMAIA.MEKONNEN,Amaia Mekonnen,Amaia.Mekonnen@BiTermTest.com,Enabled,Standard User,No,2014-10-13,2026-07-19
TAO.HOANG,Tao Hoang,Tao.Hoang@BiTermTest.com,Enabled,Power User,No,2025-12-01,2026-07-13
TEODORA.ROSSI,Teodora Rossi,Teodora.Rossi@BiTermTest.com,Enabled,Standard User,No,2020-08-17,2026-06-28
CUAUHTEMOC.MARKOVIC,Cuauhtemoc Markovic,Cuauhtemoc.Markovic@BiTermTest.com,Enabled,Standard User,No,2017-08-07,2026-06-23
MARISOL.OLIVEIRA,Marisol Oliveira,Marisol.Oliveira@BiTermTest.com,Enabled,Read Only,No,2025-05-15,2026-07-08
RAFAEL.SOWANDE,Rafael Sowande,Rafael.Sowande@BiTermTest.com,Enabled,Standard User,No,2022-08-23,2026-06-23
FATTARD,Freja Attard,Freja.Attard@BiTermTest.com,Enabled,Standard User,No,2013-06-03,2026-06-22
GITA.MEIJER,Gita Meijer,Gita.Meijer@BiTermTest.com,Enabled,Read Only,No,2025-05-13,2026-06-30
OIHANE.WISNIEWSKI,Oihane Wisniewski,Oihane.Wisniewski@BiTermTest.com,Enabled,Standard User,No,2011-03-29,2026-06-15
UMAR.GHANEM,Umar Ghanem,Umar.Ghanem@BiTermTest.com,Enabled,Read Only,No,2006-10-10,2026-07-10
HENRYK.CHUKWU,Henryk Chukwu,Henryk.Chukwu@BiTermTest.com,Enabled,Standard User,No,2018-06-25,2026-07-01
HENRYK.HOSHINO,Henryk Hoshino,Henryk.Hoshino@BiTermTest.com,Enabled,Standard User,No,2021-12-27,2026-06-18
LEILA.CHUKWU,Leila Chukwu,Leila.Chukwu@BiTermTest.com,Enabled,Standard User,No,2019-10-28,2026-07-07
KOFI.YILMAZ,Kofi Yilmaz,Kofi.Yilmaz@BiTermTest.com,Enabled,Standard User,No,2018-12-31,2026-06-25
CITLALI.NGO,Citlali Ngo,Citlali.Ngo@BiTermTest.com,Enabled,Standard User,No,1995-10-19,2026-06-20
ENEKO.VUONG,Eneko Vuong,Eneko.Vuong@BiTermTest.com,Enabled,Standard User,No,2026-03-02,2026-06-30
BRAM.DUONG,Bram Duong,Bram.Duong@BiTermTest.com,Enabled,Standard User,No,2019-01-21,2026-06-15
ANDRES.OZTURK,Andres Ozturk,Andres.Ozturk@BiTermTest.com,Enabled,Standard User,No,2023-03-27,2025-12-31
APILLAI,Anwar Pillai,Anwar.Pillai@BiTermTest.com,Enabled,Standard User,No,2000-09-06,2026-07-14
JKILIC,Jovana Kilic,Jovana.Kilic@BiTermTest.com,Enabled,Standard User,No,2008-05-12,2026-06-28
KOFI.YILMAZ,Kofi Yilmaz,Kofi.Yilmaz@BiTermTest.com,Enabled,Standard User,No,2022-10-24,2026-06-25
BAO.CONTI,Bao Conti,Bao.Conti@BiTermTest.com,Enabled,Standard User,No,2019-02-18,2026-07-15
DAAN.FERREIRA,Daan Ferreira,Daan.Ferreira@BiTermTest.com,Enabled,Standard User,No,2020-01-06,2026-06-19
ANOUK.TITOV,Anouk Titov,Anouk.Titov@BiTermTest.com,Enabled,Power User,No,2022-04-11,2026-06-28
IKER.LEWANDOWSKI,Iker Lewandowski,Iker.Lewandowski@BiTermTest.com,Enabled,Standard User,No,2024-09-03,2026-07-07
MAIALEN.NWOSU,Maialen Nwosu,maialen.nwosu@bitermtest.com,Enabled,Service Account,Yes,2022-01-30,2026-06-12
FEMI.MENON,Femi Menon,Femi.Menon@BiTermTest.com,Enabled,Standard User,No,2025-06-10,2026-06-27
LOKONKWO,Laleh Okonkwo,Laleh.Okonkwo@BiTermTest.com,Enabled,Standard User,No,2010-08-09,2026-06-28
JELANI.GUPTA,Jelani Gupta,Jelani.Gupta@BiTermTest.com,Enabled,Standard User,No,2022-10-17,2026-07-09
SIPHO.LEWANDOWSKI,Sipho Lewandowski,Sipho.Lewandowski@BiTermTest.com,Enabled,Standard User,No,2016-04-18,2026-06-29
AMINA.PETROV,Amina Petrov,Amina.Petrov@BiTermTest.com,Enabled,Standard User,No,2016-01-12,2026-06-13
DUC.DOGAN,Duc Dogan,Duc.Dogan@BiTermTest.com,Disabled,Standard User,No,2009-08-06,2026-06-10
ELZBIETA.AGARWAL,Elzbieta Agarwal,Elzbieta.Agarwal@BiTermTest.com,Disabled,Standard User,No,2025-08-25,2026-07-13
FEMI.STOJANOVIC,Femi Stojanovic,Femi.Stojanovic@BiTermTest.com,Enabled,Standard User,No,2021-11-01,2026-06-17
LARS.CAMILLERI,Lars Camilleri,Lars.Camilleri@BiTermTest.com,Enabled,Standard User,No,2015-01-01,2026-07-10
NIAMH.MENSAH,Niamh Mensah,Niamh.Mensah@BiTermTest.com,Enabled,Standard User,No,2017-11-27,2026-07-14
SIOBHAN.BANERJEE,Siobhan Banerjee,Siobhan.Banerjee@BiTermTest.com,Enabled,Standard User,No,2014-10-14,2026-07-07
ROISIN.ASLAN,Roisin Aslan,Roisin.Aslan@BiTermTest.com,Enabled,Standard User,No,2021-08-09,2026-07-08
SPETROV,Sakura Petrov,Sakura.Petrov@BiTermTest.com,Enabled,Administrator,Yes,2015-03-16,2026-06-15
HARUTO.DABROWSKI,Haruto Dabrowski,Haruto.Dabrowski@BiTermTest.com,Enabled,Standard User,No,2020-08-31,2026-07-06
TRUNG.DEVRIES,Trung Devries,Trung.Devries@BiTermTest.com,Enabled,Standard User,No,2024-04-29,2026-06-23
AMAIA.LINDQVIST,Amaia Lindqvist,Amaia.Lindqvist@BiTermTest.com,Enabled,Standard User,No,2015-01-01,2026-06-20
PADRAIG.WOJCIK,Padraig Wojcik,Padraig.Wojcik@BiTermTest.com,Enabled,Standard User,No,2015-08-10,2026-07-10
NIKOLAI.KAPOOR,Nikolai Kapoor,Nikolai.Kapoor@BiTermTest.com,Disabled,Administrator,Yes,2017-02-02,2026-07-09
YHENDRIKS,Yuki Hendriks,Yuki.Hendriks@BiTermTest.com,Enabled,Power User,No,2004-11-15,2026-06-10
MARISOL.PETROVIC,Marisol Petrovic,Marisol.Petrovic@BiTermTest.com,Enabled,Standard User,No,2022-12-05,2026-06-23
TAO.MOROZOV,Tao Morozov,Tao.Morozov@BiTermTest.com,Enabled,Administrator,Yes,2016-02-23,2026-07-02
NAYELI.BEKELE,Nayeli Bekele,Nayeli.Bekele@BiTermTest.com,Enabled,Standard User,No,2015-01-05,2026-06-15
DRAGAN.KOZLOWSKI,Dragan Kozlowski,dragan.kozlowski@bitermtest.com,Enabled,Standard User,No,2023-11-03,2024-04-10
AMINA.LINDQVIST,Amina Lindqvist,Amina.Lindqvist@BiTermTest.com,Enabled,Standard User,No,2015-08-11,2026-07-15
JISOO.ALMEIDA,Jisoo Almeida,Jisoo.Almeida@BiTermTest.com,Enabled,Read Only,No,2023-03-15,2026-06-21
NEMANJA.CONTI,Nemanja Conti,Nemanja.Conti@BiTermTest.com,Enabled,Read Only,No,2023-01-04,2026-06-16
AINHOA.WISNIEWSKI,Ainhoa Wisniewski,Ainhoa.Wisniewski@BiTermTest.com,Enabled,Standard User,No,2022-07-05,2026-07-20
AOI.UCHIDA,Aoi Uchida,Aoi.Uchida@BiTermTest.com,Enabled,Read Only,No,2020-10-19,2026-07-11
DUC.GRECH,Duc Grech,Duc.Grech@BiTermTest.com,Enabled,Standard User,No,2015-01-01,2026-06-17
CHIARA.ASLAN,Chiara Aslan,Chiara.Aslan@BiTermTest.com,Enabled,Read Only,No,2022-07-05,2026-07-13
LALEH.BOATENG,Laleh Boateng,Laleh.Boateng@BiTermTest.com,Enabled,Read Only,No,2016-01-06,2026-06-08
VASIL.TESFAYE,Vasil Tesfaye,Vasil.Tesfaye@BiTermTest.com,Enabled,Standard User,No,2021-08-23,2026-07-12
NEREA.RIBEIRO,Nerea Ribeiro,Nerea.Ribeiro@BiTermTest.com,Enabled,Standard User,No,2017-08-21,2026-06-23
KATYA.DANG,Katya Dang,Katya.Dang@BiTermTest.com,Enabled,Standard User,No,2023-04-03,2026-06-11
XMATSUDA,Xmatsuda,xmatsuda@bitermtest.com,Enabled,Service Account,Yes,2023-10-18,2025-04-20
BEATRIZ.MENON,Beatriz Menon,Beatriz.Menon@BiTermTest.com,Enabled,Administrator,Yes,2015-01-01,2026-06-20
Anouk.Visser,Anouk Visser,Anouk.Visser@BiTermTest.com,Enabled,Standard User,No,2016-09-26,2026-07-01
JELANI.MORETTI,Jelani Moretti,Jelani.Moretti@BiTermTest.com,Enabled,Standard User,No,2022-04-04,2026-07-02
ESHAN.KWON,Eshan Kwon,Eshan.Kwon@BiTermTest.com,Enabled,Read Only,No,2024-09-09,2026-07-08
JKOWALSKI,Jeroen Kowalski,Jeroen.Kowalski@BiTermTest.com,Enabled,Standard User,No,2009-05-18,2026-07-16
MATEO.BANERJEE,Mateo Banerjee,Mateo.Banerjee@BiTermTest.com,Enabled,Standard User,No,2021-03-01,2026-06-26
AGNIESZKA.ZAMMIT,Agnieszka Zammit,Agnieszka.Zammit@BiTermTest.com,Enabled,Standard User,No,2025-01-13,2026-06-28
JISOO.KOZLOWSKI,Jisoo Kozlowski,Jisoo.Kozlowski@BiTermTest.com,Enabled,Standard User,No,2021-05-24,2026-07-16
Trung.Moretti,Trung Moretti,Trung.Moretti@BiTermTest.com,Enabled,Read Only,No,2018-11-12,2026-06-14
BOGDAN.KOWALSKI,Bogdan Kowalski,Bogdan.Kowalski@BiTermTest.com,Enabled,Standard User,No,2020-09-21,2026-07-12
HAMID.DEKKER,Hamid Dekker,Hamid.Dekker@BiTermTest.com,Enabled,Standard User,No,2020-01-20,2026-06-21
HARUTO.CASSAR,Haruto Cassar,Haruto.Cassar@BiTermTest.com,Enabled,Standard User,No,2025-05-15,2026-06-24
NIAMH.FOFANA,Niamh Fofana,Niamh.Fofana@BiTermTest.com,Enabled,Standard User,No,2007-10-16,2026-07-16
XASANTE,Ximena Asante,Ximena.Asante@BiTermTest.com,Enabled,Standard User,No,2004-08-02,2026-06-09
SIPHO.ALMEIDA,Sipho Almeida,sipho.almeida@bitermtest.com,Enabled,Standard User,No,2022-02-01,2024-08-31
KENJI.TESFAYE,Kenji Tesfaye,Kenji.Tesfaye@BiTermTest.com,Enabled,Power User,No,2022-01-17,2026-06-14
UMAR.NOVIKOV,Umar Novikov,Umar.Novikov@BiTermTest.com,Enabled,Standard User,No,2025-01-24,2026-07-12
DUC.DOGAN,Duc Dogan,Duc.Dogan@BiTermTest.com,Disabled,Standard User,No,2023-07-03,2026-06-10
MIKKEL.ATTARD,Mikkel Attard,Mikkel.Attard@BiTermTest.com,Enabled,Read Only,No,2025-12-26,2026-07-16
LAN.AMARI,Lan Amari,Lan.Amari@BiTermTest.com,Enabled,Standard User,No,2025-12-29,2026-07-18
FLEWANDOWSKI,Feng Lewandowski,Feng.Lewandowski@BiTermTest.com,Enabled,Standard User,No,2010-10-04,2026-07-01
HANA.ISHIKAWA,Hana Ishikawa,,Enabled,Service Account,Yes,2022-07-22,2025-03-29
BEATRIZ.SAHIN,Beatriz Sahin,Beatriz.Sahin@BiTermTest.com,Enabled,Standard User,No,2016-09-26,2026-06-14
NAYELI.BAE,Nayeli Bae,Nayeli.Bae@BiTermTest.com,Enabled,Standard User,No,2014-06-03,2026-07-19
MAITE.CHUKWU,Maite Chukwu,Maite.Chukwu@BiTermTest.com,Enabled,Standard User,No,2023-11-09,2026-06-15
CEZEANI,Citlali Ezeani,Citlali.Ezeani@BiTermTest.com,Disabled,Standard User,No,2006-07-24,2026-07-11
AYLIN.ROSSI,Aylin Rossi,Aylin.Rossi@BiTermTest.com,Enabled,Standard User,No,2015-01-26,2026-06-21
SIPHO.HORVAT,Sipho Horvat,Sipho.Horvat@BiTermTest.com,Enabled,Standard User,No,2014-08-11,2026-06-29
LWOJCIK,Lucia Wojcik,Lucia.Wojcik@BiTermTest.com,Enabled,Standard User,No,2008-09-02,2026-06-27
VASIL.ALEMU,Vasil Alemu,Vasil.Alemu@BiTermTest.com,Enabled,Standard User,No,2022-06-06,2026-07-05
VOLKAN.TEIXEIRA,Volkan Teixeira,Volkan.Teixeira@BiTermTest.com,Enabled,Standard User,No,2008-04-09,2026-07-15
NAYELI.BAE,Nayeli Bae,Nayeli.Bae@BiTermTest.com,Enabled,Standard User,No,2020-03-16,2026-07-19
NEREA.UCHIDA,Nerea Uchida,Nerea.Uchida@BiTermTest.com,Enabled,Power User,No,2015-01-01,2026-06-16
LAN.MULDER,Lan Mulder,Lan.Mulder@BiTermTest.com,Enabled,Power User,No,2023-06-12,2026-07-03
KATYA.IVANOV,Katya Ivanov,Katya.Ivanov@BiTermTest.com,Enabled,Read Only,No,2025-05-15,2026-06-08
TMOROZOV,Thao Morozov,Thao.Morozov@BiTermTest.com,Enabled,Read Only,No,1994-08-15,2026-07-01
MAITE.DAHLBERG,Maite Dahlberg,Maite.Dahlberg@BiTermTest.com,Enabled,Standard User,No,2022-03-28,2026-07-01
HENRYK.ASANTE,Henryk Asante,Henryk.Asante@BiTermTest.com,Enabled,Standard User,No,2016-08-15,2026-06-16
YAN.VANDENBERG,Yan Vandenberg,Yan.Vandenberg@BiTermTest.com,Enabled,Standard User,No,2017-09-25,2026-07-03
CHIARA.ALMEIDA,Chiara Almeida,Chiara.Almeida@BiTermTest.com,Enabled,Standard User,No,2014-05-19,2026-07-13
MARISOL.NGO,Marisol Ngo,Marisol.Ngo@BiTermTest.com,Enabled,Read Only,No,2011-07-05,2026-06-12
BEATRIZ.SAHIN,Beatriz Sahin,Beatriz.Sahin@BiTermTest.com,Enabled,Standard User,No,2023-11-06,2026-06-14
WILLEM.ALMEIDA,Willem Almeida,Willem.Almeida@BiTermTest.com,Enabled,Standard User,No,2021-06-21,2026-07-12
AOI.VISSER,Aoi Visser,Aoi.Visser@BiTermTest.com,Enabled,Standard User,No,2020-01-06,2026-06-24
KAMAL.PETROV,Kamal Petrov,Kamal.Petrov@BiTermTest.com,Enabled,Standard User,No,2014-09-29,2026-06-26
RASHIDA.DEKKER,Rashida Dekker,Rashida.Dekker@BiTermTest.com,Enabled,Standard User,No,2019-05-06,2026-07-10
VALENTINA.LEWANDOWSKI,Valentina Lewandowski,Valentina.Lewandowski@BiTermTest.com,Enabled,Power User,No,2014-09-08,2026-07-05
CTRUONG,Cem Truong,Cem.Truong@BiTermTest.com,Enabled,Standard User,No,2007-08-06,2026-07-08
REN.DIALLO,Ren Diallo,Ren.Diallo@BiTermTest.com,Enabled,Standard User,No,2015-01-01,2026-07-22
REN.ATTARD,Ren Attard,,Enabled,Administrator,Yes,2022-02-18,2025-07-21
FEMKE.SANDBERG,Femke Sandberg,Femke.Sandberg@BiTermTest.com,Enabled,Standard User,No,2025-08-19,2026-07-18
PARVIN.MEHTA,Parvin Mehta,Parvin.Mehta@BiTermTest.com,Enabled,Standard User,No,2019-05-13,2026-06-23
ALAI,Alai,alai@bitermtest.com,Enabled,Service Account,Yes,2022-11-09,2024-10-11
RENATA.ATTARD,Renata Attard,Renata.Attard@BiTermTest.com,Enabled,Administrator,Yes,2022-10-17,2026-07-15
MATTEO.MALHOTRA,Matteo Malhotra,Matteo.Malhotra@BiTermTest.com,Enabled,Standard User,No,2020-04-06,2026-07-22
GIULIA.TAKAHASHI,Giulia Takahashi,Giulia.Takahashi@BiTermTest.com,Enabled,Standard User,No,2025-04-11,2026-07-01
CHIDI.ZIELINSKI,Chidi Zielinski,Chidi.Zielinski@BiTermTest.com,Enabled,Standard User,No,2022-01-03,2026-07-12
LOTTE.NASSAR,Lotte Nassar,Lotte.Nassar@BiTermTest.com,Enabled,Standard User,No,2018-11-19,2026-07-22
KENJI.BORG,Kenji Borg,Kenji.Borg@BiTermTest.com,Enabled,Standard User,No,2013-09-25,2026-06-25
MEERA.GHANEM,Meera Ghanem,Meera.Ghanem@BiTermTest.com,Enabled,Standard User,No,2021-10-04,2026-06-11
Mikkel.Haile,Mikkel Haile,Mikkel.Haile@BiTermTest.com,Enabled,Standard User,No,2004-06-07,2026-07-19
FBEKELE,Firuza Bekele,Firuza.Bekele@BiTermTest.com,Enabled,Standard User,No,1988-09-19,2026-07-07
JELANI.AKSOY,Jelani Aksoy,Jelani.Aksoy@BiTermTest.com,Enabled,Standard User,No,2025-04-11,2026-07-18
CHIDI.MORETTI,Chidi Moretti,Chidi.Moretti@BiTermTest.com,Enabled,Power User,No,2025-02-06,2026-06-09
CITLALI.FERRARI,Citlali Ferrari,Citlali.Ferrari@BiTermTest.com,Enabled,Standard User,No,2023-08-25,2026-06-16
MEI.MALHOTRA,Mei Malhotra,Mei.Malhotra@BiTermTest.com,Enabled,Standard User,No,2021-06-04,2026-07-22
FVARMA,Freja Varma,Freja.Varma@BiTermTest.com,Enabled,Standard User,No,2013-08-22,2026-07-14
FARID.BANERJEE,Farid Banerjee,Farid.Banerjee@BiTermTest.com,Enabled,Standard User,No,2023-03-27,2026-06-11
THIAGO.LAI,Thiago Lai,Thiago.Lai@BiTermTest.com,Enabled,Standard User,No,2005-03-01,2026-06-30
BRAM.NOVIKOV,Bram Novikov,Bram.Novikov@BiTermTest.com,Enabled,Standard User,No,2009-12-21,2026-07-10
CZAMMIT,Czammit,czammit@bitermtest.com,Enabled,Service Account,Yes,2022-06-02,2025-12-22
ROHAN.ORLOV,Rohan Orlov,Rohan.Orlov@BiTermTest.com,Enabled,Standard User,No,2019-08-26,2026-07-21
AYLIN.SALIBA,Aylin Saliba,Aylin.Saliba@BiTermTest.com,Enabled,Power User,No,2023-05-01,2026-06-17
ROHAN.MATSUDA,Rohan Matsuda,Rohan.Matsuda@BiTermTest.com,Enabled,Standard User,No,2015-09-08,2026-06-23
OKEITA,Oihane Keita,Oihane.Keita@BiTermTest.com,Enabled,Administrator,Yes,2005-11-28,2026-06-30
BAO.TRAORE,Bao Traore,Bao.Traore@BiTermTest.com,Enabled,Standard User,No,2014-05-05,2026-07-01
SOREN.TOURE,Soren Toure,Soren.Toure@BiTermTest.com,Enabled,Standard User,No,2018-02-26,2026-06-29
XIU.VISSER,Xiu Visser,Xiu.Visser@BiTermTest.com,Disabled,Power User,No,2026-02-27,2026-06-13
GORKA.IVANOV,Gorka Ivanov,Gorka.Ivanov@BiTermTest.com,Enabled,Read Only,No,2024-11-18,2026-07-08
CHWANG,Cem Hwang,Cem.Hwang@BiTermTest.com,Enabled,Standard User,No,2012-06-11,2026-07-06
MATEO.KEBEDE,Mateo Kebede,Mateo.Kebede@BiTermTest.com,Enabled,Standard User,No,2022-04-27,2026-06-23
CFORSBERG,Cuauhtemoc Forsberg,Cuauhtemoc.Forsberg@BiTermTest.com,Enabled,Standard User,No,2007-09-01,2026-07-13
Bjorn.Yoon,Bjorn Yoon,Bjorn.Yoon@BiTermTest.com,Disabled,Standard User,No,2016-07-18,2026-07-13
YEVHEN.YILMAZ,Yevhen Yilmaz,Yevhen.Yilmaz@BiTermTest.com,Enabled,Standard User,No,2022-03-14,2026-06-26
MIYER,Maite Iyer,Maite.Iyer@BiTermTest.com,Enabled,Standard User,No,1987-03-09,2026-06-27
LORENZO.MARINO,Lorenzo Marino,Lorenzo.Marino@BiTermTest.com,Enabled,Power User,No,2023-03-27,2026-06-16
TAHIRA.GALEA,Tahira Galea,Tahira.Galea@BiTermTest.com,Enabled,Standard User,No,2015-03-02,2026-07-20
RPOLAT,Rashida Polat,Rashida.Polat@BiTermTest.com,Enabled,Standard User,No,2013-05-13,2026-07-19
BRAM.UCHIDA,Bram Uchida,Bram.Uchida@BiTermTest.com,Enabled,Standard User,No,2016-08-08,2026-06-30
DENIZ.TRUONG,Deniz Truong,Deniz.Truong@BiTermTest.com,Enabled,Administrator,Yes,2023-08-25,2026-06-22
ILYA.WOZNIAK,Ilya Wozniak,Ilya.Wozniak@BiTermTest.com,Enabled,Standard User,No,2020-01-07,2026-07-07
ESHAN.RAO,Eshan Rao,Eshan.Rao@BiTermTest.com,Enabled,Standard User,No,2015-01-01,2026-07-13
AMARA.ESPOSITO,Amara Esposito,Amara.Esposito@BiTermTest.com,Enabled,Standard User,No,2023-07-04,2026-06-19
IVARMA,Ivarma,ivarma@bitermtest.com,Enabled,Service Account,Yes,2023-04-10,2024-04-04
SANJAY.HOANG,Sanjay Hoang,Sanjay.Hoang@BiTermTest.com,Enabled,Standard User,No,2018-12-03,2026-07-18
DENIZ.TESFAYE,Deniz Tesfaye,Deniz.Tesfaye@BiTermTest.com,Enabled,Standard User,No,2021-11-08,2026-06-11
ZALMEIDA,Zofia Almeida,Zofia.Almeida@BiTermTest.com,Enabled,Standard User,No,2005-03-09,2026-07-16
ESHAN.MULDER,Eshan Mulder,Eshan.Mulder@BiTermTest.com,Enabled,Standard User,No,2021-08-23,2026-06-16
ZAHRA.CAMILLERI,Zahra Camilleri,Zahra.Camilleri@BiTermTest.com,Enabled,Standard User,No,2017-06-19,2026-06-10
NNOVAK,Nemanja Novak,Nemanja.Novak@BiTermTest.com,Enabled,Standard User,No,2004-07-12,2026-06-16
XIU.KWON,Xiu Kwon,Xiu.Kwon@BiTermTest.com,Enabled,Standard User,No,2008-04-01,2026-07-07
JANUSZ.SZYMANSKI,Janusz Szymanski,Janusz.Szymanski@BiTermTest.com,Enabled,Standard User,No,2022-12-19,2026-07-06
KENJI.BORG,Kenji Borg,Kenji.Borg@BiTermTest.com,Enabled,Standard User,No,2012-01-30,2026-06-25
AMINA.FORSBERG,Amina Forsberg,Amina.Forsberg@BiTermTest.com,Enabled,Standard User,No,2019-09-03,2026-02-15
INES.SZYMANSKI,Ines Szymanski,Ines.Szymanski@BiTermTest.com,Enabled,Standard User,No,2018-11-12,2026-07-16
LINH.ROSSI,Linh Rossi,Linh.Rossi@BiTermTest.com,Enabled,Standard User,No,2014-05-05,2026-06-30
AINHOA.MICALLEF,Ainhoa Micallef,Ainhoa.Micallef@BiTermTest.com,Enabled,Standard User,No,2022-11-28,2026-07-11
TOMASZ.OZTURK,Tomasz Ozturk,Tomasz.Ozturk@BiTermTest.com,Enabled,Read Only,No,2022-11-16,2026-06-24
YEVHEN.ALMEIDA,Yevhen Almeida,Yevhen.Almeida@BiTermTest.com,Enabled,Standard User,No,2016-01-18,2026-06-21
MWORKU,Mateo Worku,Mateo.Worku@BiTermTest.com,Enabled,Power User,No,1999-08-30,2026-06-19
ROISIN.OZTURK,Roisin Ozturk,Roisin.Ozturk@BiTermTest.com,Enabled,Standard User,No,2003-01-01,2026-07-11
ROISIN.RIBEIRO,Roisin Ribeiro,Roisin.Ribeiro@BiTermTest.com,Enabled,Standard User,No,2023-05-08,2026-07-15
LUCIA.RAO,Lucia Rao,Lucia.Rao@BiTermTest.com,Enabled,Power User,No,2016-07-05,2026-07-12
SULEIMAN.ARSLAN,Suleiman Arslan,Suleiman.Arslan@BiTermTest.com,Enabled,Standard User,No,2019-08-19,2026-06-13
BLEMMA,Blemma,blemma@bitermtest.com,Enabled,Service Account,Yes,2022-03-03,2026-05-29
TENOCH.NDIAYE,Tenoch Ndiaye,Tenoch.Ndiaye@BiTermTest.com,Enabled,Read Only,No,2014-11-10,2026-07-01
XIU.LUNDGREN,Xiu Lundgren,Xiu.Lundgren@BiTermTest.com,Enabled,Standard User,No,2019-04-08,2026-07-21
XWORKU,Ximena Worku,Ximena.Worku@BiTermTest.com,Enabled,Standard User,No,1999-05-10,2026-06-22
JRIBEIRO,Jovana Ribeiro,Jovana.Ribeiro@BiTermTest.com,Disabled,Administrator,Yes,2008-02-04,2026-06-08
YUSUF.FEDOROV,Yusuf Fedorov,Yusuf.Fedorov@BiTermTest.com,Enabled,Power User,No,2025-08-18,2026-07-18
AINHOA.NYSTROM,Ainhoa Nystrom,Ainhoa.Nystrom@BiTermTest.com,Enabled,Standard User,No,2014-07-11,2026-06-25
RASHIDA.JOVANOVIC,Rashida Jovanovic,Rashida.Jovanovic@BiTermTest.com,Enabled,Power User,No,2016-05-31,2026-06-26
AMAIA.JANKOWSKI,Amaia Jankowski,Amaia.Jankowski@BiTermTest.com,Enabled,Read Only,No,2025-12-29,2026-06-10
FERNANDA.BERGSTROM,Fernanda Bergstrom,Fernanda.Bergstrom@BiTermTest.com,Enabled,Power User,No,2025-05-13,2026-07-13
XOCHITL.REDDY,Xochitl Reddy,Xochitl.Reddy@BiTermTest.com,Enabled,Standard User,No,2014-03-03,2026-06-24
NAKSOY,Naksoy,,Enabled,Standard User,No,2022-11-07,2025-11-18
NAYELI.AZEVEDO,Nayeli Azevedo,Nayeli.Azevedo@BiTermTest.com,Enabled,Read Only,No,2018-05-02,2026-06-22
ZAINAB.REDDY,Zainab Reddy,Zainab.Reddy@BiTermTest.com,Enabled,Read Only,No,2025-08-25,2026-06-09
ANOUK.VISSER,Anouk Visser,Anouk.Visser@BiTermTest.com,Enabled,Standard User,No,2001-05-21,2026-07-21
YDESHPANDE,Yevhen Deshpande,Yevhen.Deshpande@BiTermTest.com,Enabled,Read Only,No,2001-06-25,2026-07-15
LORENZO.MALHOTRA,Lorenzo Malhotra,,Enabled,Service Account,Yes,2022-12-31,2026-04-14
WAFA.TRUONG,Wafa Truong,Wafa.Truong@BiTermTest.com,Enabled,Administrator,Yes,2019-05-27,2026-06-14
ENEKO.OBIORA,Eneko Obiora,Eneko.Obiora@BiTermTest.com,Enabled,Standard User,No,2006-02-27,2026-07-20
QUANG.GIRMA,Quang Girma,Quang.Girma@BiTermTest.com,Enabled,Standard User,No,2024-05-22,2026-06-14
MAITE.CHUKWU,Maite Chukwu,Maite.Chukwu@BiTermTest.com,Enabled,Standard User,No,2009-03-23,2026-06-15
TRUNG.ZIELINSKI,Trung Zielinski,Trung.Zielinski@BiTermTest.com,Enabled,Administrator,Yes,2023-09-05,2026-06-18
RENATA.DEKKER,Renata Dekker,Renata.Dekker@BiTermTest.com,Enabled,Standard User,No,2021-09-07,2026-06-19
ROISIN.HOSHINO,Roisin Hoshino,Roisin.Hoshino@BiTermTest.com,Enabled,Administrator,Yes,2015-01-01,2026-07-15
ANDRES.GRECO,Andres Greco,Andres.Greco@BiTermTest.com,Enabled,Standard User,No,2025-06-03,2026-06-11
BDESTA,Baran Desta,Baran.Desta@BiTermTest.com,Enabled,Read Only,No,2000-03-27,2026-06-26
CHIARA.ARSLAN,Chiara Arslan,Chiara.Arslan@BiTermTest.com,Enabled,Power User,No,2011-11-21,2026-06-17
MAIALEN.AYDIN,Maialen Aydin,Maialen.Aydin@BiTermTest.com,Enabled,Standard User,No,2025-07-25,2026-07-19
Oksana.Teixeira,Oksana Teixeira,Oksana.Teixeira@BiTermTest.com,Enabled,Administrator,Yes,2011-12-05,2026-07-16
TAHIRA.SAXENA,Tahira Saxena,Tahira.Saxena@BiTermTest.com,Enabled,Standard User,No,2017-01-30,2026-07-15
MAHMOUD.HORVAT,Mahmoud Horvat,Mahmoud.Horvat@BiTermTest.com,Enabled,Standard User,No,2025-05-12,2026-07-18
MAIALEN.NDIAYE,Maialen Ndiaye,Maialen.Ndiaye@BiTermTest.com,Enabled,Standard User,No,2023-10-30,2026-07-18
Camila.Bosman,Camila Bosman,Camila.Bosman@BiTermTest.com,Enabled,Standard User,No,2017-06-12,2026-07-02
KESPOSITO,Kesposito,kesposito@bitermtest.com,Enabled,Read Only,No,2022-03-26,2024-07-23
SIOBHAN.JANKOWSKI,Siobhan Jankowski,Siobhan.Jankowski@BiTermTest.com,Enabled,Standard User,No,2013-10-06,2026-06-11
ZAHRA.DEVRIES,Zahra Devries,Zahra.Devries@BiTermTest.com,Enabled,Standard User,No,2018-12-03,2026-06-13
NAYELI.DESHPANDE,Nayeli Deshpande,Nayeli.Deshpande@BiTermTest.com,Enabled,Standard User,No,2022-07-25,2026-07-10
BARAN.CARVALHO,Baran Carvalho,Baran.Carvalho@BiTermTest.com,Enabled,Standard User,No,2010-02-01,2026-07-04
ESHAN.HOLMGREN,Eshan Holmgren,Eshan.Holmgren@BiTermTest.com,Enabled,Standard User,No,2018-04-02,2026-06-11
OIHANE.DEMIR,Oihane Demir,Oihane.Demir@BiTermTest.com,Disabled,Standard User,No,2016-01-11,2026-06-13
AVUONG,Andres Vuong,Andres.Vuong@BiTermTest.com,Enabled,Standard User,No,2012-05-14,2026-07-12
YAN.KRAWCZYK,Yan Krawczyk,Yan.Krawczyk@BiTermTest.com,Disabled,Standard User,No,2013-04-26,2026-06-11
INES.BUI,Ines Bui,Ines.Bui@BiTermTest.com,Enabled,Standard User,No,2021-08-23,2026-07-05
ZAHRA.DUONG,Zahra Duong,Zahra.Duong@BiTermTest.com,Enabled,Standard User,No,2025-05-15,2026-07-07
PIOTR.MAZUR,Piotr Mazur,Piotr.Mazur@BiTermTest.com,Enabled,Standard User,No,2021-11-29,2026-06-25
MAHMOUD.WORKU,Mahmoud Worku,Mahmoud.Worku@BiTermTest.com,Enabled,Standard User,No,2022-04-04,2026-06-15
DRAGAN.REDDY,Dragan Reddy,Dragan.Reddy@BiTermTest.com,Enabled,Standard User,No,2015-01-12,2026-06-11
JPHAM,Joao Pham,Joao.Pham@BiTermTest.com,Enabled,Standard User,No,1995-01-31,2026-07-21
FTITOV,Ftitov,ftitov@bitermtest.com,Enabled,Standard User,No,2022-04-12,2026-05-20
HHOSHINO,Henryk Hoshino,Henryk.Hoshino@BiTermTest.com,Enabled,Standard User,No,2006-01-23,2026-07-04
LPETROV,Lotte Petrov,Lotte.Petrov@BiTermTest.com,Enabled,Read Only,No,2013-06-17,2026-07-15
CKULKARNI,Ckulkarni,ckulkarni@bitermtest.com,Enabled,Standard User,No,2022-09-01,2025-04-10
CHIDI.STOJANOVIC,Chidi Stojanovic,Chidi.Stojanovic@BiTermTest.com,Enabled,Administrator,Yes,2025-06-09,2026-06-20
AMARA.MALHOTRA,Amara Malhotra,Amara.Malhotra@BiTermTest.com,Enabled,Standard User,No,2023-02-20,2026-06-17
VANDANA.RAHAL,Vandana Rahal,Vandana.Rahal@BiTermTest.com,Enabled,Administrator,Yes,2015-01-01,2026-06-27
SANJAY.NAIR,Sanjay Nair,Sanjay.Nair@BiTermTest.com,Enabled,Read Only,No,2020-03-16,2026-07-07
RASHIDA.DEKKER,Rashida Dekker,Rashida.Dekker@BiTermTest.com,Enabled,Standard User,No,2014-04-14,2026-07-10
VOLKAN.MEKONNEN,Volkan Mekonnen,Volkan.Mekonnen@BiTermTest.com,Disabled,Standard User,No,2008-08-01,2026-07-21
AYLIN.TRAORE,Aylin Traore,Aylin.Traore@BiTermTest.com,Enabled,Standard User,No,2015-01-01,2026-07-22
HANA.BARAKA,Hana Baraka,Hana.Baraka@BiTermTest.com,Enabled,Standard User,No,2013-01-02,2026-06-22
BRAM.GALEA,Bram Galea,Bram.Galea@BiTermTest.com,Enabled,Power User,No,2018-10-15,2026-06-20
SIPHO.SAKAMOTO,Sipho Sakamoto,Sipho.Sakamoto@BiTermTest.com,Enabled,Standard User,No,2022-06-27,2026-07-18
ENEKO.NGO,Eneko Ngo,Eneko.Ngo@BiTermTest.com,Enabled,Read Only,No,2015-07-16,2026-06-26
NIAMH.OWUSU,Niamh Owusu,Niamh.Owusu@BiTermTest.com,Enabled,Standard User,No,2016-12-12,2026-07-09
ANOUK.DEVRIES,Anouk Devries,Anouk.Devries@BiTermTest.com,Disabled,Standard User,No,2021-12-13,2026-07-18
AOIFE.RICCI,Aoife Ricci,Aoife.Ricci@BiTermTest.com,Enabled,Standard User,No,2020-12-01,2026-06-23
VALENTINA.RAO,Valentina Rao,Valentina.Rao@BiTermTest.com,Enabled,Read Only,No,2013-05-22,2026-07-07
PGRABOWSKI,Parvin Grabowski,Parvin.Grabowski@BiTermTest.com,Enabled,Read Only,No,1989-02-27,2026-06-19
MAITE.KOVAC,Maite Kovac,Maite.Kovac@BiTermTest.com,Enabled,Standard User,No,2018-02-08,2026-07-19
UNAI.DELUCA,Unai Deluca,Unai.Deluca@BiTermTest.com,Enabled,Standard User,No,2023-08-28,2026-06-27
Kavita.Aksoy,Kavita Aksoy,Kavita.Aksoy@BiTermTest.com,Enabled,Standard User,No,2016-07-18,2026-06-17
AASLAN,Aoi Aslan,Aoi.Aslan@BiTermTest.com,Enabled,Standard User,No,2008-07-28,2026-06-24
ANOUK.TAKAHASHI,Anouk Takahashi,Anouk.Takahashi@BiTermTest.com,Enabled,Standard User,No,2017-05-22,2026-06-29
JANUSZ.FARRUGIA,Janusz Farrugia,Janusz.Farrugia@BiTermTest.com,Enabled,Standard User,No,2001-07-23,2026-07-03
JELANI.VOSBERG,Jelani Vosberg,Jelani.Vosberg@BiTermTest.com,Enabled,Standard User,No,2020-06-29,2026-07-06
RENATA.DUONG,Renata Duong,Renata.Duong@BiTermTest.com,Enabled,Standard User,No,2017-08-16,2026-06-09
JKEITA,Jkeita,jkeita@bitermtest.com,Enabled,Read Only,No,2022-09-05,2025-11-24
NAYELI.FORSBERG,Nayeli Forsberg,Nayeli.Forsberg@BiTermTest.com,Enabled,Standard User,No,2019-05-06,2026-07-15
THABO.NOVIKOV,Thabo Novikov,Thabo.Novikov@BiTermTest.com,Enabled,Read Only,No,2025-06-10,2026-06-15
VOLKAN.MEKONNEN,Volkan Mekonnen,Volkan.Mekonnen@BiTermTest.com,Disabled,Standard User,No,2020-02-18,2026-07-21
NKAMINSKI,Nemanja Kaminski,Nemanja.Kaminski@BiTermTest.com,Enabled,Power User,No,2001-01-29,2026-07-18
LARS.FOFANA,Lars Fofana,Lars.Fofana@BiTermTest.com,Enabled,Standard User,No,2017-02-21,2026-07-12
GORKA.DESTA,Gorka Desta,Gorka.Desta@BiTermTest.com,Enabled,Standard User,No,2023-09-05,2026-06-17
MARISOL.BANERJEE,Marisol Banerjee,Marisol.Banerjee@BiTermTest.com,Enabled,Standard User,No,2022-02-11,2026-06-23
WSZYMANSKI,Wszymanski,wszymanski@bitermtest.com,Enabled,Service Account,Yes,2022-01-04,2026-01-05
SANNE.DESTA,Sanne Desta,Sanne.Desta@BiTermTest.com,Enabled,Standard User,No,2022-02-14,2026-06-17
OIHANE.AYDIN,Oihane Aydin,Oihane.Aydin@BiTermTest.com,Enabled,Standard User,No,2019-09-23,2026-06-29
FEMKE.BARAKA,Femke Baraka,Femke.Baraka@BiTermTest.com,Enabled,Power User,No,2019-02-18,2026-07-08
QASIM.GUPTA,Qasim Gupta,Qasim.Gupta@BiTermTest.com,Enabled,Standard User,No,2022-07-11,2026-06-27
ARJUN.IVANOV,Arjun Ivanov,Arjun.Ivanov@BiTermTest.com,Enabled,Standard User,No,2023-03-27,2026-07-12
CEM.CONTI,Cem Conti,Cem.Conti@BiTermTest.com,Enabled,Standard User,No,2005-01-04,2026-07-21
ADAEZE.DESHPANDE,Adaeze Deshpande,Adaeze.Deshpande@BiTermTest.com,Enabled,Standard User,No,2003-03-31,2026-06-25
GORKA.VOLKOV,Gorka Volkov,Gorka.Volkov@BiTermTest.com,Enabled,Standard User,No,2016-11-09,2026-07-08
ANAHI.GRECO,Anahi Greco,Anahi.Greco@BiTermTest.com,Enabled,Power User,No,2020-09-08,2026-07-02
IMIFSUD,Ines Mifsud,Ines.Mifsud@BiTermTest.com,Enabled,Read Only,No,2000-11-13,2026-06-09
RAFAEL.MAALOUF,Rafael Maalouf,Rafael.Maalouf@BiTermTest.com,Enabled,Standard User,No,2023-03-13,2026-07-09
SIPHO.DESTA,Sipho Desta,Sipho.Desta@BiTermTest.com,Enabled,Standard User,No,2020-03-02,2026-06-11
RASHIDA.NGO,Rashida Ngo,Rashida.Ngo@BiTermTest.com,Disabled,Standard User,No,2018-10-01,2026-07-20
LORENZO.DESHPANDE,Lorenzo Deshpande,Lorenzo.Deshpande@BiTermTest.com,Enabled,Administrator,Yes,2024-12-16,2026-07-05
SULEIMAN.ARSLAN,Suleiman Arslan,Suleiman.Arslan@BiTermTest.com,Enabled,Standard User,No,2018-12-26,2026-06-13
DENIZ.MEHTA,Deniz Mehta,Deniz.Mehta@BiTermTest.com,Enabled,Read Only,No,2018-02-26,2026-06-13
ANIKA.MEHTA,Anika Mehta,Anika.Mehta@BiTermTest.com,Enabled,Standard User,No,2025-08-18,2026-07-03
VANDANA.EGOROV,Vandana Egorov,Vandana.Egorov@BiTermTest.com,Enabled,Standard User,No,2010-06-28,2026-07-14
LINH.MALHOTRA,Linh Malhotra,Linh.Malhotra@BiTermTest.com,Enabled,Standard User,No,2003-03-17,2026-07-17
GITA.MEIJER,Gita Meijer,Gita.Meijer@BiTermTest.com,Enabled,Read Only,No,2023-07-17,2026-06-30
JISOO.ALMEIDA,Jisoo Almeida,Jisoo.Almeida@BiTermTest.com,Enabled,Read Only,No,2015-06-18,2026-06-21
ELZBIETA.AGARWAL,Elzbieta Agarwal,Elzbieta.Agarwal@BiTermTest.com,Disabled,Standard User,No,2011-11-07,2026-07-13
IVISSER,Ilya Visser,Ilya.Visser@BiTermTest.com,Enabled,Standard User,No,2008-06-23,2026-06-12
IAKSOY,Iker Aksoy,Iker.Aksoy@BiTermTest.com,Enabled,Standard User,No,2010-11-15,2026-06-22
RABEBE,Ren Abebe,Ren.Abebe@BiTermTest.com,Enabled,Standard User,No,2010-08-23,2026-07-21
ZAINAB.HORVAT,Zainab Horvat,Zainab.Horvat@BiTermTest.com,Enabled,Standard User,No,2020-06-29,2026-07-14
MEI.ESPOSITO,Mei Esposito,Mei.Esposito@BiTermTest.com,Enabled,Standard User,No,2015-03-02,2026-07-05
QNWOSU,Qasim Nwosu,Qasim.Nwosu@BiTermTest.com,Enabled,Standard User,No,1993-12-01,2026-06-30
GITA.VOSBERG,Gita Vosberg,Gita.Vosberg@BiTermTest.com,Enabled,Standard User,No,2018-09-19,2026-06-21
TEODORA.NOWAK,Teodora Nowak,Teodora.Nowak@BiTermTest.com,Enabled,Read Only,No,2024-10-21,2026-06-26
PARVIN.YILMAZ,Parvin Yilmaz,Parvin.Yilmaz@BiTermTest.com,Disabled,Standard User,No,2008-02-25,2026-06-23
LUCIA.OBIORA,Lucia Obiora,Lucia.Obiora@BiTermTest.com,Enabled,Standard User,No,2020-12-28,2026-06-28
PIOTR.MALHOTRA,Piotr Malhotra,Piotr.Malhotra@BiTermTest.com,Enabled,Read Only,No,2020-08-17,2026-06-30
ANAHI.DESTA,Anahi Desta,Anahi.Desta@BiTermTest.com,Enabled,Standard User,No,2018-11-26,2026-06-26
AGNIESZKA.HOANG,Agnieszka Hoang,Agnieszka.Hoang@BiTermTest.com,Enabled,Standard User,No,2017-02-20,2026-06-17
AMAIA.LINDQVIST,Amaia Lindqvist,Amaia.Lindqvist@BiTermTest.com,Enabled,Standard User,No,2016-05-30,2026-06-20
JELANI.AGARWAL,Jelani Agarwal,Jelani.Agarwal@BiTermTest.com,Enabled,Standard User,No,2025-07-25,2026-07-19
DIEGO.KRAWCZYK,Diego Krawczyk,Diego.Krawczyk@BiTermTest.com,Enabled,Standard User,No,2015-01-01,2026-06-09
SNASSAR,Suleiman Nassar,Suleiman.Nassar@BiTermTest.com,Disabled,Standard User,No,2004-04-05,2026-06-26
IPIOTROWSKI,Imani Piotrowski,Imani.Piotrowski@BiTermTest.com,Enabled,Administrator,Yes,1994-02-28,2026-06-08
PADRAIG.JOVANOVIC,Padraig Jovanovic,Padraig.Jovanovic@BiTermTest.com,Enabled,Standard User,No,2018-04-09,2026-07-16
FEMKE.HADDAD,Femke Haddad,Femke.Haddad@BiTermTest.com,Enabled,Standard User,No,2015-01-01,2026-06-18
AGNIESZKA.TEIXEIRA,Agnieszka Teixeira,Agnieszka.Teixeira@BiTermTest.com,Enabled,Administrator,Yes,2018-09-10,2026-06-25
LCHUKWU,Leila Chukwu,Leila.Chukwu@BiTermTest.com,Enabled,Standard User,No,2011-11-07,2026-06-27
MINH.BALOGUN,Minh Balogun,Minh.Balogun@BiTermTest.com,Enabled,Standard User,No,2025-11-10,2026-07-06
AVUONG,Andres Vuong,Andres.Vuong@BiTermTest.com,Enabled,Standard User,No,2005-08-10,2026-07-12
CITLALI.FERRARI,Citlali Ferrari,Citlali.Ferrari@BiTermTest.com,Enabled,Standard User,No,2007-01-12,2026-06-16
GITA.MAALOUF,Gita Maalouf,Gita.Maalouf@BiTermTest.com,Enabled,Administrator,Yes,2025-02-06,2026-06-25
NKURODA,Naledi Kuroda,Naledi.Kuroda@BiTermTest.com,Enabled,Standard User,No,2004-04-19,2026-07-01
Sanne.Chukwu,Sanne Chukwu,Sanne.Chukwu@BiTermTest.com,Enabled,Standard User,No,2024-05-13,2026-07-15
SIGRID.CARDOSO,Sigrid Cardoso,Sigrid.Cardoso@BiTermTest.com,Enabled,Standard User,No,2019-04-22,2026-06-28
ELEMMA,Elzbieta Lemma,Elzbieta.Lemma@BiTermTest.com,Enabled,Standard User,No,2000-04-10,2026-06-12
TKAYA,Tariq Kaya,Tariq.Kaya@BiTermTest.com,Enabled,Standard User,No,2007-08-27,2026-07-01
AINHOA.ALMEIDA,Ainhoa Almeida,Ainhoa.Almeida@BiTermTest.com,Enabled,Standard User,No,2003-04-07,2026-06-20
LORENZO.HOANG,Lorenzo Hoang,Lorenzo.Hoang@BiTermTest.com,Enabled,Standard User,No,2022-11-01,2026-06-22
MOLIVEIRA,Marisol Oliveira,Marisol.Oliveira@BiTermTest.com,Enabled,Standard User,No,2013-07-01,2026-06-22
TEODORA.MAALOUF,Teodora Maalouf,Teodora.Maalouf@BiTermTest.com,Enabled,Standard User,No,2021-02-22,2026-06-11
MOBIORA,Mateo Obiora,Mateo.Obiora@BiTermTest.com,Enabled,Administrator,Yes,2011-09-26,2026-07-16
DGIRMA,Diego Girma,Diego.Girma@BiTermTest.com,Enabled,Standard User,No,2004-11-29,2026-07-09
DIEGO.ARSLAN,Diego Arslan,Diego.Arslan@BiTermTest.com,Enabled,Standard User,No,2025-07-25,2026-06-11
IKER.DELUCA,Iker Deluca,Iker.Deluca@BiTermTest.com,Enabled,Standard User,No,2019-06-17,2025-11-30
QASIM.ENGSTROM,Qasim Engstrom,Qasim.Engstrom@BiTermTest.com,Enabled,Standard User,No,2021-02-10,2026-07-16
WBOSMAN,Willem Bosman,Willem.Bosman@BiTermTest.com,Enabled,Standard User,No,1989-03-06,2026-06-20
FENG.TITOV,Feng Titov,Feng.Titov@BiTermTest.com,Enabled,Standard User,No,2016-01-11,2026-07-07
HUONG.GRECH,Huong Grech,Huong.Grech@BiTermTest.com,Enabled,Standard User,No,2017-06-12,2026-07-16
ZDEVRIES,Zahra Devries,Zahra.Devries@BiTermTest.com,Enabled,Standard User,No,2011-03-14,2026-07-09
MATEO.SEO,Mateo Seo,Mateo.Seo@BiTermTest.com,Enabled,Administrator,Yes,2021-06-01,2026-06-28
ZAHRA.PETROVIC,Zahra Petrovic,Zahra.Petrovic@BiTermTest.com,Enabled,Standard User,No,2018-06-18,2026-07-22
ALESSANDRO.VANDENBERG,Alessandro Vandenberg,Alessandro.Vandenberg@BiTermTest.com,Enabled,Standard User,No,2015-01-01,2026-06-15
NMEHTA,Ngozi Mehta,Ngozi.Mehta@BiTermTest.com,Enabled,Standard User,No,1996-06-01,2026-06-12
Beatriz.Hoshino,Beatriz Hoshino,Beatriz.Hoshino@BiTermTest.com,Enabled,Read Only,No,2025-11-18,2026-07-12
TENOCH.VELLA,Tenoch Vella,Tenoch.Vella@BiTermTest.com,Enabled,Standard User,No,2024-09-23,2026-06-20
XNAKAMURA,Xnakamura,xnakamura@bitermtest.com,Enabled,Standard User,No,2022-08-17,2024-08-04
ESHAN.NDIAYE,Eshan Ndiaye,Eshan.Ndiaye@BiTermTest.com,Enabled,Standard User,No,2022-01-03,2026-07-03
JOVANA.MENON,Jovana Menon,Jovana.Menon@BiTermTest.com,Enabled,Standard User,No,2020-01-20,2026-07-02
ANGO,Aoife Ngo,Aoife.Ngo@BiTermTest.com,Enabled,Standard User,No,2009-11-09,2026-06-15
ROISIN.FERRARI,Roisin Ferrari,Roisin.Ferrari@BiTermTest.com,Enabled,Standard User,No,2024-08-01,2026-01-20
DALIA.NOVIKOV,Dalia Novikov,Dalia.Novikov@BiTermTest.com,Enabled,Standard User,No,2014-02-10,2026-06-29
TOMASZ.CAMILLERI,Tomasz Camilleri,Tomasz.Camilleri@BiTermTest.com,Enabled,Standard User,No,2019-09-03,2026-07-09
Teodora.Iyer,Teodora Iyer,Teodora.Iyer@BiTermTest.com,Enabled,Power User,No,2017-12-13,2026-07-05
OIHANE.LAI,Oihane Lai,Oihane.Lai@BiTermTest.com,Enabled,Read Only,No,2021-09-28,2026-07-08
IMANI.ARSLAN,Imani Arslan,,Enabled,Standard User,No,2024-01-16,2024-07-13
ELZBIETA.BARONE,Elzbieta Barone,Elzbieta.Barone@BiTermTest.com,Enabled,Read Only,No,2025-05-15,2026-06-24
JISOO.ZAMMIT,Jisoo Zammit,Jisoo.Zammit@BiTermTest.com,Enabled,Standard User,No,2020-11-09,2026-06-28
ELZBIETA.HORVAT,Elzbieta Horvat,Elzbieta.Horvat@BiTermTest.com,Enabled,Standard User,No,2006-07-20,2026-06-18
MTEIXEIRA,Minho Teixeira,Minho.Teixeira@BiTermTest.com,Enabled,Power User,No,2010-06-08,2026-07-07
GORKA.CELIK,Gorka Celik,Gorka.Celik@BiTermTest.com,Enabled,Power User,No,2018-04-16,2026-06-10
LTAKAHASHI,Lucia Takahashi,Lucia.Takahashi@BiTermTest.com,Enabled,Read Only,No,2012-04-30,2026-06-10
REN.IYER,Ren Iyer,Ren.Iyer@BiTermTest.com,Enabled,Standard User,No,2018-11-26,2026-06-23
ABAE,Aoife Bae,Aoife.Bae@BiTermTest.com,Enabled,Standard User,No,2011-12-05,2026-07-13
MARTA.PETROVIC,Marta Petrovic,Marta.Petrovic@BiTermTest.com,Enabled,Standard User,No,2023-02-06,2026-07-09
DENIZ.DEVRIES,Deniz Devries,Deniz.Devries@BiTermTest.com,Enabled,Standard User,No,2018-05-29,2026-07-04
MAIALEN.VOLKOV,Maialen Volkov,Maialen.Volkov@BiTermTest.com,Enabled,Standard User,No,2022-07-11,2026-07-02
ASEO,Adaeze Seo,Adaeze.Seo@BiTermTest.com,Enabled,Standard User,No,2000-01-04,2026-07-10
IGALEA,Igalea,,Enabled,Read Only,No,2023-10-07,2024-07-06
NEMANJA.FONSECA,Nemanja Fonseca,Nemanja.Fonseca@BiTermTest.com,Enabled,Standard User,No,2022-01-31,2026-06-12
RAFAEL.KURODA,Rafael Kuroda,Rafael.Kuroda@BiTermTest.com,Enabled,Power User,No,2015-01-01,2026-06-20
EMIFSUD,Eshan Mifsud,Eshan.Mifsud@BiTermTest.com,Enabled,Read Only,No,2010-03-15,2026-06-28
DTRAORE,Duc Traore,Duc.Traore@BiTermTest.com,Enabled,Standard User,No,2013-04-29,2026-06-13
ZAINAB.MAALOUF,Zainab Maalouf,Zainab.Maalouf@BiTermTest.com,Enabled,Power User,No,2022-02-28,2026-06-26
KAMAL.HOSHINO,Kamal Hoshino,Kamal.Hoshino@BiTermTest.com,Enabled,Standard User,No,2012-10-16,2026-07-13
Anahi.Kobayashi,Anahi Kobayashi,Anahi.Kobayashi@BiTermTest.com,Enabled,Standard User,No,2011-03-08,2026-06-24
NEREA.KAMINSKI,Nerea Kaminski,Nerea.Kaminski@BiTermTest.com,Enabled,Standard User,No,2022-06-13,2026-07-21
REN.CONTI,Ren Conti,Ren.Conti@BiTermTest.com,Enabled,Power User,No,2024-05-20,2026-07-20
PETRO.IYER,Petro Iyer,Petro.Iyer@BiTermTest.com,Enabled,Standard User,No,2020-03-02,2026-07-12
Piotr.Girma,Piotr Girma,Piotr.Girma@BiTermTest.com,Enabled,Standard User,No,2017-02-01,2026-07-12
VALENTINA.KIRIGAYA,Valentina Kirigaya,Valentina.Kirigaya@BiTermTest.com,Enabled,Read Only,No,2014-05-12,2026-06-25
AWOZNIAK,Adaeze Wozniak,Adaeze.Wozniak@BiTermTest.com,Enabled,Standard User,No,2003-10-06,2026-06-29
HAMID.KRAWCZYK,Hamid Krawczyk,Hamid.Krawczyk@BiTermTest.com,Enabled,Power User,No,2024-03-25,2026-06-16
ANDRES.VUONG,Andres Vuong,Andres.Vuong@BiTermTest.com,Enabled,Power User,No,2019-11-18,2026-06-27
MAIALEN.OBIORA,Maialen Obiora,Maialen.Obiora@BiTermTest.com,Enabled,Standard User,No,2016-10-17,2026-07-03
JOVANA.FOFANA,Jovana Fofana,Jovana.Fofana@BiTermTest.com,Enabled,Standard User,No,2025-08-25,2026-07-13
Roisin.Kowalski,Roisin Kowalski,Roisin.Kowalski@BiTermTest.com,Enabled,Standard User,No,2025-01-06,2026-06-17
YUSUF.UCHIDA,Yusuf Uchida,Yusuf.Uchida@BiTermTest.com,Enabled,Standard User,No,2012-01-03,2026-07-08
PRIYA.BEKELE,Priya Bekele,Priya.Bekele@BiTermTest.com,Disabled,Standard User,No,2015-01-01,2026-07-13
DENIZ.MULDER,Deniz Mulder,Deniz.Mulder@BiTermTest.com,Enabled,Standard User,No,2015-01-01,2026-07-21
Yaretzi.Arslan,Yaretzi Arslan,Yaretzi.Arslan@BiTermTest.com,Enabled,Standard User,No,2014-07-07,2026-07-04
THIAGO.DUONG,Thiago Duong,Thiago.Duong@BiTermTest.com,Enabled,Standard User,No,2011-06-06,2026-07-07
DMITRI.AMARI,Dmitri Amari,Dmitri.Amari@BiTermTest.com,Enabled,Standard User,No,2020-09-21,2026-06-26
PMEKONNEN,Parvin Mekonnen,Parvin.Mekonnen@BiTermTest.com,Enabled,Standard User,No,2010-06-14,2026-06-14
AOI.GRABOWSKI,Aoi Grabowski,Aoi.Grabowski@BiTermTest.com,Enabled,Power User,No,2024-11-11,2026-06-08
BJORN.KOCAK,Bjorn Kocak,Bjorn.Kocak@BiTermTest.com,Enabled,Power User,No,2018-08-06,2026-06-19
PIOTR.NOVAK,Piotr Novak,Piotr.Novak@BiTermTest.com,Enabled,Standard User,No,2025-08-18,2026-07-21
VOLKAN.KOCAK,Volkan Kocak,Volkan.Kocak@BiTermTest.com,Enabled,Standard User,No,2021-03-22,2026-07-06
DPHAM,Duc Pham,Duc.Pham@BiTermTest.com,Enabled,Standard User,No,2008-12-22,2026-06-27
ROHAN.RICCI,Rohan Ricci,Rohan.Ricci@BiTermTest.com,Enabled,Administrator,Yes,2024-11-18,2026-06-11
EMRE.PHAM,Emre Pham,Emre.Pham@BiTermTest.com,Enabled,Power User,No,2014-03-17,2026-07-19
OIHANE.MUKHERJEE,Oihane Mukherjee,Oihane.Mukherjee@BiTermTest.com,Enabled,Read Only,No,2025-02-06,2026-06-08
TKEITA,Thabo Keita,Thabo.Keita@BiTermTest.com,Enabled,Standard User,No,1997-05-26,2026-07-06
CHIDI.FERREIRA,Chidi Ferreira,Chidi.Ferreira@BiTermTest.com,Enabled,Standard User,No,2015-08-24,2026-07-16
YUSUF.UCHIDA,Yusuf Uchida,Yusuf.Uchida@BiTermTest.com,Enabled,Standard User,No,2025-05-05,2026-07-08
MVOLKOV,Maialen Volkov,Maialen.Volkov@BiTermTest.com,Enabled,Standard User,No,2009-12-18,2026-07-18
ZAHRA.MOROZOV,Zahra Morozov,Zahra.Morozov@BiTermTest.com,Enabled,Standard User,No,2023-04-03,2026-06-09
BAO.EGOROV,Bao Egorov,Bao.Egorov@BiTermTest.com,Enabled,Read Only,No,2019-02-25,2026-07-09
TRUNG.POLAT,Trung Polat,Trung.Polat@BiTermTest.com,Enabled,Standard User,No,2012-09-10,2026-07-16
VASIL.FARRUGIA,Vasil Farrugia,vasil.farrugia@bitermtest.com,Enabled,Standard User,No,2023-10-11,2024-10-24
Ren.Kwon,Ren Kwon,Ren.Kwon@BiTermTest.com,Enabled,Standard User,No,2017-06-26,2026-07-11
HUI.RIBEIRO,Hui Ribeiro,Hui.Ribeiro@BiTermTest.com,Enabled,Standard User,No,2021-10-11,2026-07-15
VTRAORE,Vtraore,vtraore@bitermtest.com,Enabled,Service Account,Yes,2022-01-16,2025-06-02
BMORETTI,Beatriz Moretti,Beatriz.Moretti@BiTermTest.com,Disabled,Read Only,No,2010-11-08,2026-06-22
JMULDER,Jovana Mulder,Jovana.Mulder@BiTermTest.com,Enabled,Administrator,Yes,2003-04-28,2026-06-26
LAZEVEDO,Lars Azevedo,Lars.Azevedo@BiTermTest.com,Enabled,Power User,No,2008-12-08,2026-07-11
NEMANJA.KAMINSKI,Nemanja Kaminski,Nemanja.Kaminski@BiTermTest.com,Enabled,Standard User,No,2022-12-09,2026-07-04
ANOUK.DEVRIES,Anouk Devries,Anouk.Devries@BiTermTest.com,Disabled,Standard User,No,2025-06-24,2026-07-18
Gita.Malhotra,Gita Malhotra,Gita.Malhotra@BiTermTest.com,Enabled,Standard User,No,2017-10-16,2026-06-09
SCAMILLERI,Siobhan Camilleri,Siobhan.Camilleri@BiTermTest.com,Enabled,Standard User,No,2014-03-31,2026-06-16
AGNIESZKA.OLIVEIRA,Agnieszka Oliveira,Agnieszka.Oliveira@BiTermTest.com,Enabled,Standard User,No,2020-02-24,2026-07-01
MGALEA,Mgalea,,Enabled,Power User,No,2022-11-17,2026-01-25
AGNIESZKA.BAE,Agnieszka Bae,Agnieszka.Bae@BiTermTest.com,Enabled,Standard User,No,2022-06-13,2026-06-23
JMUKHERJEE,Jelani Mukherjee,Jelani.Mukherjee@BiTermTest.com,Enabled,Standard User,No,2005-12-05,2026-06-15
NAOKO.DESAI,Naoko Desai,Naoko.Desai@BiTermTest.com,Enabled,Standard User,No,2006-07-26,2026-07-14
LARS.SAKAMOTO,Lars Sakamoto,Lars.Sakamoto@BiTermTest.com,Enabled,Standard User,No,2019-09-30,2026-06-16
TFOFANA,Tomasz Fofana,Tomasz.Fofana@BiTermTest.com,Enabled,Read Only,No,2013-03-06,2026-07-17
XIMENA.DEMIR,Ximena Demir,Ximena.Demir@BiTermTest.com,Enabled,Standard User,No,2015-01-20,2026-06-24
MARISOL.AMARI,Marisol Amari,Marisol.Amari@BiTermTest.com,Enabled,Standard User,No,2021-09-20,2026-07-21
BOGDAN.BAE,Bogdan Bae,Bogdan.Bae@BiTermTest.com,Enabled,Standard User,No,2015-12-14,2026-07-13
SPETROVIC,Spetrovic,spetrovic@bitermtest.com,Enabled,Standard User,No,2023-10-09,2024-09-15
RENATA.SANDBERG,Renata Sandberg,renata.sandberg@bitermtest.com,Enabled,Standard User,No,2023-08-19,2024-07-12
AMAIA.WATANABE,Amaia Watanabe,Amaia.Watanabe@BiTermTest.com,Enabled,Administrator,Yes,2001-10-12,2026-07-19
YUSUF.KAMINSKI,Yusuf Kaminski,Yusuf.Kaminski@BiTermTest.com,Enabled,Read Only,No,2019-07-08,2026-06-11
JANUSZ.SZYMANSKI,Janusz Szymanski,Janusz.Szymanski@BiTermTest.com,Enabled,Standard User,No,2022-03-21,2026-07-06
SIPHO.CARDOSO,Sipho Cardoso,Sipho.Cardoso@BiTermTest.com,Enabled,Power User,No,2020-03-16,2026-06-14
JELANI.BARBOSA,Jelani Barbosa,Jelani.Barbosa@BiTermTest.com,Enabled,Standard User,No,2025-12-29,2026-07-09
BASIM.DEMIR,Basim Demir,Basim.Demir@BiTermTest.com,Enabled,Standard User,No,2008-02-25,2026-07-22
HENRYK.FORSBERG,Henryk Forsberg,Henryk.Forsberg@BiTermTest.com,Enabled,Standard User,No,2016-12-05,2026-06-11
VOLKAN.KEBEDE,Volkan Kebede,Volkan.Kebede@BiTermTest.com,Enabled,Standard User,No,2016-04-11,2026-06-15
DECLAN.PILLAI,Declan Pillai,Declan.Pillai@BiTermTest.com,Enabled,Standard User,No,2025-08-19,2026-07-03
QFONSECA,Qfonseca2 User,QFonseca2@BiTermTest.com,Enabled,Standard User,No,2002-07-11,2026-06-27
MAITE.DAHLBERG,Maite Dahlberg,Maite.Dahlberg@BiTermTest.com,Enabled,Standard User,No,2016-04-11,2026-07-01
BJORN.OKONKWO,Bjorn Okonkwo,Bjorn.Okonkwo@BiTermTest.com,Enabled,Standard User,No,2014-03-10,2026-07-14
AMICALLEF,Anika Micallef,Anika.Micallef@BiTermTest.com,Enabled,Standard User,No,2008-07-14,2026-06-24
KDANG,Katya Dang,Katya.Dang@BiTermTest.com,Enabled,Read Only,No,2008-05-27,2026-06-30
YARETZI.BAE,Yaretzi Bae,Yaretzi.Bae@BiTermTest.com,Enabled,Administrator,Yes,2025-08-25,2026-07-21
ROHAN.MATSUDA,Rohan Matsuda,Rohan.Matsuda@BiTermTest.com,Enabled,Standard User,No,2018-08-06,2026-06-23
FERNANDA.MULDER,Fernanda Mulder,Fernanda.Mulder@BiTermTest.com,Enabled,Standard User,No,2015-05-04,2026-06-09
CILLIAN.CELIK,Cillian Celik,Cillian.Celik@BiTermTest.com,Enabled,Administrator,Yes,2021-11-08,2026-07-17
INES.MALHOTRA,Ines Malhotra,Ines.Malhotra@BiTermTest.com,Enabled,Standard User,No,2014-09-29,2026-06-19
MEERA.SAHIN,Meera Sahin,Meera.Sahin@BiTermTest.com,Enabled,Power User,No,2025-07-25,2026-07-11
ANDRES.VOLKOV,Andres Volkov,Andres.Volkov@BiTermTest.com,Enabled,Read Only,No,2016-03-29,2026-06-20
NARSLAN,Narslan,,Enabled,Standard User,No,2023-06-24,2024-08-24
ISOWANDE,Izaro Sowande,Izaro.Sowande@BiTermTest.com,Disabled,Power User,No,2009-08-17,2026-06-25
EKEBEDE,Eneko Kebede,Eneko.Kebede@BiTermTest.com,Enabled,Standard User,No,2002-06-10,2026-07-08
ANDRES.FUJIMOTO,Andres Fujimoto,Andres.Fujimoto@BiTermTest.com,Enabled,Standard User,No,2021-06-07,2026-07-10
DECLAN.IVANOV,Declan Ivanov,Declan.Ivanov@BiTermTest.com,Disabled,Standard User,No,2025-06-10,2026-06-11
KENJI.MULDER,Kenji Mulder,Kenji.Mulder@BiTermTest.com,Enabled,Standard User,No,1995-12-07,2026-07-17
ASTRID.MIFSUD,Astrid Mifsud,Astrid.Mifsud@BiTermTest.com,Enabled,Read Only,No,2025-05-13,2026-07-01
SANNE.DESTA,Sanne Desta,Sanne.Desta@BiTermTest.com,Enabled,Standard User,No,2024-06-10,2026-06-17
TEODORA.DIALLO,Teodora Diallo,Teodora.Diallo@BiTermTest.com,Enabled,Power User,No,2008-03-17,2026-06-14
CEM.DEKKER,Cem Dekker,Cem.Dekker@BiTermTest.com,Enabled,Standard User,No,2023-04-05,2026-07-10
ROHAN.CHUKWU,Rohan Chukwu,Rohan.Chukwu@BiTermTest.com,Enabled,Administrator,Yes,2012-07-30,2026-06-26
IWOZNIAK,Ilya Wozniak,Ilya.Wozniak@BiTermTest.com,Disabled,Standard User,No,2006-05-09,2026-06-30
TASANTE,Tasante,,Enabled,Service Account,Yes,2021-12-17,2024-07-30
YUKI.DESHPANDE,Yuki Deshpande,Yuki.Deshpande@BiTermTest.com,Disabled,Read Only,No,2021-07-13,2026-07-14
SEDA.BHATTACHARYA,Seda Bhattacharya,Seda.Bhattacharya@BiTermTest.com,Enabled,Administrator,Yes,2019-03-25,2026-06-15
MIVANOV,Minho Ivanov,Minho.Ivanov@BiTermTest.com,Enabled,Standard User,No,2005-12-05,2026-06-12
EAMON.DEKKER,Eamon Dekker,Eamon.Dekker@BiTermTest.com,Enabled,Standard User,No,2025-08-25,2026-07-16
LHAILE,Linh Haile,Linh.Haile@BiTermTest.com,Enabled,Standard User,No,2005-02-14,2026-06-09
TNWOSU,Thao Nwosu,Thao.Nwosu@BiTermTest.com,Enabled,Standard User,No,2013-08-05,2026-07-09
VALENTINA.MORETTI,Valentina Moretti,Valentina.Moretti@BiTermTest.com,Disabled,Power User,No,2024-11-11,2026-06-24
NAOKO.KIRIGAYA,Naoko Kirigaya,Naoko.Kirigaya@BiTermTest.com,Enabled,Standard User,No,2022-12-19,2026-07-03
NAYELI.OBIORA,Nayeli Obiora,Nayeli.Obiora@BiTermTest.com,Enabled,Standard User,No,2019-06-10,2026-06-25
MAIALEN.NDIAYE,Maialen Ndiaye,Maialen.Ndiaye@BiTermTest.com,Enabled,Standard User,No,2025-05-13,2026-07-18
RAFAEL.WOJCIK,Rafael Wojcik,Rafael.Wojcik@BiTermTest.com,Disabled,Read Only,No,2020-05-31,2026-07-22
YUKI.MOROZOV,Yuki Morozov,Yuki.Morozov@BiTermTest.com,Enabled,Standard User,No,2021-03-01,2026-06-09
Vandana.Lindqvist,Vandana Lindqvist,Vandana.Lindqvist@BiTermTest.com,Enabled,Standard User,No,2017-04-10,2026-07-13
AARSLAN,Aarslan,aarslan@bitermtest.com,Enabled,Read Only,No,2023-10-16,2025-05-09
IKER.SAXENA,Iker Saxena,Iker.Saxena@BiTermTest.com,Enabled,Read Only,No,2021-07-27,2026-07-02
TDUONG,Thiago Duong,Thiago.Duong@BiTermTest.com,Disabled,Standard User,No,2010-05-10,2026-06-17
ADEVRIES,Anahi Devries,Anahi.Devries@BiTermTest.com,Enabled,Administrator,Yes,1988-07-13,2026-07-15
EMRE.RAHAL,Emre Rahal,Emre.Rahal@BiTermTest.com,Enabled,Standard User,No,2025-05-15,2026-07-07
DUC.JEONG,Duc Jeong,Duc.Jeong@BiTermTest.com,Enabled,Standard User,No,2024-06-03,2026-07-20
TOMASZ.BARBOSA,Tomasz Barbosa,Tomasz.Barbosa@BiTermTest.com,Enabled,Read Only,No,2019-05-08,2026-06-16
DVARMA,Dvarma,dvarma@bitermtest.com,Enabled,Power User,No,2022-03-19,2026-01-14
YUKI.TRIVEDI,Yuki Trivedi,Yuki.Trivedi@BiTermTest.com,Enabled,Standard User,No,2022-01-10,2026-07-13
AOI.SLEIMAN,Aoi Sleiman,Aoi.Sleiman@BiTermTest.com,Enabled,Standard User,No,2023-02-20,2026-06-21
MARISOL.BUI,Marisol Bui,Marisol.Bui@BiTermTest.com,Enabled,Standard User,No,2023-08-30,2026-06-24
FGALLO,Feng Gallo,Feng.Gallo@BiTermTest.com,Enabled,Administrator,Yes,2003-05-05,2026-06-24
IRICCI,Iricci,iricci@bitermtest.com,Enabled,Standard User,No,2022-12-08,2026-05-22
LARS.AKSOY,Lars Aksoy,Lars.Aksoy@BiTermTest.com,Enabled,Standard User,No,2017-12-04,2026-07-02
LARS.MEIJER,Lars Meijer,Lars.Meijer@BiTermTest.com,Enabled,Read Only,No,2014-08-05,2026-07-18
MATTEO.PHAM,Matteo Pham,Matteo.Pham@BiTermTest.com,Enabled,Standard User,No,2019-09-09,2026-06-30
KAMAL.NDIAYE,Kamal Ndiaye,Kamal.Ndiaye@BiTermTest.com,Enabled,Standard User,No,2022-03-07,2026-06-27
Bao.Kilic,Bao Kilic,Bao.Kilic@BiTermTest.com,Enabled,Standard User,No,2017-03-27,2026-01-05
HUONG.WORKU,Huong Worku,Huong.Worku@BiTermTest.com,Enabled,Standard User,No,2024-02-12,2026-06-23
DIEGO.GIRMA,Diego Girma,Diego.Girma@BiTermTest.com,Enabled,Standard User,No,2020-07-13,2026-06-10
FEMI.DELUCA,Femi Deluca,Femi.Deluca@BiTermTest.com,Enabled,Standard User,No,2015-09-15,2026-07-01
MCHOPRA,Maialen Chopra,Maialen.Chopra@BiTermTest.com,Enabled,Power User,No,2010-02-02,2026-07-03
NAOKO.FERREIRA,Naoko Ferreira,Naoko.Ferreira@BiTermTest.com,Disabled,Standard User,No,2021-01-25,2026-06-22
IKER.SOWANDE,Iker Sowande,Iker.Sowande@BiTermTest.com,Enabled,Standard User,No,2020-09-15,2026-06-30
HARUTO.FUJIMOTO,Haruto Fujimoto,Haruto.Fujimoto@BiTermTest.com,Enabled,Administrator,Yes,2022-01-10,2026-06-30
GORKA.KHOURY,Gorka Khoury,Gorka.Khoury@BiTermTest.com,Enabled,Standard User,No,2025-08-19,2026-07-11
XOWUSU,Ximena Owusu,Ximena.Owusu@BiTermTest.com,Enabled,Administrator,Yes,2010-04-19,2026-07-15
TENOCH.HADDAD,Tenoch Haddad,Tenoch.Haddad@BiTermTest.com,Enabled,Power User,No,2024-12-09,2026-07-01
ENEKO.STOJANOVIC,Eneko Stojanovic,Eneko.Stojanovic@BiTermTest.com,Enabled,Standard User,No,2022-09-06,2026-06-23
CAMILA.NAKAMURA,Camila Nakamura,Camila.Nakamura@BiTermTest.com,Enabled,Read Only,No,2024-01-29,2026-06-21
THABO.KURODA,Thabo Kuroda,Thabo.Kuroda@BiTermTest.com,Enabled,Standard User,No,2025-05-13,2026-06-11
LAN.AMARI,Lan Amari,Lan.Amari@BiTermTest.com,Enabled,Standard User,No,2015-01-01,2026-07-18
MARTA.ADEYEMI,Marta Adeyemi,Marta.Adeyemi@BiTermTest.com,Enabled,Power User,No,2021-07-19,2026-07-06
MIKKEL.ATTARD,Mikkel Attard,Mikkel.Attard@BiTermTest.com,Enabled,Read Only,No,2026-02-27,2026-07-16
Rohan.Arslan,Rohan Arslan,Rohan.Arslan@BiTermTest.com,Enabled,Read Only,No,2023-05-15,2026-06-12
RASHIDA.BOATENG,Rashida Boateng,Rashida.Boateng@BiTermTest.com,Enabled,Standard User,No,2025-08-25,2026-07-10
YUSUF.FEDOROV,Yusuf Fedorov,Yusuf.Fedorov@BiTermTest.com,Enabled,Power User,No,2007-03-19,2026-07-18
NEMANJA.YOON,Nemanja Yoon,Nemanja.Yoon@BiTermTest.com,Enabled,Standard User,No,2015-01-01,2026-06-16
YUKI.NOWAK,Yuki Nowak,Yuki.Nowak@BiTermTest.com,Enabled,Standard User,No,2025-06-10,2026-07-10
ESHAN.ISHIKAWA,Eshan Ishikawa,Eshan.Ishikawa@BiTermTest.com,Enabled,Standard User,No,2015-03-02,2026-06-24
SAKURA.OBIORA,Sakura Obiora,Sakura.Obiora@BiTermTest.com,Enabled,Administrator,Yes,2014-10-22,2026-07-02
RFARRUGIA,Rafael Farrugia,Rafael.Farrugia@BiTermTest.com,Enabled,Standard User,No,1994-06-28,2026-06-08
SIPHO.NOVAK,Sipho Novak,Sipho.Novak@BiTermTest.com,Enabled,Standard User,No,2014-04-28,2026-06-19
MEERA.WOJCIK,Meera Wojcik,Meera.Wojcik@BiTermTest.com,Enabled,Standard User,No,2025-05-13,2026-07-06
LINH.AYDIN,Linh Aydin,Linh.Aydin@BiTermTest.com,Enabled,Read Only,No,2019-12-02,2026-06-08
THABO.HWANG,Thabo Hwang,Thabo.Hwang@BiTermTest.com,Enabled,Standard User,No,2014-11-06,2026-07-07
TEODORA.JANKOWSKI,Teodora Jankowski,Teodora.Jankowski@BiTermTest.com,Enabled,Power User,No,2025-08-19,2026-06-20
HYILMAZ,Hyilmaz,hyilmaz@bitermtest.com,Enabled,Service Account,Yes,2023-10-05,2024-05-14
KKIRIGAYA,Kkirigaya,kkirigaya@bitermtest.com,Enabled,Standard User,No,2023-06-27,2025-10-05
OKSANA.MENON,Oksana Menon,Oksana.Menon@BiTermTest.com,Enabled,Standard User,No,2014-06-16,2026-06-24
MIVANOV,Minho Ivanov,Minho.Ivanov@BiTermTest.com,Enabled,Standard User,No,2010-07-06,2026-06-12
TAO.CHATTERJEE,Tao Chatterjee,,Enabled,Read Only,No,2023-03-27,2024-09-24
RCAMARA,Rohan Camara,Rohan.Camara@BiTermTest.com,Enabled,Standard User,No,2013-12-02,2026-06-22
REN.ASLAN,Ren Aslan,Ren.Aslan@BiTermTest.com,Disabled,Read Only,No,2026-02-27,2026-07-13
OTEIXEIRA,Oksana Teixeira,Oksana.Teixeira@BiTermTest.com,Enabled,Read Only,No,2011-09-19,2026-06-14
YLINDQVIST,Yevhen Lindqvist,Yevhen.Lindqvist@BiTermTest.com,Enabled,Power User,No,2000-06-19,2026-06-18
RASHIDA.BAE,Rashida Bae,Rashida.Bae@BiTermTest.com,Enabled,Read Only,No,2022-02-21,2026-07-08
RENATA.DUONG,Renata Duong,Renata.Duong@BiTermTest.com,Enabled,Standard User,No,2013-08-22,2026-06-09
YNIKOLIC,Ynikolic,ynikolic@bitermtest.com,Enabled,Read Only,No,2022-12-20,2025-03-11
YAN.KRAWCZYK,Yan Krawczyk,Yan.Krawczyk@BiTermTest.com,Disabled,Standard User,No,2019-09-02,2026-06-11
OMORETTI,Omoretti1 User,OMoretti1@BiTermTest.com,Enabled,Standard User,No,2009-11-23,2026-06-28
VALENTINA.LUNDGREN,Valentina Lundgren,Valentina.Lundgren@BiTermTest.com,Enabled,Standard User,No,2021-12-13,2026-06-19
LUCIA.SAXENA,Lucia Saxena,Lucia.Saxena@BiTermTest.com,Enabled,Read Only,No,2020-10-26,2026-07-21
DCASSAR,Daan Cassar,Daan.Cassar@BiTermTest.com,Enabled,Standard User,No,2013-04-01,2026-06-13
MATTEO.PHAM,Matteo Pham,Matteo.Pham@BiTermTest.com,Enabled,Standard User,No,2025-11-03,2026-06-30
LARSLAN,Leila Arslan,Leila.Arslan@BiTermTest.com,Enabled,Administrator,Yes,2013-07-08,2026-06-24
Quang.Esposito,Quang Esposito,Quang.Esposito@BiTermTest.com,Enabled,Standard User,No,2016-05-09,2026-07-12
IKER.SAXENA,Iker Saxena,Iker.Saxena@BiTermTest.com,Enabled,Read Only,No,2019-10-21,2026-07-02
YDUONG,Yaretzi Duong,Yaretzi.Duong@BiTermTest.com,Enabled,Standard User,No,1999-12-27,2026-07-14
NAOKO.VISSER,Naoko Visser,Naoko.Visser@BiTermTest.com,Enabled,Power User,No,2021-04-13,2026-06-08
FMIFSUD,Feng Mifsud,Feng.Mifsud@BiTermTest.com,Enabled,Standard User,No,2011-04-01,2026-07-22
CITLALI.MORETTI,Citlali Moretti,Citlali.Moretti@BiTermTest.com,Enabled,Standard User,No,2024-09-09,2026-06-29
TENOCH.HOLMGREN,Tenoch Holmgren,Tenoch.Holmgren@BiTermTest.com,Enabled,Standard User,No,2016-02-01,2026-07-15
SAKURA.FUJIMOTO,Sakura Fujimoto,Sakura.Fujimoto@BiTermTest.com,Enabled,Read Only,No,2017-05-15,2026-07-03
FENG.SOWANDE,Feng Sowande,Feng.Sowande@BiTermTest.com,Enabled,Standard User,No,2015-01-01,2026-06-15
MATEO.ZAMMIT,Mateo Zammit,Mateo.Zammit@BiTermTest.com,Enabled,Standard User,No,2021-04-19,2026-07-16
JISOO.MORETTI,Jisoo Moretti,Jisoo.Moretti@BiTermTest.com,Enabled,Standard User,No,2016-03-01,2026-07-04
AMUKHERJEE,Aoi Mukherjee,Aoi.Mukherjee@BiTermTest.com,Enabled,Standard User,No,2012-02-29,2026-06-09
RENATA.ROSSI,Renata Rossi,Renata.Rossi@BiTermTest.com,Enabled,Read Only,No,2024-12-30,2026-06-10
FREJA.ATTARD,Freja Attard,Freja.Attard@BiTermTest.com,Enabled,Standard User,No,2021-07-15,2026-07-02
ESHAN.EZEANI,Eshan Ezeani,Eshan.Ezeani@BiTermTest.com,Enabled,Read Only,No,2024-04-08,2026-07-20
CHIDI.KIRIGAYA,Chidi Kirigaya,Chidi.Kirigaya@BiTermTest.com,Enabled,Standard User,No,2016-05-16,2026-06-22
PARVIN.AZEVEDO,Parvin Azevedo,Parvin.Azevedo@BiTermTest.com,Enabled,Standard User,No,2015-09-04,2026-07-15
AOIFE.NGO,Aoife Ngo,Aoife.Ngo@BiTermTest.com,Enabled,Standard User,No,2021-08-30,2026-07-19
BIANCA.SAKAMOTO,Bianca Sakamoto,Bianca.Sakamoto@BiTermTest.com,Enabled,Power User,No,2022-08-08,2026-06-25
MDESHPANDE,Mei Deshpande,Mei.Deshpande@BiTermTest.com,Enabled,Standard User,No,2011-03-21,2026-06-18
GORKA.EGOROV,Gorka Egorov,Gorka.Egorov@BiTermTest.com,Enabled,Standard User,No,2020-08-31,2026-07-05
HANA.NOVIKOV,Hana Novikov,Hana.Novikov@BiTermTest.com,Disabled,Standard User,No,2025-04-14,2026-07-22
ROHAN.NWOSU,Rohan Nwosu,Rohan.Nwosu@BiTermTest.com,Enabled,Standard User,No,2015-11-23,2026-07-02
BIANCA.DJORDJEVIC,Bianca Djordjevic,Bianca.Djordjevic@BiTermTest.com,Enabled,Standard User,No,2017-06-26,2026-06-21
ELZBIETA.DESTA,Elzbieta Desta,Elzbieta.Desta@BiTermTest.com,Enabled,Standard User,No,2025-05-15,2026-06-28
EAMON.ZIELINSKI,Eamon Zielinski,Eamon.Zielinski@BiTermTest.com,Enabled,Read Only,No,2025-04-07,2026-07-08
YAN.CELIK,Yan Celik,Yan.Celik@BiTermTest.com,Disabled,Standard User,No,2021-07-12,2026-07-22
EAMON.ALEMU,Eamon Alemu,Eamon.Alemu@BiTermTest.com,Enabled,Standard User,No,2015-02-23,2026-06-08
ZOFIA.FEDOROV,Zofia Fedorov,Zofia.Fedorov@BiTermTest.com,Enabled,Read Only,No,2024-09-09,2026-06-28
ASTRID.FOFANA,Astrid Fofana,Astrid.Fofana@BiTermTest.com,Enabled,Standard User,No,2007-07-12,2026-06-30
SATTARD,Seda Attard,Seda.Attard@BiTermTest.com,Enabled,Read Only,No,1998-05-12,2026-06-30
OMAR.AGARWAL,Omar Agarwal,Omar.Agarwal@BiTermTest.com,Enabled,Standard User,No,2022-04-11,2026-06-17
JEROEN.KURODA,Jeroen Kuroda,Jeroen.Kuroda@BiTermTest.com,Enabled,Read Only,No,2021-09-20,2026-06-16
ANAHI.KOBAYASHI,Anahi Kobayashi,Anahi.Kobayashi@BiTermTest.com,Enabled,Standard User,No,2020-01-13,2026-07-11
XIMENA.TRAORE,Ximena Traore,Ximena.Traore@BiTermTest.com,Enabled,Standard User,No,2007-11-05,2026-07-15
SANNE.PETROVIC,Sanne Petrovic,Sanne.Petrovic@BiTermTest.com,Enabled,Power User,No,2014-06-02,2026-06-25
ANIKA.KOCAK,Anika Kocak,Anika.Kocak@BiTermTest.com,Enabled,Read Only,No,2024-12-09,2026-06-22
BJORN.KURODA,Bjorn Kuroda,Bjorn.Kuroda@BiTermTest.com,Enabled,Standard User,No,2009-04-08,2026-07-22
DENIZ.DEVRIES,Deniz Devries,Deniz.Devries@BiTermTest.com,Enabled,Standard User,No,2024-05-28,2026-07-04
AOIFE.YILMAZ,Aoife Yilmaz,Aoife.Yilmaz@BiTermTest.com,Enabled,Standard User,No,2019-07-15,2026-06-16
MINH.TITOV,Minh Titov,Minh.Titov@BiTermTest.com,Disabled,Standard User,No,2025-06-30,2026-06-24
JOAO.YOON,Joao Yoon,Joao.Yoon@BiTermTest.com,Enabled,Read Only,No,2025-12-26,2026-06-08
MING.ENGSTROM,Ming Engstrom,Ming.Engstrom@BiTermTest.com,Enabled,Standard User,No,2024-09-16,2026-07-08
INES.JANKOWSKI,Ines Jankowski,Ines.Jankowski@BiTermTest.com,Enabled,Standard User,No,2015-01-01,2026-07-16
FEMI.DELUCA,Femi Deluca,Femi.Deluca@BiTermTest.com,Enabled,Standard User,No,2015-01-05,2026-07-01
KAMAL.BARAKA,Kamal Baraka,Kamal.Baraka@BiTermTest.com,Enabled,Administrator,Yes,2025-02-19,2026-07-14
TBARBOSA,Thiago Barbosa,Thiago.Barbosa@BiTermTest.com,Enabled,Read Only,No,2008-04-21,2026-07-02
SAKURA.OBIORA,Sakura Obiora,Sakura.Obiora@BiTermTest.com,Enabled,Administrator,Yes,2015-01-01,2026-07-02
ANAHI.CHUKWU,Anahi Chukwu,Anahi.Chukwu@BiTermTest.com,Enabled,Standard User,No,2017-05-01,2026-07-17
YAN.OBIORA,Yan Obiora,Yan.Obiora@BiTermTest.com,Enabled,Standard User,No,2025-10-20,2026-06-19
KAVITA.AFOLABI,Kavita Afolabi,Kavita.Afolabi@BiTermTest.com,Enabled,Standard User,No,2013-11-21,2026-07-20
MEERA.ROSSI,Meera Rossi,Meera.Rossi@BiTermTest.com,Enabled,Read Only,No,2016-06-27,2026-07-05
ALESSANDRO.FAKHOURY,Alessandro Fakhoury,Alessandro.Fakhoury@BiTermTest.com,Enabled,Standard User,No,2018-06-01,2026-07-18
VUCHIDA,Vandana Uchida,Vandana.Uchida@BiTermTest.com,Enabled,Standard User,No,2010-09-20,2026-07-03
ANAHI.CONTI,Anahi Conti,Anahi.Conti@BiTermTest.com,Enabled,Standard User,No,2024-10-07,2026-06-23
MILAN.BUI,Milan Bui,Milan.Bui@BiTermTest.com,Enabled,Standard User,No,2020-05-25,2026-06-29
MDAHLBERG,Maite Dahlberg,Maite.Dahlberg@BiTermTest.com,Enabled,Standard User,No,1998-06-29,2026-06-18
Nemanja.Duong,Nemanja Duong,Nemanja.Duong@BiTermTest.com,Enabled,Standard User,No,2015-01-01,2026-06-10
NGOZI.BARAKA,Ngozi Baraka,Ngozi.Baraka@BiTermTest.com,Enabled,Standard User,No,2023-01-03,2026-07-08
Lorenzo.Malhotra,Lorenzo Malhotra,Lorenzo.Malhotra@BiTermTest.com,Enabled,Standard User,No,2020-08-24,2026-06-14
TRUNG.NOVAK,Trung Novak,Trung.Novak@BiTermTest.com,Enabled,Standard User,No,2015-02-23,2026-07-17
DUC.NOVIKOV,Duc Novikov,Duc.Novikov@BiTermTest.com,Enabled,Power User,No,2023-03-20,2026-07-10
DRAGAN.REDDY,Dragan Reddy,Dragan.Reddy@BiTermTest.com,Enabled,Standard User,No,2021-01-04,2026-06-11
LARS.FOFANA,Lars Fofana,Lars.Fofana@BiTermTest.com,Enabled,Standard User,No,2016-01-05,2026-07-12
ILYA.WOZNIAK,Ilya Wozniak,Ilya.Wozniak@BiTermTest.com,Enabled,Standard User,No,2015-04-01,2026-07-07
SIPHO.CHOPRA,Sipho Chopra,Sipho.Chopra@BiTermTest.com,Enabled,Standard User,No,2025-04-07,2026-06-28
INES.FOFANA,Ines Fofana,Ines.Fofana@BiTermTest.com,Enabled,Standard User,No,2015-01-01,2026-06-17
REN.DESTA,Ren Desta,Ren.Desta@BiTermTest.com,Enabled,Read Only,No,2016-10-05,2026-07-13
YAN.VANDENBERG,Yan Vandenberg,Yan.Vandenberg@BiTermTest.com,Enabled,Standard User,No,2015-01-01,2026-07-03
REN.LAI,Ren Lai,Ren.Lai@BiTermTest.com,Enabled,Standard User,No,2023-03-27,2026-07-07
AGNIESZKA.HOANG,Agnieszka Hoang,Agnieszka.Hoang@BiTermTest.com,Enabled,Standard User,No,2017-10-02,2026-06-17
CUAUHTEMOC.EZEANI,Cuauhtemoc Ezeani,Cuauhtemoc.Ezeani@BiTermTest.com,Enabled,Standard User,No,2026-02-16,2026-07-04
XFERRARI,Xiu Ferrari,Xiu.Ferrari@BiTermTest.com,Enabled,Standard User,No,2000-01-17,2026-06-17
REN.DIALLO,Ren Diallo,Ren.Diallo@BiTermTest.com,Enabled,Standard User,No,2020-01-06,2026-07-22
KENJI.TESFAYE,Kenji Tesfaye,Kenji.Tesfaye@BiTermTest.com,Enabled,Power User,No,2020-02-17,2026-06-14
YUSUF.DESHPANDE,Yusuf Deshpande,Yusuf.Deshpande@BiTermTest.com,Enabled,Standard User,No,2026-03-02,2026-07-01
TAHIRA.SAKAMOTO,Tahira Sakamoto,Tahira.Sakamoto@BiTermTest.com,Enabled,Standard User,No,2014-07-14,2026-07-22
JELANI.BARBOSA,Jelani Barbosa,Jelani.Barbosa@BiTermTest.com,Enabled,Standard User,No,2016-08-22,2026-07-09
AMAIA.OHTANI,Amaia Ohtani,Amaia.Ohtani@BiTermTest.com,Enabled,Standard User,No,1999-08-30,2026-07-04
NEMANJA.NIKOLIC,Nemanja Nikolic,Nemanja.Nikolic@BiTermTest.com,Disabled,Administrator,Yes,2015-05-04,2026-06-27
CUAUHTEMOC.KAPOOR,Cuauhtemoc Kapoor,Cuauhtemoc.Kapoor@BiTermTest.com,Enabled,Read Only,No,2023-05-30,2026-06-08
AOIFE.NGO,Aoife Ngo,Aoife.Ngo@BiTermTest.com,Enabled,Standard User,No,2017-04-18,2026-07-19
ATRIVEDI,Arjun Trivedi,Arjun.Trivedi@BiTermTest.com,Enabled,Standard User,No,2012-06-04,2026-07-10
LALEH.BOATENG,Laleh Boateng,Laleh.Boateng@BiTermTest.com,Enabled,Read Only,No,2025-05-13,2026-06-08
JANUSZ.MIFSUD,Janusz Mifsud,Janusz.Mifsud@BiTermTest.com,Enabled,Standard User,No,2020-09-22,2026-07-22
RENATA.KOBAYASHI,Renata Kobayashi,Renata.Kobayashi@BiTermTest.com,Enabled,Standard User,No,2021-04-26,2026-06-29
VOLKAN.CHATTERJEE,Volkan Chatterjee,Volkan.Chatterjee@BiTermTest.com,Enabled,Standard User,No,2023-02-13,2026-07-16
ROISIN.ASLAN,Roisin Aslan,Roisin.Aslan@BiTermTest.com,Enabled,Standard User,No,2020-11-30,2026-07-08
CUAUHTEMOC.BARAKA,Cuauhtemoc Baraka,Cuauhtemoc.Baraka@BiTermTest.com,Enabled,Standard User,No,2022-04-14,2026-06-24
MARTA.ADEYEMI,Marta Adeyemi,Marta.Adeyemi@BiTermTest.com,Enabled,Power User,No,2011-11-28,2026-07-06
JOVANA.MULDER,Jovana Mulder,Jovana.Mulder@BiTermTest.com,Enabled,Read Only,No,2018-09-09,2026-07-22
YASMIN.WATANABE,Yasmin Watanabe,Yasmin.Watanabe@BiTermTest.com,Enabled,Standard User,No,2023-07-10,2026-06-27
MAHMOUD.DEMIR,Mahmoud Demir,Mahmoud.Demir@BiTermTest.com,Enabled,Standard User,No,2025-08-19,2026-07-21
BASIM.DEKKER,Basim Dekker,Basim.Dekker@BiTermTest.com,Enabled,Standard User,No,2021-11-16,2026-07-14
SEDA.FONSECA,Seda Fonseca,seda.fonseca@bitermtest.com,Enabled,Service Account,Yes,2023-10-13,2024-08-25
MARISOL.VISSER,Marisol Visser,Marisol.Visser@BiTermTest.com,Enabled,Read Only,No,2017-03-21,2026-07-02
Astrid.Mensah,Astrid Mensah,Astrid.Mensah@BiTermTest.com,Enabled,Standard User,No,2008-11-24,2026-07-14
ESHAN.RICCI,Eshan Ricci,Eshan.Ricci@BiTermTest.com,Enabled,Standard User,No,2019-03-04,2026-06-27
TEODORA.JANKOWSKI,Teodora Jankowski,Teodora.Jankowski@BiTermTest.com,Enabled,Power User,No,2025-02-06,2026-06-20
AINHOA.MICALLEF,Ainhoa Micallef,Ainhoa.Micallef@BiTermTest.com,Enabled,Standard User,No,2015-09-21,2026-07-11
AOI.KEBEDE,Aoi Kebede,Aoi.Kebede@BiTermTest.com,Enabled,Standard User,No,2022-01-24,2026-07-21
BALMEIDA,Balmeida,balmeida@bitermtest.com,Enabled,Administrator,Yes,2022-12-17,2024-11-17
BAZEVEDO,Bram Azevedo,Bram.Azevedo@BiTermTest.com,Enabled,Standard User,No,2017-09-25,2026-06-13
Amara.Rahal,Amara Rahal,Amara.Rahal@BiTermTest.com,Enabled,Standard User,No,2013-11-25,2026-07-22
AMAIA.ROSSI,Amaia Rossi,Amaia.Rossi@BiTermTest.com,Enabled,Standard User,No,2025-02-06,2026-07-03
GIULIA.MIFSUD,Giulia Mifsud,Giulia.Mifsud@BiTermTest.com,Enabled,Standard User,No,2026-02-27,2026-07-04
ESHAN.HOLMGREN,Eshan Holmgren,Eshan.Holmgren@BiTermTest.com,Enabled,Standard User,No,2005-11-07,2026-06-11
THAO.KOVAC,Thao Kovac,Thao.Kovac@BiTermTest.com,Enabled,Power User,No,2015-12-15,2026-07-03
HUONG.AYDIN,Huong Aydin,Huong.Aydin@BiTermTest.com,Enabled,Standard User,No,2023-06-12,2026-06-24
GORKA.RICCI,Gorka Ricci,Gorka.Ricci@BiTermTest.com,Enabled,Standard User,No,2020-03-02,2026-06-20
ADAEZE.KOCAK,Adaeze Kocak,Adaeze.Kocak@BiTermTest.com,Enabled,Standard User,No,2011-03-28,2026-06-14
YEVHEN.BHATTACHARYA,Yevhen Bhattacharya,Yevhen.Bhattacharya@BiTermTest.com,Enabled,Standard User,No,2024-11-18,2026-07-10
OKSANA.NWOSU,Oksana Nwosu,Oksana.Nwosu@BiTermTest.com,Disabled,Standard User,No,2017-07-10,2026-07-13
YEVHEN.BHATTACHARYA,Yevhen Bhattacharya,Yevhen.Bhattacharya@BiTermTest.com,Enabled,Standard User,No,2018-08-20,2026-07-10
WKAMINSKI,Wafa Kaminski,Wafa.Kaminski@BiTermTest.com,Enabled,Standard User,No,2007-04-30,2026-07-07
VOLKAN.ENGSTROM,Volkan Engstrom,Volkan.Engstrom@BiTermTest.com,Enabled,Standard User,No,2015-11-02,2026-07-11
PRIYA.NOVIKOV,Priya Novikov,Priya.Novikov@BiTermTest.com,Enabled,Read Only,No,2020-08-17,2026-06-18
TKHOURY,Tenoch Khoury,Tenoch.Khoury@BiTermTest.com,Enabled,Power User,No,2011-12-12,2026-06-29
KENJI.TESFAYE,Kenji Tesfaye,Kenji.Tesfaye@BiTermTest.com,Enabled,Power User,No,2015-12-15,2026-06-14
WAFA.FORSBERG,Wafa Forsberg,Wafa.Forsberg@BiTermTest.com,Enabled,Administrator,Yes,2016-08-08,2026-06-17
HENRYK.ABEBE,Henryk Abebe,Henryk.Abebe@BiTermTest.com,Enabled,Standard User,No,2019-07-09,2026-07-07
KAVITA.MORETTI,Kavita Moretti,Kavita.Moretti@BiTermTest.com,Enabled,Standard User,No,2018-11-26,2026-06-23
MARISOL.ORLOV,Marisol Orlov,Marisol.Orlov@BiTermTest.com,Enabled,Standard User,No,2024-07-22,2026-07-06
HENRYK.CHUKWU,Henryk Chukwu,Henryk.Chukwu@BiTermTest.com,Enabled,Standard User,No,2021-06-21,2026-07-01
MAITE.GALEA,Maite Galea,Maite.Galea@BiTermTest.com,Enabled,Administrator,Yes,2025-02-06,2026-06-18
NAOKO.FERREIRA,Naoko Ferreira,Naoko.Ferreira@BiTermTest.com,Disabled,Standard User,No,2015-09-08,2026-06-22
MGRECH,Marta Grech,Marta.Grech@BiTermTest.com,Enabled,Standard User,No,2012-11-26,2026-07-20
VALENTINA.SZYMANSKI,Valentina Szymanski,Valentina.Szymanski@BiTermTest.com,Enabled,Read Only,No,2019-05-20,2026-07-02
STRAORE,Soren Traore,Soren.Traore@BiTermTest.com,Disabled,Standard User,No,2010-05-24,2025-12-22
ESHAN.EZEANI,Eshan Ezeani,Eshan.Ezeani@BiTermTest.com,Enabled,Read Only,No,2017-05-10,2026-07-20
FVARMA,Freja Varma,Freja.Varma@BiTermTest.com,Enabled,Standard User,No,2005-06-13,2026-07-14
SAKURA.LEMMA,Sakura Lemma,Sakura.Lemma@BiTermTest.com,Enabled,Standard User,No,2023-10-09,2026-06-15
PBEKELE,Priya Bekele,Priya.Bekele@BiTermTest.com,Enabled,Read Only,No,2007-10-15,2026-06-25
TAO.TAKAHASHI,Tao Takahashi,Tao.Takahashi@BiTermTest.com,Disabled,Standard User,No,2024-11-18,2026-07-01
VALENTINA.JOVANOVIC,Valentina Jovanovic,Valentina.Jovanovic@BiTermTest.com,Enabled,Standard User,No,2018-02-12,2026-07-11
TARIQ.DELUCA,Tariq Deluca,Tariq.Deluca@BiTermTest.com,Enabled,Standard User,No,2008-01-28,2026-06-18
MPILLAI,Mateo Pillai,Mateo.Pillai@BiTermTest.com,Enabled,Standard User,No,1995-08-13,2026-07-03
CTRAORE,Cuauhtemoc Traore,Cuauhtemoc.Traore@BiTermTest.com,Enabled,Standard User,No,1991-07-01,2026-07-14
HUONG.VELLA,Huong Vella,Huong.Vella@BiTermTest.com,Enabled,Standard User,No,2016-02-15,2026-06-15
DECLAN.KURODA,Declan Kuroda,Declan.Kuroda@BiTermTest.com,Enabled,Standard User,No,2018-10-15,2026-07-12
MAITE.OHTANI,Maite Ohtani,Maite.Ohtani@BiTermTest.com,Enabled,Standard User,No,2023-02-07,2026-06-20
FEMI.RAHAL,Femi Rahal,Femi.Rahal@BiTermTest.com,Enabled,Power User,No,2015-01-01,2026-06-20
EMOROZOV,Eamon Morozov,Eamon.Morozov@BiTermTest.com,Enabled,Standard User,No,2012-05-14,2026-07-16
NIAMH.MIFSUD,Niamh Mifsud,Niamh.Mifsud@BiTermTest.com,Enabled,Standard User,No,2007-02-19,2026-07-08
XIU.JOSHI,Xiu Joshi,Xiu.Joshi@BiTermTest.com,Enabled,Power User,No,1995-07-01,2026-07-18
INES.KULKARNI,Ines Kulkarni,Ines.Kulkarni@BiTermTest.com,Enabled,Standard User,No,2021-05-17,2026-06-16
CILLIAN.OWUSU,Cillian Owusu,Cillian.Owusu@BiTermTest.com,Enabled,Standard User,No,2018-03-12,2026-07-03
XIMENA.TRIVEDI,Ximena Trivedi,Ximena.Trivedi@BiTermTest.com,Enabled,Standard User,No,2013-02-11,2026-06-16
THOANG,Thoang,thoang@bitermtest.com,Enabled,Service Account,Yes,2022-03-30,2024-07-29
AYLIN.BALOGUN,Aylin Balogun,Aylin.Balogun@BiTermTest.com,Enabled,Standard User,No,2022-08-01,2026-07-11
Minh.Titov,Minh Titov,Minh.Titov@BiTermTest.com,Enabled,Standard User,No,2015-12-09,2026-06-26
MMICALLEF,Minho Micallef,Minho.Micallef@BiTermTest.com,Enabled,Standard User,No,2005-08-11,2026-06-10
GORKA.SEO,Gorka Seo,Gorka.Seo@BiTermTest.com,Enabled,Standard User,No,2023-10-05,2026-06-24
ALESSANDRO.CHUKWU,Alessandro Chukwu,Alessandro.Chukwu@BiTermTest.com,Enabled,Standard User,No,2024-03-11,2026-07-18
BJORN.VOLKOV,Bjorn Volkov,Bjorn.Volkov@BiTermTest.com,Enabled,Standard User,No,2017-09-25,2026-06-17
EKEBEDE,Eneko Kebede,Eneko.Kebede@BiTermTest.com,Enabled,Standard User,No,1988-12-05,2026-07-08
CITLALI.KWON,Citlali Kwon,Citlali.Kwon@BiTermTest.com,Disabled,Standard User,No,2021-03-29,2026-06-23
DUC.DEVRIES,Duc Devries,Duc.Devries@BiTermTest.com,Enabled,Standard User,No,2023-04-20,2026-07-15
UKURODA,Umar Kuroda,Umar.Kuroda@BiTermTest.com,Enabled,Standard User,No,2008-10-06,2026-07-07
MPOLAT,Mpolat,,Enabled,Service Account,Yes,2022-10-12,2025-10-25
DKAYA,Duc Kaya,Duc.Kaya@BiTermTest.com,Enabled,Read Only,No,2000-04-03,2026-06-08
OMAR.VISSER,Omar Visser,Omar.Visser@BiTermTest.com,Enabled,Standard User,No,2012-06-18,2026-06-10
SIGRID.ARSLAN,Sigrid Arslan,Sigrid.Arslan@BiTermTest.com,Enabled,Power User,No,2015-02-17,2026-07-14
ESHAN.RICCI,Eshan Ricci,Eshan.Ricci@BiTermTest.com,Enabled,Standard User,No,2018-09-10,2026-06-27
ANIKA.KOCAK,Anika Kocak,Anika.Kocak@BiTermTest.com,Enabled,Read Only,No,2021-05-04,2026-06-22
FSANDBERG,Femke Sandberg,Femke.Sandberg@BiTermTest.com,Enabled,Standard User,No,2011-05-16,2026-06-10
ANWAR.PILLAI,Anwar Pillai,Anwar.Pillai@BiTermTest.com,Enabled,Power User,No,2025-12-26,2026-06-20
VALENTINA.SEO,Valentina Seo,Valentina.Seo@BiTermTest.com,Enabled,Standard User,No,2010-09-08,2026-07-02
BRAM.WOZNIAK,Bram Wozniak,Bram.Wozniak@BiTermTest.com,Enabled,Standard User,No,2022-01-10,2026-06-24
UMAR.PIOTROWSKI,Umar Piotrowski,Umar.Piotrowski@BiTermTest.com,Enabled,Power User,No,2025-05-13,2026-07-19
NEREA.VANDENBERG,Nerea Vandenberg,Nerea.Vandenberg@BiTermTest.com,Enabled,Standard User,No,2013-01-14,2026-07-18
AMARA.SAKAMOTO,Amara Sakamoto,Amara.Sakamoto@BiTermTest.com,Enabled,Power User,No,2014-01-20,2026-06-08
DMULDER,Duc Mulder,Duc.Mulder@BiTermTest.com,Enabled,Standard User,No,2012-05-21,2026-07-22
ADAEZE.BARAKA,Adaeze Baraka,Adaeze.Baraka@BiTermTest.com,Disabled,Standard User,No,2016-04-04,2026-07-04
SAKURA.MOROZOV,Sakura Morozov,Sakura.Morozov@BiTermTest.com,Enabled,Standard User,No,2019-04-15,2026-06-11
Nayeli.Azevedo,Nayeli Azevedo,Nayeli.Azevedo@BiTermTest.com,Enabled,Standard User,No,2011-09-26,2026-07-14
WILLEM.KURODA,Willem Kuroda,Willem.Kuroda@BiTermTest.com,Enabled,Standard User,No,2022-01-18,2026-07-07
VKULKARNI,Vandana Kulkarni,Vandana.Kulkarni@BiTermTest.com,Enabled,Standard User,No,2012-03-21,2026-07-03
MATEO.KWON,Mateo Kwon,Mateo.Kwon@BiTermTest.com,Enabled,Standard User,No,2022-07-05,2026-06-14
MARISOL.BUI,Marisol Bui,Marisol.Bui@BiTermTest.com,Enabled,Standard User,No,2021-08-12,2026-06-24
FARID.ISHIKAWA,Farid Ishikawa,Farid.Ishikawa@BiTermTest.com,Enabled,Standard User,No,2025-08-04,2026-07-13
THAO.VUONG,Thao Vuong,Thao.Vuong@BiTermTest.com,Enabled,Standard User,No,2021-10-19,2026-06-11
BOGDAN.ZAMMIT,Bogdan Zammit,Bogdan.Zammit@BiTermTest.com,Enabled,Power User,No,2014-05-19,2026-06-19
HMAZUR,Hui Mazur,Hui.Mazur@BiTermTest.com,Enabled,Read Only,No,1993-03-26,2026-06-10
IKULKARNI,Ines Kulkarni,Ines.Kulkarni@BiTermTest.com,Enabled,Read Only,No,2007-04-30,2026-07-13
AATTARD,Anwar Attard,Anwar.Attard@BiTermTest.com,Enabled,Standard User,No,2010-06-21,2026-06-16
UDOGAN,Umar Dogan,Umar.Dogan@BiTermTest.com,Enabled,Standard User,No,2010-04-19,2026-06-26
NHAILE,Niamh Haile,Niamh.Haile@BiTermTest.com,Enabled,Read Only,No,2009-05-18,2026-07-17
MEERA.SAHIN,Meera Sahin,Meera.Sahin@BiTermTest.com,Enabled,Power User,No,2011-05-16,2026-07-11
MIKKEL.MIFSUD,Mikkel Mifsud,Mikkel.Mifsud@BiTermTest.com,Enabled,Standard User,No,2020-03-09,2026-06-17
MEI.DEMIR,Mei Demir,Mei.Demir@BiTermTest.com,Enabled,Read Only,No,2016-08-29,2026-07-07
AMINA.FORSBERG,Amina Forsberg,Amina.Forsberg@BiTermTest.com,Enabled,Standard User,No,2015-01-01,2026-02-15
Seda.Barone,Seda Barone,Seda.Barone@BiTermTest.com,Enabled,Standard User,No,2016-08-15,2026-03-18
YEVHEN.STOJANOVIC,Yevhen Stojanovic,Yevhen.Stojanovic@BiTermTest.com,Enabled,Standard User,No,2025-12-26,2026-06-11
AOI.BANERJEE,Aoi Banerjee,Aoi.Banerjee@BiTermTest.com,Enabled,Standard User,No,2014-10-06,2026-07-06
ANAHI.CHUKWU,Anahi Chukwu,Anahi.Chukwu@BiTermTest.com,Enabled,Standard User,No,2019-02-04,2026-07-17
AMAIA.JANKOWSKI,Amaia Jankowski,Amaia.Jankowski@BiTermTest.com,Enabled,Read Only,No,2019-10-21,2026-06-10
yaretzi.kozlowski,Yaretzi Kozlowski,Yaretzi.Kozlowski@BiTermTest.com,Enabled,Standard User,No,2015-09-21,2026-07-03
XIOMARA.FAKHOURY,Xiomara Fakhoury,Xiomara.Fakhoury@BiTermTest.com,Disabled,Read Only,No,2016-12-05,2026-06-12
FARID.BANERJEE,Farid Banerjee,Farid.Banerjee@BiTermTest.com,Enabled,Standard User,No,1999-06-28,2026-06-11
LAN.NYSTROM,Lan Nystrom,Lan.Nystrom@BiTermTest.com,Disabled,Standard User,No,2025-10-27,2026-06-21
DRAGAN.MULDER,Dragan Mulder,Dragan.Mulder@BiTermTest.com,Enabled,Read Only,No,2024-08-19,2026-06-26
AGNIESZKA.JOVANOVIC,Agnieszka Jovanovic,Agnieszka.Jovanovic@BiTermTest.com,Enabled,Standard User,No,2019-12-04,2026-06-11
VOLKAN.KEBEDE,Volkan Kebede,Volkan.Kebede@BiTermTest.com,Enabled,Standard User,No,2025-03-10,2026-06-15
SANNE.IYER,Sanne Iyer,Sanne.Iyer@BiTermTest.com,Enabled,Standard User,No,2025-01-06,2026-06-18
TWISNIEWSKI,Twisniewski,,Enabled,Service Account,Yes,2023-04-20,2025-10-16
PRIYA.NOVIKOV,Priya Novikov,Priya.Novikov@BiTermTest.com,Enabled,Read Only,No,2013-11-11,2026-06-18
ARJUN.ALMEIDA,Arjun Almeida,Arjun.Almeida@BiTermTest.com,Enabled,Standard User,No,2021-11-01,2026-06-08
XIMENA.DEMIR,Ximena Demir,Ximena.Demir@BiTermTest.com,Enabled,Standard User,No,2020-01-06,2026-06-24
NHAILE,Niamh Haile,Niamh.Haile@BiTermTest.com,Enabled,Read Only,No,2005-08-15,2026-07-17
MARISOL.PETROVIC,Marisol Petrovic,Marisol.Petrovic@BiTermTest.com,Enabled,Standard User,No,2017-12-12,2026-06-23
AOIFE.STOJANOVIC,Aoife Stojanovic,Aoife.Stojanovic@BiTermTest.com,Enabled,Administrator,Yes,2025-12-29,2026-06-15
SOREN.ARSLAN,Soren Arslan,Soren.Arslan@BiTermTest.com,Enabled,Power User,No,2023-08-28,2026-07-07
GITA.OHTANI,Gita Ohtani,Gita.Ohtani@BiTermTest.com,Enabled,Standard User,No,2011-04-18,2026-07-10
DIEGO.BABIC,Diego Babic,Diego.Babic@BiTermTest.com,Enabled,Read Only,No,2023-03-27,2026-06-10
DIEGO.MOROZOV,Diego Morozov,Diego.Morozov@BiTermTest.com,Enabled,Standard User,No,2014-10-20,2026-06-18
THAO.KEITA,Thao Keita,Thao.Keita@BiTermTest.com,Enabled,Administrator,Yes,2006-04-24,2026-06-30
NZAMMIT,Niamh Zammit,Niamh.Zammit@BiTermTest.com,Enabled,Standard User,No,1998-06-15,2026-06-19
NAYELI.VOSBERG,Nayeli Vosberg,Nayeli.Vosberg@BiTermTest.com,Enabled,Power User,No,2023-06-12,2026-06-24
ILYA.KEBEDE,Ilya Kebede,Ilya.Kebede@BiTermTest.com,Enabled,Read Only,No,2021-10-18,2026-07-02
DIEGO.AKSOY,Diego Aksoy,Diego.Aksoy@BiTermTest.com,Enabled,Standard User,No,2024-04-15,2026-07-15
KOFI.HOANG,Kofi Hoang,Kofi.Hoang@BiTermTest.com,Enabled,Power User,No,2013-11-11,2026-07-07
ZWOJCIK,Zofia Wojcik,Zofia.Wojcik@BiTermTest.com,Enabled,Standard User,No,2009-05-26,2026-06-29
DBARONE,Deniz Barone,Deniz.Barone@BiTermTest.com,Enabled,Power User,No,1994-12-20,2026-07-20
PRIYA.RIBEIRO,Priya Ribeiro,Priya.Ribeiro@BiTermTest.com,Enabled,Standard User,No,2023-04-03,2026-06-21
GIULIA.MIFSUD,Giulia Mifsud,Giulia.Mifsud@BiTermTest.com,Enabled,Standard User,No,2019-08-12,2026-07-04
AINHOA.ALMEIDA,Ainhoa Almeida,Ainhoa.Almeida@BiTermTest.com,Enabled,Standard User,No,2024-05-22,2026-06-20
ZAHRA.BALOGUN,Zahra Balogun,Zahra.Balogun@BiTermTest.com,Enabled,Standard User,No,2017-12-11,2026-07-03
QUANG.AZEVEDO,Quang Azevedo,Quang.Azevedo@BiTermTest.com,Enabled,Read Only,No,2018-09-10,2026-06-14
ESHAN.EZEANI,Eshan Ezeani,Eshan.Ezeani@BiTermTest.com,Enabled,Read Only,No,2022-02-07,2026-07-20
LARS.TRIVEDI,Lars Trivedi,Lars.Trivedi@BiTermTest.com,Enabled,Standard User,No,2011-09-20,2026-06-17
DAAN.SANDBERG,Daan Sandberg,Daan.Sandberg@BiTermTest.com,Enabled,Standard User,No,2025-07-30,2026-07-16
NAOKO.TESFAYE,Naoko Tesfaye,Naoko.Tesfaye@BiTermTest.com,Enabled,Standard User,No,2014-02-03,2026-07-14
MWISNIEWSKI,Minh Wisniewski,Minh.Wisniewski@BiTermTest.com,Disabled,Standard User,No,2009-01-19,2026-06-29
ENEKO.STOJANOVIC,Eneko Stojanovic,Eneko.Stojanovic@BiTermTest.com,Enabled,Standard User,No,2019-05-13,2026-06-23
TEODORA.DIALLO,Teodora Diallo,Teodora.Diallo@BiTermTest.com,Enabled,Power User,No,2006-01-16,2026-06-14
CILLIAN.SALIBA,Cillian Saliba,Cillian.Saliba@BiTermTest.com,Enabled,Standard User,No,2014-09-29,2026-06-23
YUKI.NIKOLIC,Yuki Nikolic,Yuki.Nikolic@BiTermTest.com,Enabled,Standard User,No,2025-06-10,2026-07-19
BIANCA.KOWALSKI,Bianca Kowalski,Bianca.Kowalski@BiTermTest.com,Enabled,Standard User,No,2010-07-26,2026-07-07
SAKURA.HWANG,Sakura Hwang,Sakura.Hwang@BiTermTest.com,Enabled,Standard User,No,2017-04-17,2026-06-29
JAGARWAL,Jelani Agarwal,Jelani.Agarwal@BiTermTest.com,Enabled,Standard User,No,2006-09-25,2026-07-12
OIHANE.SOKOLOV,Oihane Sokolov,Oihane.Sokolov@BiTermTest.com,Disabled,Standard User,No,2023-01-25,2026-06-15
ANWAR.GRECH,Anwar Grech,Anwar.Grech@BiTermTest.com,Enabled,Standard User,No,2024-12-09,2026-07-21
LESPOSITO,Lucia Esposito,Lucia.Esposito@BiTermTest.com,Enabled,Standard User,No,2005-06-06,2026-06-16
FEMI.SAXENA,Femi Saxena,Femi.Saxena@BiTermTest.com,Enabled,Standard User,No,2025-02-06,2026-07-12
SANNE.TEIXEIRA,Sanne Teixeira,Sanne.Teixeira@BiTermTest.com,Enabled,Standard User,No,2023-03-01,2026-01-17
GORKA.GIRMA,Gorka Girma,Gorka.Girma@BiTermTest.com,Enabled,Standard User,No,1995-10-16,2026-06-24
OLEWANDOWSKI,Olewandowski,olewandowski@bitermtest.com,Enabled,Read Only,No,2022-06-07,2024-04-13
ALESSANDRO.CHUKWU,Alessandro Chukwu,Alessandro.Chukwu@BiTermTest.com,Enabled,Standard User,No,2025-08-25,2026-07-18
FMARINO,Femi Marino,Femi.Marino@BiTermTest.com,Enabled,Administrator,Yes,2009-07-06,2026-06-27
VALENTINA.GALEA,Valentina Galea,Valentina.Galea@BiTermTest.com,Enabled,Standard User,No,2011-05-11,2026-07-07
MARTA.WOJCIK,Marta Wojcik,Marta.Wojcik@BiTermTest.com,Enabled,Power User,No,2021-05-17,2026-06-26
CITLALI.ZAMMIT,Citlali Zammit,Citlali.Zammit@BiTermTest.com,Enabled,Standard User,No,2018-07-30,2026-06-24
Dragan.Dogan,Dragan Dogan,Dragan.Dogan@BiTermTest.com,Enabled,Power User,No,2017-03-15,2026-07-20
JING.MENON,Jing Menon,Jing.Menon@BiTermTest.com,Enabled,Administrator,Yes,2025-03-10,2026-06-13
CVELLA,Chidi Vella,Chidi.Vella@BiTermTest.com,Enabled,Standard User,No,2007-02-19,2026-06-09
TSAHIN,Trung Sahin,Trung.Sahin@BiTermTest.com,Enabled,Read Only,No,2009-10-27,2026-07-05
ADEVRIES,Ainhoa Devries,Ainhoa.Devries@BiTermTest.com,Enabled,Administrator,Yes,2007-01-22,2026-07-15
TRUNG.ZIELINSKI,Trung Zielinski,Trung.Zielinski@BiTermTest.com,Enabled,Administrator,Yes,2000-05-01,2026-06-18
YAN.VANDENBERG,Yan Vandenberg,Yan.Vandenberg@BiTermTest.com,Enabled,Standard User,No,2022-03-14,2026-07-03
NIKOLAI.FOFANA,Nikolai Fofana,Nikolai.Fofana@BiTermTest.com,Enabled,Standard User,No,2022-02-07,2026-07-01
BEATRIZ.KHOURY,Beatriz Khoury,Beatriz.Khoury@BiTermTest.com,Enabled,Standard User,No,2021-02-17,2026-06-08
ALESSANDRO.ENGSTROM,Alessandro Engstrom,Alessandro.Engstrom@BiTermTest.com,Enabled,Standard User,No,2015-04-27,2026-06-20
HUI.KOCAK,Hui Kocak,Hui.Kocak@BiTermTest.com,Enabled,Standard User,No,2019-03-18,2026-06-10
ARJUN.BALOGUN,Arjun Balogun,Arjun.Balogun@BiTermTest.com,Enabled,Standard User,No,2026-01-05,2026-06-14
BRAM.PILLAI,Bram Pillai,Bram.Pillai@BiTermTest.com,Enabled,Standard User,No,2025-02-19,2026-07-02
TEODORA.GALLO,Teodora Gallo,Teodora.Gallo@BiTermTest.com,Enabled,Administrator,Yes,2015-07-06,2026-07-13
NALEDI.MENON,Naledi Menon,Naledi.Menon@BiTermTest.com,Enabled,Standard User,No,2017-01-18,2026-07-18
RASHIDA.NGO,Rashida Ngo,Rashida.Ngo@BiTermTest.com,Disabled,Standard User,No,2024-04-08,2026-07-20
NAOKO.KIRIGAYA,Naoko Kirigaya,Naoko.Kirigaya@BiTermTest.com,Enabled,Standard User,No,2016-02-29,2026-07-03
HUI.RICCI,Hui Ricci,Hui.Ricci@BiTermTest.com,Disabled,Standard User,No,2019-09-23,2026-06-28
ELZBIETA.MATSUDA,Elzbieta Matsuda,Elzbieta.Matsuda@BiTermTest.com,Enabled,Standard User,No,2019-06-24,2026-06-29
DYOON,Daan Yoon,Daan.Yoon@BiTermTest.com,Enabled,Standard User,No,1999-03-18,2026-07-17
PIOTR.MAZUR,Piotr Mazur,Piotr.Mazur@BiTermTest.com,Enabled,Standard User,No,2023-08-14,2026-06-25
DUC.PHAM,Duc Pham,Duc.Pham@BiTermTest.com,Enabled,Standard User,No,2023-04-24,2026-07-10
Vandana.Forsberg,Vandana Forsberg,Vandana.Forsberg@BiTermTest.com,Enabled,Standard User,No,2015-04-13,2026-06-21
CMORETTI,Chidi Moretti,Chidi.Moretti@BiTermTest.com,Enabled,Standard User,No,2007-01-29,2026-06-29
DAAN.YOON,Daan Yoon,Daan.Yoon@BiTermTest.com,Enabled,Read Only,No,2025-05-02,2026-06-26
ZOFIA.ALMEIDA,Zofia Almeida,Zofia.Almeida@BiTermTest.com,Enabled,Standard User,No,2018-07-16,2026-06-19
HAMID.EZEANI,Hamid Ezeani,Hamid.Ezeani@BiTermTest.com,Enabled,Standard User,No,2020-01-06,2026-06-21
FIRUZA.OKONKWO,Firuza Okonkwo,Firuza.Okonkwo@BiTermTest.com,Enabled,Standard User,No,2018-05-29,2026-07-14
AOI.ASLAN,Aoi Aslan,Aoi.Aslan@BiTermTest.com,Enabled,Standard User,No,2015-09-02,2026-06-09
AGNIESZKA.MENON,Agnieszka Menon,agnieszka.menon@bitermtest.com,Enabled,Read Only,No,2022-08-18,2025-08-10
YASMIN.BAE,Yasmin Bae,Yasmin.Bae@BiTermTest.com,Enabled,Standard User,No,2022-03-21,2026-07-15
KOFI.OBIORA,Kofi Obiora,Kofi.Obiora@BiTermTest.com,Enabled,Standard User,No,2015-01-01,2026-07-19
DUC.MULDER,Duc Mulder,Duc.Mulder@BiTermTest.com,Enabled,Standard User,No,2012-01-09,2026-07-12
NEREA.UCHIDA,Nerea Uchida,Nerea.Uchida@BiTermTest.com,Enabled,Power User,No,2019-07-08,2026-06-16
NBEKELE,Nayeli Bekele,Nayeli.Bekele@BiTermTest.com,Enabled,Standard User,No,2008-10-20,2026-06-13
OMAR.AYDIN,Omar Aydin,Omar.Aydin@BiTermTest.com,Disabled,Standard User,No,2018-10-22,2026-07-13
ZDEVRIES,Zahra Devries,Zahra.Devries@BiTermTest.com,Enabled,Standard User,No,2012-12-03,2026-07-09
FJANKOWSKI,Femke Jankowski,Femke.Jankowski@BiTermTest.com,Enabled,Standard User,No,2013-08-12,2026-07-03
KVISSER,Kenji Visser,Kenji.Visser@BiTermTest.com,Enabled,Standard User,No,2008-09-08,2026-06-20
TEODORA.NOWAK,Teodora Nowak,Teodora.Nowak@BiTermTest.com,Enabled,Read Only,No,2024-10-14,2026-06-26
DAAN.TESFAYE,Daan Tesfaye,Daan.Tesfaye@BiTermTest.com,Enabled,Standard User,No,2024-04-02,2026-07-13
OMAR.BANERJEE,Omar Banerjee,Omar.Banerjee@BiTermTest.com,Disabled,Standard User,No,2015-01-01,2026-07-14
TFOFANA,Thao Fofana,Thao.Fofana@BiTermTest.com,Enabled,Read Only,No,1997-03-26,2026-07-17
JGRECH,Jing Grech,Jing.Grech@BiTermTest.com,Disabled,Standard User,No,1997-04-14,2026-07-19
DECLAN.PETROVIC,Declan Petrovic,Declan.Petrovic@BiTermTest.com,Enabled,Standard User,No,2019-09-23,2026-06-30
BASIM.TEIXEIRA,Basim Teixeira,Basim.Teixeira@BiTermTest.com,Enabled,Standard User,No,2024-10-01,2026-06-13
MIKKEL.HENDRIKS,Mikkel Hendriks,Mikkel.Hendriks@BiTermTest.com,Enabled,Standard User,No,2018-10-08,2026-07-03
AOI.VISSER,Aoi Visser,Aoi.Visser@BiTermTest.com,Enabled,Standard User,No,2020-09-21,2026-06-24
Tao.Orlov,Tao Orlov,Tao.Orlov@BiTermTest.com,Enabled,Power User,No,2017-04-10,2026-07-13
TOMASZ.JOSHI,Tomasz Joshi,Tomasz.Joshi@BiTermTest.com,Enabled,Read Only,No,2022-04-11,2026-07-05
ROISIN.KOZLOWSKI,Roisin Kozlowski,Roisin.Kozlowski@BiTermTest.com,Disabled,Standard User,No,2026-02-27,2026-07-16
ANDRES.VOLKOV,Andres Volkov,Andres.Volkov@BiTermTest.com,Enabled,Read Only,No,2024-08-12,2026-06-20
VANDANA.LINDQVIST,Vandana Lindqvist,Vandana.Lindqvist@BiTermTest.com,Enabled,Standard User,No,2020-08-10,2026-06-17
XOCHITL.CONTI,Xochitl Conti,Xochitl.Conti@BiTermTest.com,Enabled,Standard User,No,2025-11-03,2026-07-13
TRUNG.POLAT,Trung Polat,Trung.Polat@BiTermTest.com,Enabled,Standard User,No,2012-12-27,2026-07-16
SOREN.MAALOUF,Soren Maalouf,Soren.Maalouf@BiTermTest.com,Enabled,Standard User,No,2020-02-24,2026-06-29
FERNANDA.ZAMMIT,Fernanda Zammit,Fernanda.Zammit@BiTermTest.com,Enabled,Standard User,No,2020-09-08,2026-06-14
NIKOLAI.FAKHOURY,Nikolai Fakhoury,Nikolai.Fakhoury@BiTermTest.com,Enabled,Standard User,No,2025-06-09,2026-06-10
EBARONE,Elzbieta Barone,Elzbieta.Barone@BiTermTest.com,Enabled,Power User,No,2007-09-24,2026-06-28
TTRIVEDI,Tomasz Trivedi,Tomasz.Trivedi@BiTermTest.com,Enabled,Standard User,No,2009-09-28,2026-07-21
