account_id,display_name,email,account_status,app_role,privileged,created_date,last_login_date
MINHO.GRECO,Minho Greco,Minho.Greco@BiTermTest.com,Enabled,Standard User,No,2025-06-09,2026-07-20
AOI.MUKHERJEE,Aoi Mukherjee,Aoi.Mukherjee@BiTermTest.com,Enabled,Standard User,No,2025-06-02,2026-07-07
CUAUHTEMOC.HORVAT,Cuauhtemoc Horvat,Cuauhtemoc.Horvat@BiTermTest.com,Enabled,Standard User,No,2021-09-20,2026-06-14
INES.KULKARNI,Ines Kulkarni,Ines.Kulkarni@BiTermTest.com,Enabled,Standard User,No,2021-09-08,2026-06-24
EAMON.AYDIN,Eamon Aydin,Eamon.Aydin@BiTermTest.com,Enabled,Standard User,No,2021-09-07,2026-06-14
ROHAN.NWOSU,Rohan Nwosu,Rohan.Nwosu@BiTermTest.com,Enabled,Standard User,No,2021-09-07,2026-06-15
GORKA.MICALLEF,Gorka Micallef,Gorka.Micallef@BiTermTest.com,Enabled,Standard User,No,2021-09-06,2026-07-14
BASIM.POLAT,Basim Polat,Basim.Polat@BiTermTest.com,Enabled,Standard User,No,2021-09-01,2025-12-20
VALENTINA.LAI,Valentina Lai,Valentina.Lai@BiTermTest.com,Enabled,Standard User,No,2021-08-30,2026-06-26
IKER.CHOPRA,Iker Chopra,Iker.Chopra@BiTermTest.com,Enabled,Standard User,No,2021-08-24,2026-07-13
SULEIMAN.JEONG,Suleiman Jeong,Suleiman.Jeong@BiTermTest.com,Enabled,Standard User,No,2021-08-23,2026-07-08
THAO.MOROZOV,Thao Morozov,Thao.Morozov@BiTermTest.com,Enabled,Read Only,No,2021-08-23,2026-07-21
GORKA.IVANOV,Gorka Ivanov,Gorka.Ivanov@BiTermTest.com,Enabled,Standard User,No,2021-08-23,2026-07-13
VANDANA.ATTARD,Vandana Attard,Vandana.Attard@BiTermTest.com,Enabled,Standard User,No,2021-08-23,2026-07-11
MATTEO.SEO,Matteo Seo,Matteo.Seo@BiTermTest.com,Enabled,Standard User,No,2021-08-16,2026-07-13
ZAHRA.MICALLEF,Zahra Micallef,Zahra.Micallef@BiTermTest.com,Enabled,Standard User,No,2021-08-16,2026-06-26
FEMKE.JANKOWSKI,Femke Jankowski,Femke.Jankowski@BiTermTest.com,Enabled,Standard User,No,2021-08-16,2026-07-22
UMAR.HOSHINO,Umar Hoshino,Umar.Hoshino@BiTermTest.com,Enabled,Administrator,Yes,2021-08-12,2026-07-03
CUAUHTEMOC.PETROVIC,Cuauhtemoc Petrovic,Cuauhtemoc.Petrovic@BiTermTest.com,Enabled,Read Only,No,2021-08-10,2026-07-15
REN.BARONE,Ren Barone,Ren.Barone@BiTermTest.com,Enabled,Read Only,No,2021-08-09,2026-07-05
TOMASZ.CAMILLERI,Tomasz Camilleri,Tomasz.Camilleri@BiTermTest.com,Enabled,Standard User,No,2021-08-09,2026-07-06
Femi.Lai,Femi Lai,Femi.Lai@BiTermTest.com,Enabled,Standard User,No,2014-05-19,2026-06-22
Leila.Wojcik,Leila Wojcik,Leila.Wojcik@BiTermTest.com,Enabled,Administrator,Yes,2014-05-19,2026-07-01
Aoife.Aydin,Aoife Aydin,Aoife.Aydin@BiTermTest.com,Enabled,Standard User,No,2014-05-12,2026-07-10
Amara.Markovic,Amara Markovic,Amara.Markovic@BiTermTest.com,Enabled,Read Only,No,2014-05-05,2026-01-09
Femi.Krawczyk,Femi Krawczyk,Femi.Krawczyk@BiTermTest.com,Enabled,Standard User,No,2014-05-05,2026-06-14
AMINA.OWUSU,Amina Owusu,Amina.Owusu@BiTermTest.com,Enabled,Standard User,No,2014-05-01,2026-07-21
Citlali.Dahlberg,Citlali Dahlberg,Citlali.Dahlberg@BiTermTest.com,Enabled,Standard User,No,2014-04-25,2026-06-25
Yaretzi.Ishikawa,Yaretzi Ishikawa,Yaretzi.Ishikawa@BiTermTest.com,Enabled,Standard User,No,2014-04-14,2026-06-25
Renata.Mukherjee,Renata Mukherjee,Renata.Mukherjee@BiTermTest.com,Enabled,Read Only,No,2014-04-14,2026-07-11
CEM.BARONE,Cem Barone,Cem.Barone@BiTermTest.com,Enabled,Standard User,No,2014-04-03,2026-06-14
THABO.KEITA,Thabo Keita,Thabo.Keita@BiTermTest.com,Enabled,Standard User,No,2020-09-22,2026-06-23
SOREN.ABEBE,Soren Abebe,Soren.Abebe@BiTermTest.com,Enabled,Read Only,No,2020-09-15,2026-06-08
LARS.KAMINSKI,Lars Kaminski,Lars.Kaminski@BiTermTest.com,Enabled,Standard User,No,2020-09-14,2026-06-09
KATYA.NOVIKOV,Katya Novikov,Katya.Novikov@BiTermTest.com,Enabled,Power User,No,2020-09-14,2026-06-20
ANOUK.OZTURK,Anouk Ozturk,Anouk.Ozturk@BiTermTest.com,Enabled,Standard User,No,2020-09-08,2026-06-22
LAN.VOSBERG,Lan Vosberg,Lan.Vosberg@BiTermTest.com,Enabled,Administrator,Yes,2020-08-31,2026-06-24
ANIKA.NAKAMURA,Anika Nakamura,Anika.Nakamura@BiTermTest.com,Enabled,Standard User,No,2020-08-31,2026-01-18
JISOO.KOCAK,Jisoo Kocak,Jisoo.Kocak@BiTermTest.com,Disabled,Standard User,No,2020-08-31,2026-07-18
FREJA.VARMA,Freja Varma,Freja.Varma@BiTermTest.com,Enabled,Standard User,No,2020-08-24,2026-07-16
AYLIN.IYER,Aylin Iyer,Aylin.Iyer@BiTermTest.com,Enabled,Standard User,No,2020-08-24,2026-06-28
HENRYK.HOSHINO,Henryk Hoshino,Henryk.Hoshino@BiTermTest.com,Enabled,Standard User,No,2020-08-17,2026-06-26
DIEGO.NAKAMURA,Diego Nakamura,Diego.Nakamura@BiTermTest.com,Disabled,Standard User,No,2020-08-17,2026-06-14
ANWAR.KOBAYASHI,Anwar Kobayashi,Anwar.Kobayashi@BiTermTest.com,Enabled,Administrator,Yes,2020-08-17,2026-07-10
BOGDAN.FERREIRA,Bogdan Ferreira,Bogdan.Ferreira@BiTermTest.com,Enabled,Standard User,No,2020-08-17,2026-07-14
JOVANA.RIBEIRO,Jovana Ribeiro,Jovana.Ribeiro@BiTermTest.com,Enabled,Standard User,No,2020-08-17,2026-06-15
NBAE,Nayeli Bae,Nayeli.Bae@BiTermTest.com,Disabled,Administrator,Yes,2014-03-31,2026-07-15
Soren.Devries,Soren Devries,Soren.Devries@BiTermTest.com,Enabled,Administrator,Yes,2014-03-10,2026-06-11
TEODORA.MAALOUF,Teodora Maalouf,Teodora.Maalouf@BiTermTest.com,Enabled,Read Only,No,2014-03-03,2026-06-15
Iker.Lewandowski,Iker Lewandowski,Iker.Lewandowski@BiTermTest.com,Enabled,Administrator,Yes,2014-03-03,2026-06-16
Thao.Vuong,Thao Vuong,Thao.Vuong@BiTermTest.com,Enabled,Standard User,No,2014-03-03,2026-07-19
TRUNG.NOVAK,Trung Novak,Trung.Novak@BiTermTest.com,Disabled,Administrator,Yes,2014-02-25,2026-06-15
CHIDI.VELLA,Chidi Vella,Chidi.Vella@BiTermTest.com,Enabled,Standard User,No,2014-02-17,2026-07-08
TOMASZ.LEWANDOWSKI,Tomasz Lewandowski,Tomasz.Lewandowski@BiTermTest.com,Enabled,Standard User,No,2014-02-10,2026-06-26
XTITOV,Xiomara Titov,Xiomara.Titov@BiTermTest.com,Enabled,Standard User,No,2014-02-06,2026-06-27
DMITRI.TITOV,Dmitri Titov,Dmitri.Titov@BiTermTest.com,Enabled,Standard User,No,2014-02-03,2026-07-19
Linh.Borg,Linh Borg,Linh.Borg@BiTermTest.com,Enabled,Standard User,No,2014-01-27,2026-07-05
Eneko.Ivanov,Eneko Ivanov,Eneko.Ivanov@BiTermTest.com,Enabled,Standard User,No,2014-01-20,2026-07-04
Ilya.Dang,Ilya Dang,Ilya.Dang@BiTermTest.com,Enabled,Standard User,No,2014-01-13,2026-06-11
NFOFANA,Niamh Fofana,Niamh.Fofana@BiTermTest.com,Enabled,Standard User,No,2014-01-06,2026-07-20
Yaretzi.Aslan,Yaretzi Aslan,Yaretzi.Aslan@BiTermTest.com,Enabled,Standard User,No,2014-01-06,2026-06-18
DKURODA,Deniz Kuroda,Deniz.Kuroda@BiTermTest.com,Enabled,Standard User,No,2013-12-02,2026-06-28
Yasmin.Yamamoto,Yasmin Yamamoto,Yasmin.Yamamoto@BiTermTest.com,Enabled,Standard User,No,2013-11-25,2026-06-22
Naoko.Ghanem,Naoko Ghanem,Naoko.Ghanem@BiTermTest.com,Enabled,Standard User,No,2013-11-18,2026-07-13
Bao.Kilic,Bao Kilic,Bao.Kilic@BiTermTest.com,Enabled,Standard User,No,2013-11-11,2026-01-24
Bram.Engstrom,Bram Engstrom,Bram.Engstrom@BiTermTest.com,Enabled,Standard User,No,2013-11-11,2026-06-08
IMANI.BARONE,Imani Barone,Imani.Barone@BiTermTest.com,Enabled,Standard User,No,2013-09-27,2026-07-03
Qasim.Ricci,Qasim Ricci,Qasim.Ricci@BiTermTest.com,Enabled,Standard User,No,2013-09-25,2026-07-05
FENG.ROSSI,Feng Rossi,Feng.Rossi@BiTermTest.com,Enabled,Standard User,No,2013-09-16,2026-07-16
FFERREIRA,Feng Ferreira,Feng.Ferreira@BiTermTest.com,Enabled,Standard User,No,2013-09-09,2026-07-19
BZIELINSKI,Bianca Zielinski,Bianca.Zielinski@BiTermTest.com,Enabled,Standard User,No,2013-09-09,2026-06-14
AISHIKAWA,Anouk Ishikawa,Anouk.Ishikawa@BiTermTest.com,Enabled,Standard User,No,2013-09-03,2026-06-16
NIKOLAI.LEWANDOWSKI,Nikolai Lewandowski,Nikolai.Lewandowski@BiTermTest.com,Enabled,Read Only,No,2013-08-22,2026-07-03
SIVANOV,Sipho Ivanov,Sipho.Ivanov@BiTermTest.com,Enabled,Administrator,Yes,2013-08-22,2026-06-21
NORLOV,Naoko Orlov,Naoko.Orlov@BiTermTest.com,Enabled,Standard User,No,2013-08-12,2026-07-18
ZSZYMANSKI,Zahra Szymanski,Zahra.Szymanski@BiTermTest.com,Enabled,Standard User,No,2013-08-05,2026-06-27
LTAKAHASHI,Lucia Takahashi,Lucia.Takahashi@BiTermTest.com,Enabled,Standard User,No,2013-07-29,2026-06-29
YKAMINSKI,Yusuf Kaminski,Yusuf.Kaminski@BiTermTest.com,Enabled,Standard User,No,2013-07-29,2026-06-22
PCHATTERJEE,Parvin Chatterjee,Parvin.Chatterjee@BiTermTest.com,Enabled,Standard User,No,2013-07-29,2026-06-27
RASHIDA.NGO,Rashida Ngo,Rashida.Ngo@BiTermTest.com,Enabled,Read Only,No,2013-07-22,2026-06-26
RTITOV,Rafael Titov,Rafael.Titov@BiTermTest.com,Disabled,Read Only,No,2013-07-15,2026-07-06
JAXELSSON,Joao Axelsson,Joao.Axelsson@BiTermTest.com,Enabled,Power User,No,2013-07-15,2026-06-25
YGRABOWSKI,Yusuf Grabowski,Yusuf.Grabowski@BiTermTest.com,Enabled,Standard User,No,2013-07-08,2026-07-18
BKOVAC,Bao Kovac,Bao.Kovac@BiTermTest.com,Enabled,Standard User,No,2013-07-08,2026-07-04
AMUKHERJEE,Aylin Mukherjee,Aylin.Mukherjee@BiTermTest.com,Enabled,Standard User,No,2013-07-01,2026-06-23
KAMAL.NDIAYE,Kamal Ndiaye,Kamal.Ndiaye@BiTermTest.com,Enabled,Read Only,No,2013-06-28,2026-06-13
SKHOURY,Sanne Khoury,Sanne.Khoury@BiTermTest.com,Enabled,Standard User,No,2013-06-17,2026-06-13
EHORVAT,Elzbieta Horvat,Elzbieta.Horvat@BiTermTest.com,Disabled,Power User,No,2013-06-03,2026-06-19
NGALLO,Nemanja Gallo,Nemanja.Gallo@BiTermTest.com,Enabled,Standard User,No,2013-06-03,2026-07-09
TRAO,Teodora Rao,Teodora.Rao@BiTermTest.com,Enabled,Standard User,No,2013-05-28,2026-07-01
ROISIN.KWON,Roisin Kwon,Roisin.Kwon@BiTermTest.com,Enabled,Standard User,No,2013-05-21,2026-07-18
XDEMIR,Ximena Demir,Ximena.Demir@BiTermTest.com,Enabled,Standard User,No,2013-05-13,2026-07-02
BRAM.WOZNIAK,Bram Wozniak,Bram.Wozniak@BiTermTest.com,Enabled,Standard User,No,2013-05-08,2026-06-08
RYILMAZ,Renata Yilmaz,Renata.Yilmaz@BiTermTest.com,Enabled,Standard User,No,2013-04-29,2026-07-08
BMENON,Beatriz Menon,Beatriz.Menon@BiTermTest.com,Enabled,Read Only,No,2013-04-01,2026-06-11
GDANG,Gorka Dang,Gorka.Dang@BiTermTest.com,Enabled,Power User,No,2013-03-11,2026-07-14
LMAZUR,Leila Mazur,Leila.Mazur@BiTermTest.com,Enabled,Standard User,No,2013-03-06,2026-07-03
THAO.GALLO,Thao Gallo,Thao.Gallo@BiTermTest.com,Enabled,Standard User,No,2013-03-04,2026-06-27
OKEBEDE,Oihane Kebede,Oihane.Kebede@BiTermTest.com,Enabled,Standard User,No,2013-02-11,2026-06-19
CFORSBERG,Cuauhtemoc Forsberg,Cuauhtemoc.Forsberg@BiTermTest.com,Enabled,Standard User,No,2013-01-28,2026-07-13
XVISSER,Xiu Visser,Xiu.Visser@BiTermTest.com,Enabled,Standard User,No,2013-01-21,2026-06-08
Hui.Bekele,Hui Bekele,Hui.Bekele@BiTermTest.com,Enabled,Standard User,No,2013-01-14,2026-07-09
JANUSZ.JANKOWSKI,Janusz Jankowski,Janusz.Jankowski@BiTermTest.com,Enabled,Standard User,No,2013-01-02,2026-06-15
Matteo.Volkov,Matteo Volkov,Matteo.Volkov@BiTermTest.com,Enabled,Power User,No,2012-12-27,2026-06-22
AYILMAZ,Amaia Yilmaz,Amaia.Yilmaz@BiTermTest.com,Enabled,Standard User,No,2012-12-17,2026-06-29
YDESHPANDE,Yuki Deshpande,Yuki.Deshpande@BiTermTest.com,Enabled,Standard User,No,2012-12-03,2026-06-12
NKAMINSKI,Nemanja Kaminski,Nemanja.Kaminski@BiTermTest.com,Enabled,Standard User,No,2012-11-26,2026-07-19
RDEKKER,Rashida Dekker,Rashida.Dekker@BiTermTest.com,Enabled,Standard User,No,2012-11-26,2026-06-28
HMAZUR,Hui Mazur,Hui.Mazur@BiTermTest.com,Enabled,Administrator,Yes,2012-11-26,2026-07-22
MLAI,Milan Lai,Milan.Lai@BiTermTest.com,Enabled,Standard User,No,2012-11-05,2026-07-01
KKEBEDE,Kofi Kebede,Kofi.Kebede@BiTermTest.com,Disabled,Standard User,No,2012-11-02,2026-07-10
DUC.GRECH,Duc Grech,Duc.Grech@BiTermTest.com,Enabled,Standard User,No,2012-10-16,2026-06-21
BYAMAMOTO,Bogdan Yamamoto,Bogdan.Yamamoto@BiTermTest.com,Enabled,Read Only,No,2012-10-01,2026-07-09
JHENDRIKS,Joao Hendriks,Joao.Hendriks@BiTermTest.com,Enabled,Standard User,No,2012-09-17,2026-06-20
HARUTO.VUONG,Haruto Vuong,Haruto.Vuong@BiTermTest.com,Enabled,Standard User,No,2012-09-11,2026-07-10
MARISOL.HENDRIKS,Marisol Hendriks,Marisol.Hendriks@BiTermTest.com,Enabled,Standard User,No,2012-09-10,2026-07-09
DAAN.MULDER,Daan Mulder,Daan.Mulder@BiTermTest.com,Enabled,Standard User,No,2012-09-10,2026-07-07
MAITE.CHUKWU,Maite Chukwu,Maite.Chukwu@BiTermTest.com,Enabled,Read Only,No,2012-09-10,2026-07-11
LOTTE.NOVAK,Lotte Novak,Lotte.Novak@BiTermTest.com,Enabled,Standard User,No,2012-08-27,2026-07-11
Siobhan.Camilleri,Siobhan Camilleri,Siobhan.Camilleri@BiTermTest.com,Enabled,Standard User,No,2012-08-13,2026-07-22
FSANDBERG,Firuza Sandberg,Firuza.Sandberg@BiTermTest.com,Enabled,Standard User,No,2012-08-06,2026-06-25
YNOVAK,Yaretzi Novak,Yaretzi.Novak@BiTermTest.com,Enabled,Standard User,No,2012-07-30,2026-06-23
AMAIA.TRIVEDI,Amaia Trivedi,Amaia.Trivedi@BiTermTest.com,Enabled,Standard User,No,2012-07-30,2026-07-07
OKSANA.FARRUGIA,Oksana Farrugia,Oksana.Farrugia@BiTermTest.com,Enabled,Read Only,No,2023-02-07,2026-06-16
INGRID.OWUSU,Ingrid Owusu,Ingrid.Owusu@BiTermTest.com,Enabled,Standard User,No,2023-02-06,2026-06-20
YEVHEN.STOJANOVIC,Yevhen Stojanovic,Yevhen.Stojanovic@BiTermTest.com,Enabled,Standard User,No,2023-02-06,2026-06-15
KATYA.LEWANDOWSKI,Katya Lewandowski,Katya.Lewandowski@BiTermTest.com,Disabled,Standard User,No,2023-02-06,2026-06-27
BAO.EGOROV,Bao Egorov,Bao.Egorov@BiTermTest.com,Enabled,Standard User,No,2023-02-02,2026-06-19
AINHOA.WISNIEWSKI,Ainhoa Wisniewski,Ainhoa.Wisniewski@BiTermTest.com,Enabled,Power User,No,2025-05-19,2026-07-22
PARVIN.YILMAZ,Parvin Yilmaz,Parvin.Yilmaz@BiTermTest.com,Enabled,Standard User,No,2025-05-19,2026-06-27
SWISNIEWSKI,Suleiman Wisniewski,Suleiman.Wisniewski@BiTermTest.com,Enabled,Standard User,No,2025-05-11,2026-06-08
PRIYA.MIFSUD,Priya Mifsud,Priya.Mifsud@BiTermTest.com,Enabled,Standard User,No,2025-04-30,2026-07-19
BEATRIZ.MEIJER,Beatriz Meijer,Beatriz.Meijer@BiTermTest.com,Enabled,Standard User,No,2025-04-30,2026-07-20
FENG.FERREIRA,Feng Ferreira,Feng.Ferreira@BiTermTest.com,Enabled,Power User,No,2025-04-30,2026-07-20
REGOROV,Rashida Egorov,Rashida.Egorov@BiTermTest.com,Enabled,Standard User,No,2025-04-09,2026-07-06
NEREA.VUONG,Nerea Vuong,Nerea.Vuong@BiTermTest.com,Enabled,Standard User,No,2025-04-07,2026-07-04
SULEIMAN.OKONKWO,Suleiman Okonkwo,Suleiman.Okonkwo@BiTermTest.com,Enabled,Standard User,No,2025-04-04,2026-07-08
TAHIRA.VELLA,Tahira Vella,Tahira.Vella@BiTermTest.com,Enabled,Standard User,No,2025-03-31,2026-02-20
LORENZO.ROSSI,Lorenzo Rossi,Lorenzo.Rossi@BiTermTest.com,Enabled,Standard User,No,2025-03-24,2026-07-13
XIMENA.IYER,Ximena Iyer,Ximena.Iyer@BiTermTest.com,Enabled,Standard User,No,2025-03-10,2026-07-22
ROISIN.ZAMMIT,Roisin Zammit,Roisin.Zammit@BiTermTest.com,Enabled,Read Only,No,2025-03-10,2026-06-13
HUI.ISHIKAWA,Hui Ishikawa,Hui.Ishikawa@BiTermTest.com,Enabled,Standard User,No,2025-02-24,2026-06-21
CAMILA.NAKAMURA,Camila Nakamura,Camila.Nakamura@BiTermTest.com,Enabled,Standard User,No,2025-02-19,2026-07-10
RAFAEL.STOJANOVIC,Rafael Stojanovic,Rafael.Stojanovic@BiTermTest.com,Enabled,Standard User,No,2025-02-18,2026-06-15
YUSUF.FERRARI,Yusuf Ferrari,Yusuf.Ferrari@BiTermTest.com,Enabled,Read Only,No,2025-02-11,2026-06-13
MEI.LINDQVIST,Mei Lindqvist,Mei.Lindqvist@BiTermTest.com,Enabled,Read Only,No,2025-02-11,2026-06-14
MILAN.LAI,Milan Lai,Milan.Lai@BiTermTest.com,Enabled,Standard User,No,2025-02-11,2026-07-01
LEILA.DABROWSKI,Leila Dabrowski,Leila.Dabrowski@BiTermTest.com,Disabled,Standard User,No,2025-02-06,2026-06-17
WILLEM.FEDOROV,Willem Fedorov,Willem.Fedorov@BiTermTest.com,Enabled,Standard User,No,2025-02-06,2026-06-28
AMAIA.FONSECA,Amaia Fonseca,Amaia.Fonseca@BiTermTest.com,Enabled,Standard User,No,2023-01-30,2026-07-21
SULEIMAN.TITOV,Suleiman Titov,Suleiman.Titov@BiTermTest.com,Enabled,Power User,No,2023-01-23,2026-07-14
HUONG.CARDOSO,Huong Cardoso,Huong.Cardoso@BiTermTest.com,Enabled,Standard User,No,2023-01-23,2026-06-17
NGOZI.MARINO,Ngozi Marino,Ngozi.Marino@BiTermTest.com,Enabled,Power User,No,2023-01-23,2026-06-21
SOREN.FUJIMOTO,Soren Fujimoto,Soren.Fujimoto@BiTermTest.com,Enabled,Standard User,No,2023-01-10,2026-06-27
TAHIRA.VELLA,Tahira Vella,Tahira.Vella@BiTermTest.com,Enabled,Standard User,No,2023-01-03,2026-02-20
ALESSANDRO.ENGSTROM,Alessandro Engstrom,Alessandro.Engstrom@BiTermTest.com,Enabled,Power User,No,2022-12-19,2026-07-06
THABO.HWANG,Thabo Hwang,Thabo.Hwang@BiTermTest.com,Enabled,Administrator,Yes,2022-12-19,2026-06-22
ROHAN.ORLOV,Rohan Orlov,Rohan.Orlov@BiTermTest.com,Enabled,Administrator,Yes,2022-12-09,2026-06-22
BAO.VELLA,Bao Vella,Bao.Vella@BiTermTest.com,Enabled,Standard User,No,2022-12-09,2026-07-15
BRAM.DUONG,Bram Duong,Bram.Duong@BiTermTest.com,Enabled,Read Only,No,2019-12-02,2026-06-25
YARETZI.MEKONNEN,Yaretzi Mekonnen,Yaretzi.Mekonnen@BiTermTest.com,Enabled,Standard User,No,2019-12-02,2026-07-11
CAMILA.GHANEM,Camila Ghanem,Camila.Ghanem@BiTermTest.com,Disabled,Standard User,No,2019-12-02,2026-07-13
NAOKO.ORLOV,Naoko Orlov,Naoko.Orlov@BiTermTest.com,Enabled,Read Only,No,2019-11-25,2026-06-13
VANDANA.EGOROV,Vandana Egorov,Vandana.Egorov@BiTermTest.com,Enabled,Standard User,No,2019-11-25,2026-06-10
JANUSZ.ISHIKAWA,Janusz Ishikawa,Janusz.Ishikawa@BiTermTest.com,Enabled,Standard User,No,2019-11-18,2026-07-05
AMINA.SEO,Amina Seo,Amina.Seo@BiTermTest.com,Enabled,Standard User,No,2019-11-11,2026-07-07
REN.BARONE,Ren Barone,Ren.Barone@BiTermTest.com,Enabled,Read Only,No,2019-11-04,2026-07-05
INES.KULKARNI,Ines Kulkarni,Ines.Kulkarni@BiTermTest.com,Enabled,Standard User,No,2019-11-04,2026-06-24
OMAR.AYDIN,Omar Aydin,Omar.Aydin@BiTermTest.com,Enabled,Power User,No,2019-11-04,2026-06-29
JOVANA.BOATENG,Jovana Boateng,Jovana.Boateng@BiTermTest.com,Enabled,Standard User,No,2019-10-28,2026-07-08
YUSUF.NOVAK,Yusuf Novak,Yusuf.Novak@BiTermTest.com,Enabled,Standard User,No,2017-11-27,2026-07-05
TRUNG.FERREIRA,Trung Ferreira,Trung.Ferreira@BiTermTest.com,Enabled,Power User,No,2017-10-23,2026-06-19
Elzbieta.Agarwal,Elzbieta Agarwal,Elzbieta.Agarwal@BiTermTest.com,Enabled,Power User,No,2017-10-16,2026-06-11
Teodora.Horvat,Teodora Horvat,Teodora.Horvat@BiTermTest.com,Enabled,Standard User,No,2017-10-10,2026-06-11
WAFA.TITOV,Wafa Titov,Wafa.Titov@BiTermTest.com,Enabled,Power User,No,2017-10-02,2026-07-12
BLUNDGREN,Bram Lundgren,Bram.Lundgren@BiTermTest.com,Enabled,Standard User,No,2017-09-25,2026-07-07
QNOVIKOV,Qasim Novikov,Qasim.Novikov@BiTermTest.com,Enabled,Standard User,No,2017-09-18,2026-07-01
Kenji.Cardoso,Kenji Cardoso,Kenji.Cardoso@BiTermTest.com,Enabled,Standard User,No,2017-08-28,2026-07-06
Zofia.Kirigaya,Zofia Kirigaya,Zofia.Kirigaya@BiTermTest.com,Enabled,Administrator,Yes,2017-08-16,2026-07-20
VANDANA.SALIBA,Vandana Saliba,Vandana.Saliba@BiTermTest.com,Enabled,Standard User,No,2017-07-24,2026-07-14
MARTA.SEO,Marta Seo,Marta.Seo@BiTermTest.com,Enabled,Standard User,No,2017-07-24,2026-01-19
Ming.Saliba,Ming Saliba,Ming.Saliba@BiTermTest.com,Enabled,Standard User,No,2017-07-10,2026-06-11
ANAHI.VANDENBERG,Anahi Vandenberg,Anahi.Vandenberg@BiTermTest.com,Enabled,Power User,No,2017-07-10,2026-02-27
NAYELI.PHAM,Nayeli Pham,Nayeli.Pham@BiTermTest.com,Enabled,Standard User,No,2017-06-26,2026-06-30
VASIL.ASLAN,Vasil Aslan,Vasil.Aslan@BiTermTest.com,Enabled,Administrator,Yes,2017-06-19,2026-06-25
MAIALEN.BARBOSA,Maialen Barbosa,Maialen.Barbosa@BiTermTest.com,Enabled,Standard User,No,2017-06-15,2026-06-14
FIRUZA.SOWANDE,Firuza Sowande,Firuza.Sowande@BiTermTest.com,Enabled,Read Only,No,2017-06-12,2026-06-09
Huong.Worku,Huong Worku,Huong.Worku@BiTermTest.com,Enabled,Standard User,No,2017-06-12,2026-07-19
LOTTE.MALHOTRA,Lotte Malhotra,Lotte.Malhotra@BiTermTest.com,Enabled,Standard User,No,2017-05-22,2026-07-17
SIOBHAN.BANERJEE,Siobhan Banerjee,Siobhan.Banerjee@BiTermTest.com,Enabled,Standard User,No,2017-05-17,2026-06-29
Chidi.Chukwu,Chidi Chukwu,Chidi.Chukwu@BiTermTest.com,Enabled,Power User,No,2017-05-01,2026-06-23
MILAN.KULKARNI,Milan Kulkarni,Milan.Kulkarni@BiTermTest.com,Enabled,Standard User,No,2017-05-01,2026-06-19
JOAO.VELLA,Joao Vella,Joao.Vella@BiTermTest.com,Enabled,Standard User,No,2017-05-01,2026-07-14
Nayeli.Azevedo,Nayeli Azevedo,Nayeli.Azevedo@BiTermTest.com,Enabled,Administrator,Yes,2017-05-01,2026-06-15
AMINA.FEDOROV,Amina Fedorov,Amina.Fedorov@BiTermTest.com,Enabled,Standard User,No,2017-04-24,2026-06-20
SIGRID.BOATENG,Sigrid Boateng,Sigrid.Boateng@BiTermTest.com,Enabled,Standard User,No,2017-04-18,2026-06-10
MAHMOUD.ENGSTROM,Mahmoud Engstrom,Mahmoud.Engstrom@BiTermTest.com,Disabled,Standard User,No,2017-04-17,2026-07-18
CHIARA.ARSLAN,Chiara Arslan,Chiara.Arslan@BiTermTest.com,Enabled,Standard User,No,2017-04-10,2026-07-18
Rafael.Worku,Rafael Worku,Rafael.Worku@BiTermTest.com,Enabled,Standard User,No,2017-04-10,2026-07-14
QUANG.MULDER,Quang Mulder,Quang.Mulder@BiTermTest.com,Enabled,Read Only,No,2017-04-10,2026-07-11
Maite.Galea,Maite Galea,Maite.Galea@BiTermTest.com,Enabled,Standard User,No,2017-04-10,2026-07-15
ITZEL.MARKOVIC,Itzel Markovic,Itzel.Markovic@BiTermTest.com,Enabled,Standard User,No,2017-04-03,2026-07-15
TAO.TAKAHASHI,Tao Takahashi,Tao.Takahashi@BiTermTest.com,Enabled,Read Only,No,2017-04-03,2026-07-10
Feng.Gallo,Feng Gallo,Feng.Gallo@BiTermTest.com,Enabled,Standard User,No,2017-03-31,2026-06-15
Jovana.Nair,Jovana Nair,Jovana.Nair@BiTermTest.com,Enabled,Read Only,No,2017-03-27,2026-03-08
Janusz.Ferrari,Janusz Ferrari,Janusz.Ferrari@BiTermTest.com,Enabled,Read Only,No,2017-03-27,2026-06-25
NEREA.UCHIDA,Nerea Uchida,Nerea.Uchida@BiTermTest.com,Enabled,Read Only,No,2017-03-27,2026-06-18
BJORN.DESAI,Bjorn Desai,Bjorn.Desai@BiTermTest.com,Enabled,Standard User,No,2017-03-21,2026-07-19
AOI.ASLAN,Aoi Aslan,Aoi.Aslan@BiTermTest.com,Enabled,Standard User,No,2021-07-27,2026-07-12
LOTTE.FERREIRA,Lotte Ferreira,Lotte.Ferreira@BiTermTest.com,Enabled,Standard User,No,2021-07-26,2026-06-24
AMARA.MARKOVIC,Amara Markovic,Amara.Markovic@BiTermTest.com,Enabled,Standard User,No,2021-07-20,2025-12-02
THIAGO.MALHOTRA,Thiago Malhotra,Thiago.Malhotra@BiTermTest.com,Enabled,Read Only,No,2021-07-19,2026-06-10
VOLKAN.ESPOSITO,Volkan Esposito,Volkan.Esposito@BiTermTest.com,Enabled,Standard User,No,2021-07-19,2026-06-27
INES.SOKOLOV,Ines Sokolov,Ines.Sokolov@BiTermTest.com,Enabled,Standard User,No,2021-07-19,2026-06-17
VANDANA.RICCI,Vandana Ricci,Vandana.Ricci@BiTermTest.com,Enabled,Power User,No,2021-07-19,2026-07-17
RAFAEL.WORKU,Rafael Worku,Rafael.Worku@BiTermTest.com,Enabled,Standard User,No,2021-07-13,2026-07-13
XOCHITL.NWOSU,Xochitl Nwosu,Xochitl.Nwosu@BiTermTest.com,Enabled,Read Only,No,2021-07-12,2026-06-28
JELANI.UCHIDA,Jelani Uchida,Jelani.Uchida@BiTermTest.com,Enabled,Standard User,No,2021-07-12,2026-06-21
JOVANA.VOSBERG,Jovana Vosberg,Jovana.Vosberg@BiTermTest.com,Enabled,Standard User,No,2021-07-09,2026-07-14
RAVI.RICCI,Ravi Ricci,Ravi.Ricci@BiTermTest.com,Enabled,Standard User,No,2021-07-06,2026-07-13
REN.ASLAN,Ren Aslan,Ren.Aslan@BiTermTest.com,Enabled,Standard User,No,2021-07-06,2026-07-16
Bram.Galea,Bram Galea,Bram.Galea@BiTermTest.com,Enabled,Standard User,No,2017-03-15,2026-07-08
YEVHEN.FERREIRA,Yevhen Ferreira,Yevhen.Ferreira@BiTermTest.com,Enabled,Standard User,No,2017-03-06,2026-07-16
BJORN.DABROWSKI,Bjorn Dabrowski,Bjorn.Dabrowski@BiTermTest.com,Enabled,Standard User,No,2017-02-27,2026-07-17
Meera.Egorov,Meera Egorov,Meera.Egorov@BiTermTest.com,Enabled,Standard User,No,2017-02-13,2026-07-19
MINH.MARKOVIC,Minh Markovic,Minh.Markovic@BiTermTest.com,Disabled,Standard User,No,2017-02-06,2026-06-22
AOIFE.BOSMAN,Aoife Bosman,Aoife.Bosman@BiTermTest.com,Enabled,Standard User,No,1999-08-30,2026-06-15
DKURODA,Declan Kuroda,Declan.Kuroda@BiTermTest.com,Enabled,Standard User,No,1999-08-30,2026-06-28
MTITOV,Maite Titov,Maite.Titov@BiTermTest.com,Enabled,Standard User,No,1999-08-23,2026-06-14
JGRECO,Jovana Greco,Jovana.Greco@BiTermTest.com,Enabled,Standard User,No,1999-05-10,2026-06-11
HABEBE,Henryk Abebe,Henryk.Abebe@BiTermTest.com,Enabled,Standard User,No,1999-03-18,2026-07-11
Quang.Bosman,Quang Bosman,Quang.Bosman@BiTermTest.com,Enabled,Standard User,No,1998-09-08,2026-07-20
Yan.Seo,Yan Seo,Yan.Seo@BiTermTest.com,Enabled,Standard User,No,1998-09-08,2026-07-15
EVANDENBERG,Eamon Vandenberg,Eamon.Vandenberg@BiTermTest.com,Enabled,Standard User,No,1998-08-31,2026-06-08
CEZEANI,Citlali Ezeani,Citlali.Ezeani@BiTermTest.com,Enabled,Standard User,No,1998-07-17,2026-06-21
ABALOGUN,Aylin Balogun,Aylin.Balogun@BiTermTest.com,Enabled,Standard User,No,1998-06-29,2026-06-25
DJOSHI,Duc Joshi,Duc.Joshi@BiTermTest.com,Enabled,Power User,No,1998-06-15,2026-07-19
APOLAT,Amina Polat,Amina.Polat@BiTermTest.com,Enabled,Standard User,No,1998-05-12,2026-07-03
DDEKKER,Diego Dekker,Diego.Dekker@BiTermTest.com,Enabled,Standard User,No,1998-05-05,2026-07-06
Anahi.Zammit,Anahi Zammit,Anahi.Zammit@BiTermTest.com,Enabled,Power User,No,1998-04-01,2026-06-17
XKURODA,Xochitl Kuroda,Xochitl.Kuroda@BiTermTest.com,Enabled,Standard User,No,1998-02-10,2026-07-09
SNGO,Siobhan Ngo,Siobhan.Ngo@BiTermTest.com,Enabled,Standard User,No,1997-11-24,2026-06-11
ACHOPRA,Ainhoa Chopra,Ainhoa.Chopra@BiTermTest.com,Enabled,Standard User,No,1997-05-26,2026-07-14
BVOLKOV,Bao Volkov,Bao.Volkov@BiTermTest.com,Enabled,Read Only,No,1997-04-14,2026-06-17
AAZEVEDO,Anouk Azevedo,Anouk.Azevedo@BiTermTest.com,Enabled,Administrator,Yes,1997-03-26,2026-06-15
ATEIXEIRA,Arjun Teixeira,Arjun.Teixeira@BiTermTest.com,Enabled,Standard User,No,1996-06-01,2026-07-07
FISHIKAWA,Farid Ishikawa,Farid.Ishikawa@BiTermTest.com,Enabled,Standard User,No,1996-06-01,2026-06-25
Andres.Mulder,Andres Mulder,Andres.Mulder@BiTermTest.com,Enabled,Standard User,No,1996-06-01,2026-07-02
YGRABOWSKI,Yusuf Grabowski,Yusuf.Grabowski@BiTermTest.com,Enabled,Standard User,No,1996-04-29,2026-07-18
TALMEIDA,Tao Almeida,Tao.Almeida@BiTermTest.com,Enabled,Standard User,No,1996-03-01,2026-06-29
CHIDI.VISSER,Chidi Visser,Chidi.Visser@BiTermTest.com,Enabled,Standard User,No,1995-12-07,2026-07-14
XIOMARA.GALLO,Xiomara Gallo,Xiomara.Gallo@BiTermTest.com,Disabled,Power User,No,1995-10-19,2026-07-08
BDOGAN,Bao Dogan,Bao.Dogan@BiTermTest.com,Enabled,Power User,No,1995-10-09,2026-07-10
Aoife.Morozov,Aoife Morozov,Aoife.Morozov@BiTermTest.com,Enabled,Standard User,No,1995-09-08,2026-07-07
ZAHRA.BALOGUN,Zahra Balogun,Zahra.Balogun@BiTermTest.com,Enabled,Standard User,No,1995-08-28,2026-07-13
QMUKHERJEE,Qasim Mukherjee,Qasim.Mukherjee@BiTermTest.com,Enabled,Standard User,No,1995-08-13,2026-07-05
ZWOJCIK,Zofia Wojcik,Zofia.Wojcik@BiTermTest.com,Enabled,Standard User,No,1995-08-01,2026-07-03
YBEKELE,Yan Bekele,Yan.Bekele@BiTermTest.com,Enabled,Standard User,No,1995-07-19,2026-06-27
RNGO,Ren Ngo,Ren.Ngo@BiTermTest.com,Enabled,Standard User,No,1995-07-01,2026-07-22
MMARINO,Meera Marino,Meera.Marino@BiTermTest.com,Enabled,Standard User,No,1995-04-17,2026-06-15
ROHAN.KOZLOWSKI,Rohan Kozlowski,Rohan.Kozlowski@BiTermTest.com,Enabled,Standard User,No,1995-04-10,2026-07-03
TOBIORA,Tariq Obiora,Tariq.Obiora@BiTermTest.com,Enabled,Standard User,No,1995-04-03,2026-06-24
MVOLKOV,Maialen Volkov,Maialen.Volkov@BiTermTest.com,Enabled,Standard User,No,1995-04-01,2026-07-20
AMOROZOV,Aoife Morozov,Aoife.Morozov@BiTermTest.com,Enabled,Standard User,No,1995-04-01,2026-07-02
BSEO,Bianca Seo,Bianca.Seo@BiTermTest.com,Enabled,Standard User,No,1995-01-31,2026-07-21
IDEKKER,Ines Dekker,Ines.Dekker@BiTermTest.com,Enabled,Standard User,No,1995-01-30,2026-06-11
GGIRMA,Gorka Girma,Gorka.Girma@BiTermTest.com,Enabled,Standard User,No,1995-01-30,2026-07-19
AWISNIEWSKI,Andres Wisniewski,Andres.Wisniewski@BiTermTest.com,Enabled,Standard User,No,1994-12-20,2026-07-03
FMENSAH,Fernanda Mensah,Fernanda.Mensah@BiTermTest.com,Enabled,Standard User,No,1994-12-03,2026-06-11
HCASSAR,Haruto Cassar,Haruto.Cassar@BiTermTest.com,Enabled,Standard User,No,1994-10-12,2026-06-17
BWORKU,Bao Worku,Bao.Worku@BiTermTest.com,Enabled,Read Only,No,1994-10-03,2026-06-19
OCELIK,Oihane Celik,Oihane.Celik@BiTermTest.com,Enabled,Standard User,No,1994-08-18,2026-06-15
VALEMU,Vasil Alemu,Vasil.Alemu@BiTermTest.com,Enabled,Standard User,No,1994-08-15,2026-07-20
GMEIJER,Gita Meijer,Gita.Meijer@BiTermTest.com,Enabled,Standard User,No,1994-06-28,2026-06-30
ISZYMANSKI,Izaro Szymanski,Izaro.Szymanski@BiTermTest.com,Enabled,Standard User,No,1994-06-13,2026-06-26
OIHANE.LAI,Oihane Lai,Oihane.Lai@BiTermTest.com,Enabled,Standard User,No,1994-03-07,2026-07-11
CDEMIR,Cillian Demir,Cillian.Demir@BiTermTest.com,Enabled,Standard User,No,1994-02-28,2026-07-01
ZCAMILLERI,Zofia Camilleri,Zofia.Camilleri@BiTermTest.com,Enabled,Standard User,No,1993-12-01,2026-06-27
DOKONKWO,Dragan Okonkwo,Dragan.Okonkwo@BiTermTest.com,Enabled,Standard User,No,1993-10-18,2026-07-16
LOKONKWO,Leila Okonkwo,Leila.Okonkwo@BiTermTest.com,Enabled,Administrator,Yes,1993-05-26,2026-06-30
CALMEIDA,Chidi Almeida,Chidi.Almeida@BiTermTest.com,Enabled,Standard User,No,1993-03-26,2026-07-02
WVELLA,Willem Vella,Willem.Vella@BiTermTest.com,Enabled,Read Only,No,1993-01-28,2026-06-12
MOBIORA,Maialen Obiora,Maialen.Obiora@BiTermTest.com,Enabled,Standard User,No,1992-09-01,2026-06-14
GFORSBERG,Ewatanabe1 User,ewatanabe1@BiTermTest.com,Enabled,Read Only,No,1992-08-03,2026-07-20
Ravi.Truong,Ravi Truong,Ravi.Truong@BiTermTest.com,Enabled,Standard User,No,1992-03-17,2026-06-22
JGRECO,Jovana Greco,Jovana.Greco@BiTermTest.com,Enabled,Standard User,No,1991-12-05,2026-06-11
MSEO,Matteo Seo,Matteo.Seo@BiTermTest.com,Enabled,Standard User,No,1991-09-23,2026-07-16
AOWUSU,Amaia Owusu,Amaia.Owusu@BiTermTest.com,Enabled,Power User,No,1991-09-03,2026-07-12
DADEYEMI,Dalia Adeyemi,Dalia.Adeyemi@BiTermTest.com,Enabled,Standard User,No,1991-07-01,2026-07-07
XIU.JOSHI,Xiu Joshi,Xiu.Joshi@BiTermTest.com,Enabled,Standard User,No,1990-10-31,2026-06-09
RGUPTA,Roisin Gupta,Roisin.Gupta@BiTermTest.com,Enabled,Standard User,No,1990-01-05,2026-07-05
BHWANG,Baran Hwang,Baran.Hwang@BiTermTest.com,Enabled,Power User,No,1989-09-22,2026-07-08
KHWANG,Kavita Hwang,Kavita.Hwang@BiTermTest.com,Enabled,Standard User,No,1989-03-06,2026-06-17
AAZEVEDO,Anouk Azevedo,Anouk.Azevedo@BiTermTest.com,Enabled,Administrator,Yes,1989-02-27,2026-06-15
PMENSAH,Padraig Mensah,Padraig.Mensah@BiTermTest.com,Enabled,Read Only,No,1988-12-06,2026-07-21
RTRAORE,Roisin Traore,Roisin.Traore@BiTermTest.com,Enabled,Read Only,No,1988-12-05,2026-07-18
FMORETTI,Firuza Moretti,Firuza.Moretti@BiTermTest.com,Enabled,Power User,No,1988-09-19,2026-06-24
FWORKU,Femi Worku,Femi.Worku@BiTermTest.com,Enabled,Standard User,No,1988-07-13,2026-07-01
DREDDY,Dragan Reddy,Dragan.Reddy@BiTermTest.com,Enabled,Standard User,No,1988-05-17,2026-07-03
ASAKAMOTO,Amara Sakamoto,Amara.Sakamoto@BiTermTest.com,Enabled,Read Only,No,1987-09-23,2026-06-29
ATEIXEIRA,Ainhoa Teixeira,Ainhoa.Teixeira@BiTermTest.com,Enabled,Standard User,No,1987-08-20,2026-07-07
ECONTI,Eamon Conti,Eamon.Conti@BiTermTest.com,Enabled,Standard User,No,1987-03-09,2026-07-21
MIKKEL.SAHIN,Mikkel Sahin,Mikkel.Sahin@BiTermTest.com,Enabled,Read Only,No,2025-01-22,2026-07-02
SIOBHAN.MOROZOV,Siobhan Morozov,Siobhan.Morozov@BiTermTest.com,Enabled,Standard User,No,2025-01-06,2026-07-12
TEODORA.GALEA,Teodora Galea,Teodora.Galea@BiTermTest.com,Enabled,Read Only,No,2024-12-30,2026-06-22
RASHIDA.KRAWCZYK,Rashida Krawczyk,Rashida.Krawczyk@BiTermTest.com,Enabled,Standard User,No,2020-07-27,2026-07-15
ANOUK.FERRARI,Anouk Ferrari,Anouk.Ferrari@BiTermTest.com,Enabled,Standard User,No,2020-07-20,2026-07-12
LORENZO.GUPTA,Lorenzo Gupta,Lorenzo.Gupta@BiTermTest.com,Disabled,Standard User,No,2020-07-13,2026-07-16
SANNE.CHUKWU,Sanne Chukwu,Sanne.Chukwu@BiTermTest.com,Enabled,Standard User,No,2020-07-07,2026-07-19
VOLKAN.RAHAL,Volkan Rahal,Volkan.Rahal@BiTermTest.com,Enabled,Standard User,No,2020-06-29,2026-06-11
LAN.LINDQVIST,Lan Lindqvist,Lan.Lindqvist@BiTermTest.com,Enabled,Standard User,No,2020-06-29,2026-07-14
NAOKO.JEONG,Naoko Jeong,Naoko.Jeong@BiTermTest.com,Enabled,Standard User,No,2020-06-08,2026-07-14
CUAUHTEMOC.FORSBERG,Cuauhtemoc Forsberg,Cuauhtemoc.Forsberg@BiTermTest.com,Enabled,Standard User,No,2020-05-25,2026-06-14
HUI.MICALLEF,Hui Micallef,Hui.Micallef@BiTermTest.com,Enabled,Read Only,No,2020-04-27,2026-06-28
JOVANA.MENSAH,Jovana Mensah,Jovana.Mensah@BiTermTest.com,Enabled,Standard User,No,2022-12-05,2026-06-19
AINHOA.MICALLEF,Ainhoa Micallef,Ainhoa.Micallef@BiTermTest.com,Enabled,Standard User,No,2022-12-05,2026-06-10
LALEH.KULKARNI,Laleh Kulkarni,Laleh.Kulkarni@BiTermTest.com,Enabled,Power User,No,2022-11-28,2026-06-17
KAVITA.SOKOLOV,Kavita Sokolov,Kavita.Sokolov@BiTermTest.com,Enabled,Standard User,No,2022-11-16,2026-06-23
BJORN.YOON,Bjorn Yoon,Bjorn.Yoon@BiTermTest.com,Enabled,Standard User,No,2022-11-14,2026-06-25
LEILA.FORSBERG,Leila Forsberg,Leila.Forsberg@BiTermTest.com,Enabled,Standard User,No,2022-11-14,2026-06-25
JEROEN.CHOPRA,Jeroen Chopra,Jeroen.Chopra@BiTermTest.com,Enabled,Standard User,No,2022-11-01,2026-07-11
FREJA.VARMA,Freja Varma,Freja.Varma@BiTermTest.com,Enabled,Standard User,No,2022-10-24,2026-07-16
LINH.MULDER,Linh Mulder,Linh.Mulder@BiTermTest.com,Enabled,Power User,No,2022-10-17,2026-06-23
TAHIRA.ZAMMIT,Tahira Zammit,Tahira.Zammit@BiTermTest.com,Enabled,Read Only,No,2022-10-17,2026-07-02
WILLEM.LINDQVIST,Willem Lindqvist,Willem.Lindqvist@BiTermTest.com,Enabled,Administrator,Yes,2022-10-17,2026-07-21
ILYA.HOANG,Ilya Hoang,Ilya.Hoang@BiTermTest.com,Enabled,Standard User,No,2022-09-22,2026-06-12
CILLIAN.MATSUDA,Cillian Matsuda,Cillian.Matsuda@BiTermTest.com,Enabled,Standard User,No,2022-09-19,2026-06-12
MAIALEN.SLEIMAN,Maialen Sleiman,Maialen.Sleiman@BiTermTest.com,Enabled,Standard User,No,2022-09-06,2026-06-13
YEVHEN.STOJANOVIC,Yevhen Stojanovic,Yevhen.Stojanovic@BiTermTest.com,Enabled,Standard User,No,2022-09-06,2026-06-15
XIMENA.ISHIKAWA,Ximena Ishikawa,Ximena.Ishikawa@BiTermTest.com,Enabled,Standard User,No,2019-10-21,2026-06-16
BEATRIZ.KOBAYASHI,Beatriz Kobayashi,Beatriz.Kobayashi@BiTermTest.com,Enabled,Read Only,No,2019-10-21,2026-06-28
ROHAN.CAMARA,Rohan Camara,Rohan.Camara@BiTermTest.com,Enabled,Standard User,No,2019-10-21,2026-06-23
YEVHEN.KHOURY,Yevhen Khoury,Yevhen.Khoury@BiTermTest.com,Enabled,Standard User,No,2019-10-21,2026-07-22
MARISOL.HENDRIKS,Marisol Hendriks,Marisol.Hendriks@BiTermTest.com,Enabled,Standard User,No,2019-10-21,2026-07-09
TARIQ.BORG,Tariq Borg,Tariq.Borg@BiTermTest.com,Enabled,Standard User,No,2019-10-20,2026-07-06
PADRAIG.WOJCIK,Padraig Wojcik,Padraig.Wojcik@BiTermTest.com,Enabled,Standard User,No,2021-06-21,2026-07-20
IKER.LEMMA,Iker Lemma,Iker.Lemma@BiTermTest.com,Disabled,Standard User,No,2021-06-21,2026-07-06
QASIM.FAKHOURY,Qasim Fakhoury,Qasim.Fakhoury@BiTermTest.com,Enabled,Administrator,Yes,2021-06-21,2026-07-09
ZOFIA.BABIC,Zofia Babic,Zofia.Babic@BiTermTest.com,Enabled,Standard User,No,2021-06-21,2026-06-18
TAO.ALMEIDA,Tao Almeida,Tao.Almeida@BiTermTest.com,Enabled,Read Only,No,2021-06-14,2026-06-25
AMAIA.DIALLO,Amaia Diallo,Amaia.Diallo@BiTermTest.com,Enabled,Power User,No,2021-06-07,2026-07-10
REN.RICCI,Ren Ricci,Ren.Ricci@BiTermTest.com,Enabled,Standard User,No,2021-06-07,2026-06-13
HARUTO.CASSAR,Haruto Cassar,Haruto.Cassar@BiTermTest.com,Enabled,Standard User,No,2021-06-04,2026-06-09
MILAN.DEMIR,Milan Demir,Milan.Demir@BiTermTest.com,Enabled,Administrator,Yes,2021-06-04,2026-06-28
CILLIAN.NOVIKOV,Cillian Novikov,Cillian.Novikov@BiTermTest.com,Enabled,Standard User,No,2021-06-01,2026-06-09
ESHAN.IVANOV,Eshan Ivanov,Eshan.Ivanov@BiTermTest.com,Enabled,Standard User,No,2019-10-14,2026-06-29
KATYA.DANG,Katya Dang,Katya.Dang@BiTermTest.com,Enabled,Standard User,No,2019-10-07,2026-07-04
NIAMH.MENSAH,Niamh Mensah,Niamh.Mensah@BiTermTest.com,Enabled,Standard User,No,2019-09-30,2026-06-13
ANOUK.CELIK,Anouk Celik,Anouk.Celik@BiTermTest.com,Enabled,Read Only,No,2019-09-30,2026-07-01
XIMENA.ASANTE,Ximena Asante,Ximena.Asante@BiTermTest.com,Enabled,Read Only,No,2019-09-23,2026-07-05
DALIA.KOZLOWSKI,Dalia Kozlowski,Dalia.Kozlowski@BiTermTest.com,Enabled,Standard User,No,2019-09-23,2026-07-10
JOAO.VELLA,Joao Vella,Joao.Vella@BiTermTest.com,Enabled,Standard User,No,2019-09-23,2026-07-14
BIANCA.AFOLABI,Bianca Afolabi,Bianca.Afolabi@BiTermTest.com,Enabled,Standard User,No,2019-09-23,2026-06-09
BIANCA.SAKAMOTO,Bianca Sakamoto,Bianca.Sakamoto@BiTermTest.com,Enabled,Standard User,No,2019-09-16,2026-06-28
THIAGO.RAO,Thiago Rao,Thiago.Rao@BiTermTest.com,Enabled,Administrator,Yes,2019-09-09,2026-07-02
JISOO.BOATENG,Jisoo Boateng,Jisoo.Boateng@BiTermTest.com,Enabled,Read Only,No,2019-09-09,2026-07-11
REN.ZAMMIT,Ren Zammit,Ren.Zammit@BiTermTest.com,Enabled,Standard User,No,2019-09-03,2026-06-10
DUC.DEMIR,Duc Demir,Duc.Demir@BiTermTest.com,Enabled,Power User,No,2019-09-03,2026-07-02
TOMASZ.CAMILLERI,Tomasz Camilleri,Tomasz.Camilleri@BiTermTest.com,Enabled,Standard User,No,2019-09-02,2026-07-06
VANDANA.RICCI,Vandana Ricci,Vandana.Ricci@BiTermTest.com,Enabled,Power User,No,2019-08-26,2026-07-17
FEMI.MENON,Femi Menon,Femi.Menon@BiTermTest.com,Enabled,Power User,No,2019-08-19,2026-06-29
Valentina.Kebede,Valentina Kebede,Valentina.Kebede@BiTermTest.com,Enabled,Standard User,No,2019-08-16,2026-06-17
MATTEO.OLIVEIRA,Matteo Oliveira,Matteo.Oliveira@BiTermTest.com,Enabled,Standard User,No,2019-08-12,2026-06-20
BAO.KOVAC,Bao Kovac,Bao.Kovac@BiTermTest.com,Enabled,Standard User,No,2019-08-12,2026-07-08
ZAHRA.DESTA,Zahra Desta,Zahra.Desta@BiTermTest.com,Enabled,Read Only,No,2019-08-12,2026-06-24
Hana.Baraka,Hana Baraka,Hana.Baraka@BiTermTest.com,Enabled,Standard User,No,2019-08-05,2026-07-04
ANAHI.DEVRIES,Anahi Devries,Anahi.Devries@BiTermTest.com,Enabled,Administrator,Yes,2019-08-05,2026-06-16
NAOKO.OKONKWO,Naoko Okonkwo,Naoko.Okonkwo@BiTermTest.com,Enabled,Read Only,No,2024-12-16,2026-07-05
ILYA.UCHIDA,Ilya Uchida,Ilya.Uchida@BiTermTest.com,Enabled,Standard User,No,2024-12-12,2026-06-16
ANDRES.SAKAMOTO,Andres Sakamoto,Andres.Sakamoto@BiTermTest.com,Enabled,Standard User,No,2024-11-21,2026-07-05
CILLIAN.WOZNIAK,Cillian Wozniak,Cillian.Wozniak@BiTermTest.com,Enabled,Standard User,No,2024-11-18,2026-06-15
THAO.KEITA,Thao Keita,Thao.Keita@BiTermTest.com,Enabled,Standard User,No,2024-11-18,2026-07-09
FIRUZA.SOWANDE,Firuza Sowande,Firuza.Sowande@BiTermTest.com,Enabled,Read Only,No,2024-10-14,2026-06-09
REN.IYER,Ren Iyer,Ren.Iyer@BiTermTest.com,Enabled,Standard User,No,2024-10-01,2026-07-11
DAAN.SAHIN,Daan Sahin,Daan.Sahin@BiTermTest.com,Enabled,Standard User,No,2024-09-09,2026-07-12
UMAR.GHANEM,Umar Ghanem,Umar.Ghanem@BiTermTest.com,Enabled,Standard User,No,2019-07-22,2026-07-16
CUAUHTEMOC.FORSBERG,Cuauhtemoc Forsberg,Cuauhtemoc.Forsberg@BiTermTest.com,Enabled,Standard User,No,2019-07-15,2026-06-14
FIRUZA.BEKELE,Firuza Bekele,Firuza.Bekele@BiTermTest.com,Enabled,Standard User,No,2019-07-09,2026-07-22
FERNANDA.VUONG,Fernanda Vuong,Fernanda.Vuong@BiTermTest.com,Enabled,Read Only,No,2019-07-08,2026-07-18
XIU.FOFANA,Xiu Fofana,Xiu.Fofana@BiTermTest.com,Enabled,Standard User,No,2012-07-09,2026-07-16
AOZTURK,Andres Ozturk,Andres.Ozturk@BiTermTest.com,Enabled,Standard User,No,2012-06-25,2026-02-27
ZMAALOUF,Zofia Maalouf,Zofia.Maalouf@BiTermTest.com,Enabled,Standard User,No,2012-06-25,2026-07-07
JOVANA.MULDER,Jovana Mulder,Jovana.Mulder@BiTermTest.com,Disabled,Standard User,No,2012-06-18,2026-06-13
HUI.RIBEIRO,Hui Ribeiro,Hui.Ribeiro@BiTermTest.com,Enabled,Administrator,Yes,2012-06-12,2026-06-19
TOBIORA,Tariq Obiora,Tariq.Obiora@BiTermTest.com,Enabled,Standard User,No,2012-06-11,2026-06-24
RKIRIGAYA,Rohan Kirigaya,Rohan.Kirigaya@BiTermTest.com,Enabled,Standard User,No,2012-06-11,2026-06-30
CALEMU,Chidi Alemu,Chidi.Alemu@BiTermTest.com,Enabled,Standard User,No,2012-06-04,2026-07-16
JOWUSU,Jing Owusu,Jing.Owusu@BiTermTest.com,Enabled,Standard User,No,2012-05-29,2026-07-20
IWATANABE,Imani Watanabe,Imani.Watanabe@BiTermTest.com,Enabled,Standard User,No,2012-05-29,2026-07-15
NDESHPANDE,Niamh Deshpande,Niamh.Deshpande@BiTermTest.com,Enabled,Standard User,No,2012-05-21,2026-06-16
JGRECH,Jeroen Grech,Jeroen.Grech@BiTermTest.com,Enabled,Read Only,No,2012-05-21,2026-06-22
HMEIJER,Henryk Meijer,Henryk.Meijer@BiTermTest.com,Enabled,Read Only,No,2012-05-14,2026-07-06
NWISNIEWSKI,Ingrid Kilic,Ingrid.Kilic@BiTermTest.com,Enabled,Standard User,No,2012-05-14,2026-07-19
OLAI,Oihane Lai,Oihane.Lai@BiTermTest.com,Enabled,Standard User,No,2012-05-14,2026-06-28
VTRAORE,Valentina Traore,Valentina.Traore@BiTermTest.com,Enabled,Standard User,No,2012-05-07,2026-07-17
CEM.TRUONG,Cem Truong,Cem.Truong@BiTermTest.com,Enabled,Standard User,No,2012-05-07,2026-07-17
IZIELINSKI,Itzel Zielinski,Itzel.Zielinski@BiTermTest.com,Enabled,Standard User,No,2012-04-30,2026-06-26
XVELLA,Xiomara Vella,Xiomara.Vella@BiTermTest.com,Enabled,Standard User,No,2012-04-09,2026-07-21
CILLIAN.TESFAYE,Cillian Tesfaye,Cillian.Tesfaye@BiTermTest.com,Enabled,Administrator,Yes,2012-04-02,2026-06-26
PCHOPRA,Petro Chopra,Petro.Chopra@BiTermTest.com,Enabled,Standard User,No,2012-03-21,2026-07-05
PIOTR.HADDAD,Piotr Haddad,Piotr.Haddad@BiTermTest.com,Enabled,Standard User,No,2012-03-19,2026-06-22
AESPOSITO,Amara Esposito,Amara.Esposito@BiTermTest.com,Enabled,Standard User,No,2012-02-29,2026-07-21
AREDDY,Astrid Reddy,Astrid.Reddy@BiTermTest.com,Enabled,Standard User,No,2012-02-27,2026-06-08
AESPOSITO,Anahi Esposito,Anahi.Esposito@BiTermTest.com,Enabled,Standard User,No,2012-02-27,2026-07-21
Yaretzi.Mulder,Yaretzi Mulder,Yaretzi.Mulder@BiTermTest.com,Disabled,Standard User,No,2012-02-08,2026-07-20
MING.ENGSTROM,Ming Engstrom,Ming.Engstrom@BiTermTest.com,Enabled,Standard User,No,2012-01-30,2026-07-22
SANNE.BARONE,Sanne Barone,Sanne.Barone@BiTermTest.com,Enabled,Power User,No,2012-01-23,2026-07-04
CSOWANDE,Citlali Sowande,Citlali.Sowande@BiTermTest.com,Enabled,Power User,No,2012-01-10,2026-07-11
YARETZI.ISHIKAWA,Yaretzi Ishikawa,Yaretzi.Ishikawa@BiTermTest.com,Enabled,Standard User,No,2012-01-02,2026-07-08
JRICCI,Janusz Ricci,Janusz.Ricci@BiTermTest.com,Enabled,Administrator,Yes,2011-12-26,2026-07-05
MMEHTA,Meera Mehta,Meera.Mehta@BiTermTest.com,Enabled,Standard User,No,2011-12-19,2026-07-11
MAYDIN,Maialen Aydin,Maialen.Aydin@BiTermTest.com,Disabled,Standard User,No,2011-12-12,2026-07-08
JANUSZ.MEIJER,Janusz Meijer,Janusz.Meijer@BiTermTest.com,Enabled,Read Only,No,2011-12-05,2026-07-07
ASAKAMOTO,Andres Sakamoto,Andres.Sakamoto@BiTermTest.com,Enabled,Read Only,No,2011-12-05,2026-06-29
CFONSECA,Cem Fonseca,Cem.Fonseca@BiTermTest.com,Enabled,Administrator,Yes,2011-12-05,2026-01-28
SANJAY.ZAMMIT,Sanjay Zammit,Sanjay.Zammit@BiTermTest.com,Enabled,Standard User,No,2011-11-28,2026-06-12
BRAM.KIRIGAYA,Bram Kirigaya,Bram.Kirigaya@BiTermTest.com,Enabled,Standard User,No,2011-11-21,2026-06-18
FWOJCIK,Feng Wojcik,Feng.Wojcik@BiTermTest.com,Enabled,Standard User,No,2011-11-14,2026-07-21
NALEDI.WORKU,Naledi Worku,Naledi.Worku@BiTermTest.com,Enabled,Standard User,No,2011-11-08,2026-03-20
IDELUCA,Iker Deluca,Iker.Deluca@BiTermTest.com,Enabled,Standard User,No,2011-11-07,2025-11-17
XIOMARA.GALLO,Xiomara Gallo,Xiomara.Gallo@BiTermTest.com,Disabled,Power User,No,2011-11-07,2026-07-08
XKILIC,Xiu Kilic,Xiu.Kilic@BiTermTest.com,Enabled,Standard User,No,2011-10-31,2026-07-18
TDESTA,Tahira Desta,Tahira.Desta@BiTermTest.com,Enabled,Standard User,No,2011-10-31,2026-06-20
YEZEANI,Yevhen Ezeani,Yevhen.Ezeani@BiTermTest.com,Enabled,Standard User,No,2011-10-24,2026-07-09
VRAHAL,Volkan Rahal,Volkan.Rahal@BiTermTest.com,Enabled,Administrator,Yes,2011-10-03,2026-07-02
PNOVIKOV,Priya Novikov,Priya.Novikov@BiTermTest.com,Enabled,Standard User,No,2011-09-26,2026-06-20
CITLALI.TITOV,Citlali Titov,Citlali.Titov@BiTermTest.com,Enabled,Standard User,No,2011-09-26,2026-06-09
Lorenzo.Rossi,Lorenzo Rossi,Lorenzo.Rossi@BiTermTest.com,Enabled,Administrator,Yes,2011-09-26,2026-07-13
AGRECH,Amara Grech,Amara.Grech@BiTermTest.com,Enabled,Standard User,No,2011-09-19,2026-06-15
DMUKHERJEE,Diego Mukherjee,Diego.Mukherjee@BiTermTest.com,Enabled,Standard User,No,2011-08-01,2026-06-25
ANAHI.CHUKWU,Anahi Chukwu,Anahi.Chukwu@BiTermTest.com,Enabled,Standard User,No,2011-07-25,2026-07-12
ANIKA.MICALLEF,Anika Micallef,Anika.Micallef@BiTermTest.com,Enabled,Administrator,Yes,2011-07-05,2026-06-10
Ximena.Cassar,Ximena Cassar,Ximena.Cassar@BiTermTest.com,Enabled,Standard User,No,2011-07-05,2026-06-13
MBUI,Mahmoud Bui,Mahmoud.Bui@BiTermTest.com,Enabled,Standard User,No,2011-06-30,2026-07-15
FFORSBERG,Femke Forsberg,Femke.Forsberg@BiTermTest.com,Enabled,Read Only,No,2011-06-13,2026-06-16
KAMAL.CARVALHO,Kamal Carvalho,Kamal.Carvalho@BiTermTest.com,Enabled,Standard User,No,2011-05-25,2026-06-22
FNWOSU,Farid Nwosu,Farid.Nwosu@BiTermTest.com,Enabled,Standard User,No,2011-05-16,2026-07-07
AFUJIMOTO,Aylin Fujimoto,Aylin.Fujimoto@BiTermTest.com,Disabled,Power User,No,2011-05-16,2026-06-09
IBARONE,Imani Barone,Imani.Barone@BiTermTest.com,Enabled,Standard User,No,2011-05-16,2026-06-23
PDAHLBERG,Parvin Dahlberg,Parvin.Dahlberg@BiTermTest.com,Enabled,Standard User,No,2011-05-09,2026-07-04
TRUNG.MORETTI,Trung Moretti,Trung.Moretti@BiTermTest.com,Enabled,Standard User,No,2011-04-18,2026-07-07
JOAO.NOWAK,Joao Nowak,Joao.Nowak@BiTermTest.com,Enabled,Power User,No,2011-04-04,2026-07-01
MIKKEL.BOATENG,Mikkel Boateng,Mikkel.Boateng@BiTermTest.com,Enabled,Standard User,No,2011-04-04,2026-06-23
TEODORA.ENGSTROM,Teodora Engstrom,Teodora.Engstrom@BiTermTest.com,Enabled,Standard User,No,2011-04-04,2026-06-29
RSANDBERG,Rohan Sandberg,Rohan.Sandberg@BiTermTest.com,Enabled,Read Only,No,2011-04-01,2026-06-10
Padraig.Wojcik,Padraig Wojcik,Padraig.Wojcik@BiTermTest.com,Enabled,Standard User,No,2011-03-28,2026-06-21
GMIFSUD,Giulia Mifsud,Giulia.Mifsud@BiTermTest.com,Enabled,Read Only,No,2011-03-21,2026-06-29
ADANG,Alessandro Dang,Alessandro.Dang@BiTermTest.com,Enabled,Standard User,No,2011-03-14,2026-06-14
Sipho.Sakamoto,Sipho Sakamoto,Sipho.Sakamoto@BiTermTest.com,Enabled,Power User,No,2011-03-08,2026-07-10
SBHATTACHARYA,Siobhan Bhattacharya,Siobhan.Bhattacharya@BiTermTest.com,Enabled,Standard User,No,2011-02-28,2026-06-27
JANUSZ.FERRARI,Janusz Ferrari,Janusz.Ferrari@BiTermTest.com,Enabled,Standard User,No,2011-01-31,2026-07-18
XCONTI,Xochitl Conti,Xochitl.Conti@BiTermTest.com,Enabled,Standard User,No,2011-01-26,2026-07-22
AGNIESZKA.TRIVEDI,Agnieszka Trivedi,Agnieszka.Trivedi@BiTermTest.com,Enabled,Power User,No,2011-01-17,2026-06-28
AOIFE.VOSBERG,Aoife Vosberg,Aoife.Vosberg@BiTermTest.com,Enabled,Administrator,Yes,2011-01-06,2026-07-09
EBABIC,Elif Babic,Elif.Babic@BiTermTest.com,Enabled,Standard User,No,2011-01-03,2026-07-20
DPILLAI,Duc Pillai,Duc.Pillai@BiTermTest.com,Enabled,Standard User,No,2010-12-23,2026-06-30
BOGDAN.YOON,Bogdan Yoon,Bogdan.Yoon@BiTermTest.com,Enabled,Power User,No,2010-11-29,2026-06-10
DDOGAN,Dragan Dogan,Dragan.Dogan@BiTermTest.com,Enabled,Power User,No,2010-11-29,2026-07-15
IKILIC,Ingrid Kilic,Ingrid.Kilic@BiTermTest.com,Enabled,Standard User,No,2010-11-15,2026-07-19
Rohan.Camara,Rohan Camara,Rohan.Camara@BiTermTest.com,Enabled,Standard User,No,2010-11-15,2026-06-30
CHORVAT,Cuauhtemoc Horvat,Cuauhtemoc.Horvat@BiTermTest.com,Enabled,Read Only,No,2010-11-08,2026-06-26
WKAMINSKI,Willem Kaminski,Willem.Kaminski@BiTermTest.com,Enabled,Standard User,No,2010-11-03,2026-07-12
LCONTI,Laleh Conti,Laleh.Conti@BiTermTest.com,Enabled,Administrator,Yes,2010-10-25,2026-07-03
CFARRUGIA,Citlali Farrugia,Citlali.Farrugia@BiTermTest.com,Enabled,Standard User,No,2010-10-04,2026-07-10
PARVIN.KEITA,Parvin Keita,Parvin.Keita@BiTermTest.com,Enabled,Standard User,No,2010-09-29,2026-07-10
DVARMA,Deniz Varma,Deniz.Varma@BiTermTest.com,Enabled,Standard User,No,2010-09-27,2026-06-22
LMICALLEF,Lorenzo Micallef,Lorenzo.Micallef@BiTermTest.com,Enabled,Standard User,No,2010-09-20,2026-07-17
AWOJCIK,Ainhoa Wojcik,Ainhoa.Wojcik@BiTermTest.com,Enabled,Standard User,No,2010-09-20,2026-07-18
AOI.RICCI,Aoi Ricci,Aoi.Ricci@BiTermTest.com,Enabled,Standard User,No,2010-09-01,2026-06-29
FREJA.ATTARD,Freja Attard,Freja.Attard@BiTermTest.com,Enabled,Standard User,No,2010-08-30,2026-06-09
TMIFSUD,Tariq Mifsud,Tariq.Mifsud@BiTermTest.com,Enabled,Standard User,No,2010-08-30,2026-06-28
SOWUSU,Sanjay Owusu,Sanjay.Owusu@BiTermTest.com,Enabled,Power User,No,2010-08-23,2026-06-14
ARJUN.OKONKWO,Arjun Okonkwo,Arjun.Okonkwo@BiTermTest.com,Enabled,Standard User,No,2010-08-09,2026-07-21
KDJORDJEVIC,Kofi Djordjevic,Kofi.Djordjevic@BiTermTest.com,Enabled,Administrator,Yes,2010-08-09,2026-07-08
MEERA.FOFANA,Meera Fofana,Meera.Fofana@BiTermTest.com,Enabled,Standard User,No,2010-07-26,2026-06-21
HKURODA,Hui Kuroda,Hui.Kuroda@BiTermTest.com,Disabled,Standard User,No,2010-07-12,2026-07-16
RLEWANDOWSKI,Ravi Lewandowski,Ravi.Lewandowski@BiTermTest.com,Enabled,Standard User,No,2010-07-06,2026-06-26
KHORVAT,Katya Horvat,Katya.Horvat@BiTermTest.com,Enabled,Standard User,No,2010-06-23,2026-06-08
VMUKHERJEE,Vandana Mukherjee,Vandana.Mukherjee@BiTermTest.com,Enabled,Standard User,No,2010-06-21,2026-07-20
TMORETTI,Trung Moretti,Trung.Moretti@BiTermTest.com,Enabled,Administrator,Yes,2010-06-14,2026-07-14
Hamid.Ishikawa,Hamid Ishikawa,Hamid.Ishikawa@BiTermTest.com,Enabled,Standard User,No,2010-06-14,2026-07-20
LINH.HAILE,Linh Haile,Linh.Haile@BiTermTest.com,Enabled,Standard User,No,2010-06-08,2026-07-04
RKOZLOWSKI,Ravi Kozlowski,Ravi.Kozlowski@BiTermTest.com,Enabled,Standard User,No,2010-06-08,2026-07-18
DDAHLBERG,Dalia Dahlberg,Dalia.Dahlberg@BiTermTest.com,Enabled,Standard User,No,2010-05-28,2026-06-25
Willem.Duong,Willem Duong,Willem.Duong@BiTermTest.com,Enabled,Standard User,No,2010-05-26,2026-06-24
NBARAKA,Ngozi Baraka,Ngozi.Baraka@BiTermTest.com,Enabled,Standard User,No,2010-05-25,2026-07-09
ELZBIETA.AMARI,Elzbieta Amari,Elzbieta.Amari@BiTermTest.com,Enabled,Standard User,No,2010-05-17,2026-06-15
BDJORDJEVIC,Bogdan Djordjevic,Bogdan.Djordjevic@BiTermTest.com,Enabled,Standard User,No,2010-05-17,2026-07-03
Sakura.Meijer,Sakura Meijer,Sakura.Meijer@BiTermTest.com,Enabled,Standard User,No,2010-05-17,2026-07-08
CHADDAD,Chiara Haddad,Chiara.Haddad@BiTermTest.com,Enabled,Standard User,No,2010-05-10,2026-06-23
MDEMIR,Milan Demir,Milan.Demir@BiTermTest.com,Enabled,Standard User,No,2010-04-27,2026-06-29
EZIELINSKI,Eamon Zielinski,Eamon.Zielinski@BiTermTest.com,Enabled,Standard User,No,2010-04-26,2026-06-13
KMIFSUD,Kamal Mifsud,Kamal.Mifsud@BiTermTest.com,Enabled,Power User,No,2010-04-19,2026-07-06
VAXELSSON,Volkan Axelsson,Volkan.Axelsson@BiTermTest.com,Enabled,Standard User,No,2010-04-19,2026-06-21
ATEIXEIRA,Agnieszka Teixeira,Agnieszka.Teixeira@BiTermTest.com,Enabled,Standard User,No,2010-04-12,2026-07-07
GDESTA,Gorka Desta,Gorka.Desta@BiTermTest.com,Enabled,Standard User,No,2010-04-07,2026-07-12
DKRAWCZYK,Diego Krawczyk,Diego.Krawczyk@BiTermTest.com,Enabled,Standard User,No,2010-04-05,2026-06-23
OIHANE.MENSAH,Oihane Mensah,Oihane.Mensah@BiTermTest.com,Enabled,Standard User,No,2010-03-22,2026-07-04
Siobhan.Banerjee,Siobhan Banerjee,Siobhan.Banerjee@BiTermTest.com,Enabled,Read Only,No,2010-03-16,2026-07-13
ILUNDGREN,Ilya Lundgren,Ilya.Lundgren@BiTermTest.com,Enabled,Standard User,No,2010-03-15,2026-06-28
OKSANA.FARRUGIA,Oksana Farrugia,Oksana.Farrugia@BiTermTest.com,Enabled,Read Only,No,2010-02-26,2026-06-16
MAYDIN,Maialen Aydin,Maialen.Aydin@BiTermTest.com,Disabled,Standard User,No,2010-02-15,2026-07-08
VWORKU,Vasil Worku,Vasil.Worku@BiTermTest.com,Enabled,Standard User,No,2010-02-10,2026-06-14
KENJI.CARDOSO,Kenji Cardoso,Kenji.Cardoso@BiTermTest.com,Enabled,Standard User,No,2017-02-01,2026-07-18
RAVI.KOZLOWSKI,Ravi Kozlowski,Ravi.Kozlowski@BiTermTest.com,Enabled,Standard User,No,2017-01-23,2026-07-05
REN.CARVALHO,Ren Carvalho,Ren.Carvalho@BiTermTest.com,Enabled,Standard User,No,2017-01-23,2026-06-13
IZARO.NDIAYE,Izaro Ndiaye,Izaro.Ndiaye@BiTermTest.com,Enabled,Administrator,Yes,2017-01-18,2026-06-09
XIMENA.WORKU,Ximena Worku,Ximena.Worku@BiTermTest.com,Disabled,Administrator,Yes,2017-01-03,2026-06-11
MNGO,Minho Ngo,Minho.Ngo@BiTermTest.com,Enabled,Read Only,No,2017-01-01,2026-06-29
DKIRIGAYA,Diego Kirigaya,Diego.Kirigaya@BiTermTest.com,Enabled,Standard User,No,2016-12-19,2026-06-21
SULEIMAN.OKONKWO,Suleiman Okonkwo,Suleiman.Okonkwo@BiTermTest.com,Enabled,Standard User,No,2016-12-19,2026-07-08
CHIDI.MORETTI,Chidi Moretti,Chidi.Moretti@BiTermTest.com,Enabled,Standard User,No,2016-12-12,2026-07-01
KATYA.KHOURY,Katya Khoury,Katya.Khoury@BiTermTest.com,Enabled,Standard User,No,2016-12-05,2026-06-25
Xiu.Jankowski,Xiu Jankowski,Xiu.Jankowski@BiTermTest.com,Enabled,Power User,No,2016-12-05,2026-01-16
Zofia.Camilleri,Zofia Camilleri,Zofia.Camilleri@BiTermTest.com,Enabled,Read Only,No,2016-11-28,2026-07-10
ADAEZE.ADEYEMI,Adaeze Adeyemi,Adaeze.Adeyemi@BiTermTest.com,Enabled,Standard User,No,2016-11-14,2026-06-20
CILLIAN.WOJCIK,Cillian Wojcik,Cillian.Wojcik@BiTermTest.com,Enabled,Standard User,No,2016-11-07,2026-06-15
PARVIN.MEKONNEN,Parvin Mekonnen,Parvin.Mekonnen@BiTermTest.com,Enabled,Standard User,No,2016-10-31,2026-06-24
JANUSZ.KWON,Janusz Kwon,Janusz.Kwon@BiTermTest.com,Enabled,Standard User,No,2016-10-17,2026-07-21
NAOKO.SLEIMAN,Naoko Sleiman,Naoko.Sleiman@BiTermTest.com,Enabled,Standard User,No,2016-10-03,2026-06-24
CHIDI.TRAORE,Chidi Traore,Chidi.Traore@BiTermTest.com,Enabled,Standard User,No,2016-10-03,2026-06-15
LARS.GRECO,Lars Greco,Lars.Greco@BiTermTest.com,Enabled,Standard User,No,2016-09-26,2026-07-05
ZAINAB.REDDY,Zainab Reddy,Zainab.Reddy@BiTermTest.com,Enabled,Standard User,No,2022-08-29,2026-06-20
RAVI.TRAORE,Ravi Traore,Ravi.Traore@BiTermTest.com,Enabled,Standard User,No,2022-08-23,2026-06-16
RAFAEL.WOJCIK,Rafael Wojcik,Rafael.Wojcik@BiTermTest.com,Enabled,Read Only,No,2022-08-22,2026-07-02
DUC.FARRUGIA,Duc Farrugia,Duc.Farrugia@BiTermTest.com,Enabled,Standard User,No,2022-08-22,2026-07-14
AMARA.MARKOVIC,Amara Markovic,Amara.Markovic@BiTermTest.com,Enabled,Standard User,No,2022-08-08,2025-12-02
MEERA.OBIORA,Meera Obiora,Meera.Obiora@BiTermTest.com,Enabled,Standard User,No,2022-07-06,2026-06-11
ANOUK.PETROV,Anouk Petrov,Anouk.Petrov@BiTermTest.com,Enabled,Standard User,No,2022-07-05,2026-06-15
YAN.BEKELE,Yan Bekele,Yan.Bekele@BiTermTest.com,Enabled,Administrator,Yes,2022-07-05,2026-07-16
THIAGO.MALHOTRA,Thiago Malhotra,Thiago.Malhotra@BiTermTest.com,Enabled,Read Only,No,2022-06-29,2026-06-10
VALENTINA.JOVANOVIC,Valentina Jovanovic,Valentina.Jovanovic@BiTermTest.com,Enabled,Read Only,No,2022-06-27,2026-06-22
SAKURA.OBIORA,Sakura Obiora,Sakura.Obiora@BiTermTest.com,Enabled,Standard User,No,2022-06-13,2026-07-18
ROHAN.VARMA,Rohan Varma,Rohan.Varma@BiTermTest.com,Enabled,Standard User,No,2022-06-06,2026-06-26
LEILA.CHUKWU,Leila Chukwu,Leila.Chukwu@BiTermTest.com,Enabled,Standard User,No,2022-06-06,2026-07-17
YARETZI.ASLAN,Yaretzi Aslan,Yaretzi.Aslan@BiTermTest.com,Enabled,Read Only,No,2022-06-06,2026-06-11
BOGDAN.HOLMGREN,Bogdan Holmgren,Bogdan.Holmgren@BiTermTest.com,Disabled,Standard User,No,2016-09-19,2026-06-11
MAITE.SAHIN,Maite Sahin,Maite.Sahin@BiTermTest.com,Enabled,Read Only,No,2016-08-29,2026-07-05
MAITE.BANERJEE,Maite Banerjee,Maite.Banerjee@BiTermTest.com,Enabled,Standard User,No,2016-08-26,2026-07-18
BAO.MENSAH,Bao Mensah,Bao.Mensah@BiTermTest.com,Enabled,Read Only,No,2016-08-22,2026-06-27
JELANI.AKSOY,Jelani Aksoy,Jelani.Aksoy@BiTermTest.com,Enabled,Power User,No,2016-08-22,2026-07-11
Alessandro.Bae,Alessandro Bae,Alessandro.Bae@BiTermTest.com,Enabled,Standard User,No,2016-08-22,2026-06-29
LORENZO.KEBEDE,Lorenzo Kebede,Lorenzo.Kebede@BiTermTest.com,Enabled,Standard User,No,2016-08-15,2026-07-08
MAHMOUD.TEIXEIRA,Mahmoud Teixeira,Mahmoud.Teixeira@BiTermTest.com,Enabled,Power User,No,2016-08-15,2026-03-26
INGRID.KILIC,Ingrid Kilic,Ingrid.Kilic@BiTermTest.com,Enabled,Standard User,No,2016-08-08,2026-07-22
ZOFIA.FEDOROV,Zofia Fedorov,Zofia.Fedorov@BiTermTest.com,Enabled,Standard User,No,2016-08-08,2026-06-25
DMITRI.CARVALHO,Dmitri Carvalho,Dmitri.Carvalho@BiTermTest.com,Disabled,Standard User,No,2016-07-25,2026-06-30
SANNE.CONTI,Sanne Conti,Sanne.Conti@BiTermTest.com,Enabled,Read Only,No,2016-07-18,2026-07-18
ZOFIA.ALMEIDA,Zofia Almeida,Zofia.Almeida@BiTermTest.com,Enabled,Standard User,No,2016-07-15,2026-06-24
ESHAN.CARDOSO,Eshan Cardoso,Eshan.Cardoso@BiTermTest.com,Enabled,Standard User,No,2016-07-11,2026-06-24
PARVIN.ORLOV,Parvin Orlov,Parvin.Orlov@BiTermTest.com,Enabled,Standard User,No,2016-07-05,2026-06-24
ROHAN.VISSER,Rohan Visser,Rohan.Visser@BiTermTest.com,Enabled,Standard User,No,2016-06-30,2026-07-04
BOGDAN.WOZNIAK,Bogdan Wozniak,Bogdan.Wozniak@BiTermTest.com,Enabled,Read Only,No,2016-06-20,2026-06-15
RAFAEL.MAALOUF,Rafael Maalouf,Rafael.Maalouf@BiTermTest.com,Enabled,Administrator,Yes,2016-05-31,2026-06-24
ZAHRA.CAMILLERI,Zahra Camilleri,Zahra.Camilleri@BiTermTest.com,Enabled,Standard User,No,2016-05-31,2026-07-05
FERNANDA.MULDER,Fernanda Mulder,Fernanda.Mulder@BiTermTest.com,Enabled,Standard User,No,2016-05-30,2026-06-10
Linh.Kirigaya,Linh Kirigaya,Linh.Kirigaya@BiTermTest.com,Enabled,Power User,No,2016-05-16,2026-06-22
BJORN.GHANEM,Bjorn Ghanem,Bjorn.Ghanem@BiTermTest.com,Enabled,Standard User,No,2016-05-16,2026-06-30
Naoko.Desai,Naoko Desai,Naoko.Desai@BiTermTest.com,Enabled,Read Only,No,2016-05-09,2026-06-19
YEVHEN.STOJANOVIC,Yevhen Stojanovic,Yevhen.Stojanovic@BiTermTest.com,Enabled,Standard User,No,2016-05-09,2026-06-15
FIRUZA.DEVRIES,Firuza Devries,Firuza.Devries@BiTermTest.com,Enabled,Read Only,No,2016-04-21,2026-06-22
Milan.Kulkarni,Milan Kulkarni,Milan.Kulkarni@BiTermTest.com,Enabled,Standard User,No,2016-04-11,2026-07-10
MARTA.CARDOSO,Marta Cardoso,Marta.Cardoso@BiTermTest.com,Enabled,Administrator,Yes,2016-04-04,2026-06-10
Sigrid.Lundgren,Sigrid Lundgren,Sigrid.Lundgren@BiTermTest.com,Enabled,Standard User,No,2016-03-28,2026-07-19
Bjorn.Dabrowski,Bjorn Dabrowski,Bjorn.Dabrowski@BiTermTest.com,Enabled,Power User,No,2016-03-14,2026-07-09
UNAI.NASSAR,Unai Nassar,Unai.Nassar@BiTermTest.com,Enabled,Standard User,No,2016-02-29,2026-06-10
ANAHI.LINDQVIST,Anahi Lindqvist,Anahi.Lindqvist@BiTermTest.com,Enabled,Read Only,No,2016-02-29,2026-06-12
VOLKAN.TEIXEIRA,Volkan Teixeira,Volkan.Teixeira@BiTermTest.com,Enabled,Standard User,No,2016-02-25,2026-06-19
WILLEM.ASANTE,Willem Asante,Willem.Asante@BiTermTest.com,Enabled,Administrator,Yes,2016-02-22,2026-06-13
WILLEM.FEDOROV,Willem Fedorov,Willem.Fedorov@BiTermTest.com,Enabled,Standard User,No,2020-04-06,2026-06-28
IZARO.CARDOSO,Izaro Cardoso,Izaro.Cardoso@BiTermTest.com,Enabled,Standard User,No,2024-08-12,2026-06-25
GITA.SAKAMOTO,Gita Sakamoto,Gita.Sakamoto@BiTermTest.com,Enabled,Standard User,No,2024-07-15,2026-07-08
VOLKAN.TEIXEIRA,Volkan Teixeira,Volkan.Teixeira@BiTermTest.com,Enabled,Standard User,No,2024-07-08,2026-06-19
ANAHI.GUPTA,Anahi Gupta,Anahi.Gupta@BiTermTest.com,Enabled,Standard User,No,2024-06-10,2026-06-21
HANA.TRIVEDI,Hana Trivedi,Hana.Trivedi@BiTermTest.com,Disabled,Standard User,No,2024-06-10,2026-06-27
ANAHI.VOSBERG,Anahi Vosberg,Anahi.Vosberg@BiTermTest.com,Enabled,Standard User,No,2024-05-22,2026-07-15
NAYELI.JOVANOVIC,Nayeli Jovanovic,Nayeli.Jovanovic@BiTermTest.com,Enabled,Standard User,No,2024-05-22,2026-07-17
ZOFIA.ALMEIDA,Zofia Almeida,Zofia.Almeida@BiTermTest.com,Enabled,Standard User,No,2024-05-13,2026-06-24
LARS.BOATENG,Lars Boateng,Lars.Boateng@BiTermTest.com,Disabled,Standard User,No,2024-04-29,2026-06-09
JEROEN.VOLKOV,Jeroen Volkov,Jeroen.Volkov@BiTermTest.com,Enabled,Standard User,No,2021-05-24,2026-06-23
AINHOA.WOJCIK,Ainhoa Wojcik,Ainhoa.Wojcik@BiTermTest.com,Enabled,Read Only,No,2021-05-24,2026-06-14
CITLALI.NGO,Citlali Ngo,Citlali.Ngo@BiTermTest.com,Enabled,Standard User,No,2021-05-18,2026-06-27
UMAR.BARONE,Umar Barone,Umar.Barone@BiTermTest.com,Enabled,Standard User,No,2021-05-17,2026-07-20
ZAHRA.DEVRIES,Zahra Devries,Zahra.Devries@BiTermTest.com,Enabled,Power User,No,2021-05-17,2026-06-29
TEODORA.RAO,Teodora Rao,Teodora.Rao@BiTermTest.com,Enabled,Standard User,No,2021-05-17,2026-07-02
MATTEO.SAKAMOTO,Matteo Sakamoto,Matteo.Sakamoto@BiTermTest.com,Enabled,Standard User,No,2021-04-26,2026-07-08
BASIM.DEKKER,Basim Dekker,Basim.Dekker@BiTermTest.com,Disabled,Standard User,No,2021-04-19,2026-07-05
RENATA.ATTARD,Renata Attard,Renata.Attard@BiTermTest.com,Enabled,Read Only,No,2021-04-13,2026-07-04
SANJAY.BANERJEE,Sanjay Banerjee,Sanjay.Banerjee@BiTermTest.com,Enabled,Standard User,No,2021-04-12,2026-07-18
FERNANDA.MENSAH,Fernanda Mensah,Fernanda.Mensah@BiTermTest.com,Enabled,Read Only,No,2021-04-12,2026-07-15
LINH.MALHOTRA,Linh Malhotra,Linh.Malhotra@BiTermTest.com,Enabled,Standard User,No,2021-04-05,2026-06-22
ESHAN.NOWAK,Eshan Nowak,Eshan.Nowak@BiTermTest.com,Enabled,Standard User,No,2021-03-29,2026-07-22
SIPHO.MUKHERJEE,Sipho Mukherjee,Sipho.Mukherjee@BiTermTest.com,Enabled,Standard User,No,2022-05-31,2026-07-13
UMAR.DOGAN,Umar Dogan,Umar.Dogan@BiTermTest.com,Enabled,Standard User,No,2022-05-16,2026-07-21
LAN.VOSBERG,Lan Vosberg,Lan.Vosberg@BiTermTest.com,Enabled,Administrator,Yes,2022-05-09,2026-06-24
NIKOLAI.GALLO,Nikolai Gallo,Nikolai.Gallo@BiTermTest.com,Enabled,Standard User,No,2022-05-09,2026-07-04
BEATRIZ.KHOURY,Beatriz Khoury,Beatriz.Khoury@BiTermTest.com,Enabled,Standard User,No,2022-05-02,2026-06-11
SULEIMAN.FUJIMOTO,Suleiman Fujimoto,Suleiman.Fujimoto@BiTermTest.com,Enabled,Standard User,No,2022-04-29,2026-06-26
ROISIN.MAZUR,Roisin Mazur,Roisin.Mazur@BiTermTest.com,Enabled,Standard User,No,2022-04-27,2026-07-02
TAO.TAKAHASHI,Tao Takahashi,Tao.Takahashi@BiTermTest.com,Enabled,Read Only,No,2022-04-18,2026-07-10
MAITE.TITOV,Maite Titov,Maite.Titov@BiTermTest.com,Enabled,Power User,No,2022-04-14,2026-07-18
FARID.OZTURK,Farid Ozturk,Farid.Ozturk@BiTermTest.com,Enabled,Standard User,No,2022-04-11,2026-07-13
HUONG.GIRMA,Huong Girma,Huong.Girma@BiTermTest.com,Enabled,Standard User,No,2022-04-11,2026-06-12
CUAUHTEMOC.BARAKA,Cuauhtemoc Baraka,Cuauhtemoc.Baraka@BiTermTest.com,Enabled,Read Only,No,2022-04-04,2026-06-16
DALIA.NOVAK,Dalia Novak,Dalia.Novak@BiTermTest.com,Enabled,Standard User,No,2022-04-04,2026-07-17
BAO.TRAORE,Bao Traore,Bao.Traore@BiTermTest.com,Disabled,Standard User,No,2022-04-04,2026-06-23
NEMANJA.KAMINSKI,Nemanja Kaminski,Nemanja.Kaminski@BiTermTest.com,Enabled,Standard User,No,2022-03-28,2026-06-29
JELANI.GUPTA,Jelani Gupta,Jelani.Gupta@BiTermTest.com,Disabled,Standard User,No,2022-03-28,2026-07-19
Rashida.Jankowski,Rashida Jankowski,Rashida.Jankowski@BiTermTest.com,Enabled,Read Only,No,2015-01-01,2026-06-30
Naoko.Sleiman,Naoko Sleiman,Naoko.Sleiman@BiTermTest.com,Enabled,Standard User,No,2015-01-01,2026-06-16
BEATRIZ.FARRUGIA,Beatriz Farrugia,Beatriz.Farrugia@BiTermTest.com,Enabled,Power User,No,2015-01-01,2026-07-21
MAHMOUD.DELUCA,Mahmoud Deluca,Mahmoud.Deluca@BiTermTest.com,Enabled,Standard User,No,2015-01-01,2026-06-21
RAFAEL.ATTARD,Rafael Attard,Rafael.Attard@BiTermTest.com,Enabled,Standard User,No,2014-12-29,2026-07-22
FREJA.MEHTA,Freja Mehta,Freja.Mehta@BiTermTest.com,Enabled,Power User,No,2014-12-01,2026-07-11
TAO.IVANOV,Tao Ivanov,Tao.Ivanov@BiTermTest.com,Enabled,Standard User,No,2014-11-24,2026-06-19
PADRAIG.JOVANOVIC,Padraig Jovanovic,Padraig.Jovanovic@BiTermTest.com,Enabled,Read Only,No,2014-11-24,2026-06-18
ESHAN.RAO,Eshan Rao,Eshan.Rao@BiTermTest.com,Enabled,Standard User,No,2014-11-10,2026-07-07
OIHANE.KURODA,Oihane Kuroda,Oihane.Kuroda@BiTermTest.com,Enabled,Standard User,No,2014-11-06,2026-06-25
SIOBHAN.HOLMGREN,Siobhan Holmgren,Siobhan.Holmgren@BiTermTest.com,Enabled,Standard User,No,2014-10-27,2026-07-01
DENIZ.VARMA,Deniz Varma,Deniz.Varma@BiTermTest.com,Enabled,Read Only,No,2014-10-17,2026-06-08
ZAHRA.CAMILLERI,Zahra Camilleri,Zahra.Camilleri@BiTermTest.com,Enabled,Standard User,No,2014-10-14,2026-07-05
TEODORA.FERREIRA,Teodora Ferreira,Teodora.Ferreira@BiTermTest.com,Enabled,Power User,No,2014-10-13,2026-07-04
TOMASZ.MEKONNEN,Tomasz Mekonnen,Tomasz.Mekonnen@BiTermTest.com,Enabled,Standard User,No,2014-10-13,2026-07-04
Sanne.Teixeira,Sanne Teixeira,Sanne.Teixeira@BiTermTest.com,Enabled,Administrator,Yes,2014-10-13,2026-02-05
MARISOL.PETROVIC,Marisol Petrovic,Marisol.Petrovic@BiTermTest.com,Enabled,Power User,No,2014-10-06,2026-06-26
HENRYK.ASANTE,Henryk Asante,Henryk.Asante@BiTermTest.com,Enabled,Standard User,No,2014-10-06,2026-07-01
Cillian.Demir,Cillian Demir,Cillian.Demir@BiTermTest.com,Enabled,Read Only,No,2014-09-29,2026-07-12
Roisin.Ozturk,Roisin Ozturk,Roisin.Ozturk@BiTermTest.com,Enabled,Standard User,No,2014-09-29,2026-07-16
CHIDI.CHOPRA,Chidi Chopra,Chidi.Chopra@BiTermTest.com,Enabled,Standard User,No,2014-09-29,2026-06-10
TRUNG.KEBEDE,Trung Kebede,Trung.Kebede@BiTermTest.com,Enabled,Standard User,No,2014-09-29,2026-06-10
JOAO.AZEVEDO,Joao Azevedo,Joao.Azevedo@BiTermTest.com,Enabled,Standard User,No,2014-09-29,2026-06-22
Kavita.Afolabi,Kavita Afolabi,Kavita.Afolabi@BiTermTest.com,Enabled,Standard User,No,2014-09-29,2026-07-02
TEODORA.BARBOSA,Teodora Barbosa,Teodora.Barbosa@BiTermTest.com,Enabled,Read Only,No,2014-09-26,2026-07-17
NALEDI.AMARI,Naledi Amari,Naledi.Amari@BiTermTest.com,Enabled,Standard User,No,2014-09-22,2026-07-05
GITA.EZEANI,Gita Ezeani,Gita.Ezeani@BiTermTest.com,Enabled,Standard User,No,2014-09-15,2026-06-16
THAO.MOROZOV,Thao Morozov,Thao.Morozov@BiTermTest.com,Enabled,Read Only,No,2014-09-08,2026-07-21
LINH.MULDER,Linh Mulder,Linh.Mulder@BiTermTest.com,Enabled,Power User,No,2014-09-08,2026-06-23
TENOCH.NDIAYE,Tenoch Ndiaye,Tenoch.Ndiaye@BiTermTest.com,Enabled,Standard User,No,2014-08-25,2026-07-05
HUI.ESPOSITO,Hui Esposito,Hui.Esposito@BiTermTest.com,Enabled,Administrator,Yes,2014-08-11,2026-06-30
DIEGO.AZEVEDO,Diego Azevedo,Diego.Azevedo@BiTermTest.com,Enabled,Standard User,No,2014-08-05,2026-06-26
Ximena.Trivedi,Ximena Trivedi,Ximena.Trivedi@BiTermTest.com,Enabled,Standard User,No,2014-07-28,2026-06-12
RAFAEL.VUONG,Rafael Vuong,Rafael.Vuong@BiTermTest.com,Enabled,Standard User,No,2014-07-14,2026-06-15
FEMKE.HADDAD,Femke Haddad,Femke.Haddad@BiTermTest.com,Enabled,Standard User,No,2014-07-11,2026-06-23
Naledi.Nassar,Naledi Nassar,Naledi.Nassar@BiTermTest.com,Enabled,Standard User,No,2014-07-07,2026-06-11
REN.KWON,Ren Kwon,Ren.Kwon@BiTermTest.com,Enabled,Standard User,No,2014-06-16,2026-07-04
AYLIN.FUJIMOTO,Aylin Fujimoto,Aylin.Fujimoto@BiTermTest.com,Enabled,Power User,No,2014-06-09,2026-07-21
AOI.OZTURK,Aoi Ozturk,Aoi.Ozturk@BiTermTest.com,Enabled,Read Only,No,2014-06-02,2026-07-08
DAKSOY,Diego Aksoy,Diego.Aksoy@BiTermTest.com,Enabled,Read Only,No,2006-10-09,2026-06-20
DMULDER,Duc Mulder,Duc.Mulder@BiTermTest.com,Enabled,Standard User,No,2006-09-25,2026-07-17
NTESFAYE,Naoko Tesfaye,Naoko.Tesfaye@BiTermTest.com,Enabled,Read Only,No,2006-09-20,2026-06-29
TFERREIRA,Teodora Ferreira,Teodora.Ferreira@BiTermTest.com,Enabled,Standard User,No,2006-08-31,2026-07-02
OCELIK,Oihane Celik,Oihane.Celik@BiTermTest.com,Enabled,Standard User,No,2006-08-14,2026-06-15
GDESAI,Gita Desai,Gita.Desai@BiTermTest.com,Enabled,Standard User,No,2006-08-07,2026-07-07
CHIARA.HADDAD,Chiara Haddad,Chiara.Haddad@BiTermTest.com,Enabled,Standard User,No,2006-08-07,2026-06-09
DUC.DOGAN,Duc Dogan,Duc.Dogan@BiTermTest.com,Enabled,Standard User,No,2006-07-26,2026-07-20
VMARINO,Volkan Marino,Volkan.Marino@BiTermTest.com,Enabled,Standard User,No,2006-07-24,2026-07-09
RAFAEL.ATTARD,Rafael Attard,Rafael.Attard@BiTermTest.com,Enabled,Standard User,No,2006-07-20,2026-07-22
ISAHIN,Izaro Sahin,Izaro.Sahin@BiTermTest.com,Enabled,Power User,No,2006-07-17,2026-06-29
RMUKHERJEE,Rashida Mukherjee,Rashida.Mukherjee@BiTermTest.com,Enabled,Standard User,No,2006-07-10,2026-06-28
GVELLA,Gita Vella,Gita.Vella@BiTermTest.com,Enabled,Standard User,No,2006-06-08,2026-07-12
TBALOGUN,Tahira Balogun,Tahira.Balogun@BiTermTest.com,Enabled,Standard User,No,2006-06-01,2026-06-08
Umar.Hoshino,Umar Hoshino,Umar.Hoshino@BiTermTest.com,Enabled,Power User,No,2006-05-29,2026-07-13
EVANDENBERG,Eamon Vandenberg,Eamon.Vandenberg@BiTermTest.com,Enabled,Standard User,No,2006-05-09,2026-06-08
LMICALLEF,Lan Micallef,Lan.Micallef@BiTermTest.com,Enabled,Standard User,No,2006-04-24,2026-07-17
AMIFSUD,Astrid Mifsud,Astrid.Mifsud@BiTermTest.com,Enabled,Standard User,No,2006-03-01,2026-06-26
ZAHRA.DUONG,Zahra Duong,Zahra.Duong@BiTermTest.com,Enabled,Standard User,No,2006-02-27,2026-06-08
APILLAI,Anwar Pillai,Anwar.Pillai@BiTermTest.com,Enabled,Standard User,No,2006-02-24,2026-07-18
YOBIORA,Yaretzi Obiora,Yaretzi.Obiora@BiTermTest.com,Enabled,Standard User,No,2006-02-16,2026-07-17
Kofi.Bosman,Kofi Bosman,Kofi.Bosman@BiTermTest.com,Enabled,Read Only,No,2006-02-10,2026-07-22
MNYSTROM,Mei Nystrom,Mei.Nystrom@BiTermTest.com,Enabled,Standard User,No,2006-02-06,2026-06-30
JHOANG,Jeroen Hoang,Jeroen.Hoang@BiTermTest.com,Enabled,Standard User,No,2006-01-31,2026-06-26
PMEHTA,Parvin Mehta,Parvin.Mehta@BiTermTest.com,Enabled,Read Only,No,2006-01-23,2026-06-17
XBOSMAN,Xiu Bosman,Xiu.Bosman@BiTermTest.com,Enabled,Standard User,No,2005-12-12,2026-06-20
AOKONKWO,Arjun Okonkwo,Arjun.Okonkwo@BiTermTest.com,Enabled,Standard User,No,2005-12-05,2026-07-21
AVISSER,Aylin Visser,Aylin.Visser@BiTermTest.com,Enabled,Standard User,No,2005-12-05,2026-07-10
SKAYA,Soren Kaya,Soren.Kaya@BiTermTest.com,Enabled,Standard User,No,2005-11-28,2026-07-22
XDEMIR,Ximena Demir,Ximena.Demir@BiTermTest.com,Enabled,Standard User,No,2005-11-08,2026-07-02
XCHUKWU,Ximena Chukwu,Ximena.Chukwu@BiTermTest.com,Enabled,Standard User,No,2005-11-07,2026-07-11
LEILA.OKONKWO,Leila Okonkwo,Leila.Okonkwo@BiTermTest.com,Enabled,Read Only,No,2005-11-07,2026-07-14
LMULDER,Leila Mulder,Leila.Mulder@BiTermTest.com,Enabled,Read Only,No,2005-10-17,2026-07-08
SKAPOOR,Seda Kapoor,Seda.Kapoor@BiTermTest.com,Enabled,Standard User,No,2005-08-18,2026-07-13
VRAHAL,Volkan Rahal,Volkan.Rahal@BiTermTest.com,Enabled,Administrator,Yes,2005-08-15,2026-07-02
AGRECO,Anahi Greco,Anahi.Greco@BiTermTest.com,Disabled,Standard User,No,2005-08-11,2026-07-04
HISHIKAWA,Hamid Ishikawa,Hamid.Ishikawa@BiTermTest.com,Enabled,Standard User,No,2005-08-10,2026-07-20
MARTA.PETROVIC,Marta Petrovic,Marta.Petrovic@BiTermTest.com,Enabled,Power User,No,2005-08-01,2026-07-17
Rashida.Bekele,Rashida Bekele,Rashida.Bekele@BiTermTest.com,Enabled,Standard User,No,2005-06-22,2026-06-18
AFORSBERG,Arjun Forsberg,Arjun.Forsberg@BiTermTest.com,Enabled,Read Only,No,2005-06-13,2026-07-14
KBARAKA,Kavita Baraka,Kavita.Baraka@BiTermTest.com,Enabled,Standard User,No,2005-06-06,2026-07-11
Lotte.Micallef,Lotte Micallef,Lotte.Micallef@BiTermTest.com,Enabled,Read Only,No,2005-05-30,2026-06-16
IWOZNIAK,Izaro Wozniak,Izaro.Wozniak@BiTermTest.com,Enabled,Administrator,Yes,2005-05-23,2026-07-17
Aylin.Rao,Aylin Rao,Aylin.Rao@BiTermTest.com,Enabled,Standard User,No,2005-04-04,2026-06-09
CALMEIDA,Chidi Almeida,Chidi.Almeida@BiTermTest.com,Enabled,Standard User,No,2005-03-09,2026-07-02
CARSLAN,Chiara Arslan,Chiara.Arslan@BiTermTest.com,Enabled,Read Only,No,2005-03-07,2026-07-15
TOMASZ.MEKONNEN,Tomasz Mekonnen,Tomasz.Mekonnen@BiTermTest.com,Enabled,Standard User,No,2005-03-01,2026-07-04
Dragan.Mulder,Dragan Mulder,Dragan.Mulder@BiTermTest.com,Enabled,Standard User,No,2005-03-01,2026-06-13
DENIZ.MARINO,Deniz Marino,Deniz.Marino@BiTermTest.com,Enabled,Power User,No,2005-02-23,2026-06-11
ERAHAL,Emre Rahal,Emre.Rahal@BiTermTest.com,Enabled,Read Only,No,2005-02-17,2026-06-12
FRAHAL,Femi Rahal,Femi.Rahal@BiTermTest.com,Enabled,Standard User,No,2005-02-14,2026-07-16
ZUCHIDA,Zofia Uchida,Zofia.Uchida@BiTermTest.com,Enabled,Standard User,No,2005-02-14,2026-07-09
KALMEIDA,Kofi Almeida,Kofi.Almeida@BiTermTest.com,Enabled,Standard User,No,2005-01-20,2026-07-17
TYAMAMOTO,Trung Yamamoto,Trung.Yamamoto@BiTermTest.com,Enabled,Power User,No,2004-12-20,2026-07-20
ISOWANDE,Izaro Sowande,Izaro.Sowande@BiTermTest.com,Enabled,Read Only,No,2004-12-13,2026-07-16
HTRIVEDI,Hana Trivedi,Hana.Trivedi@BiTermTest.com,Enabled,Standard User,No,2004-12-06,2026-06-30
RZAMMIT,Roisin Zammit,Roisin.Zammit@BiTermTest.com,Enabled,Standard User,No,2004-12-01,2026-06-26
KDANG,Katya Dang,Katya.Dang@BiTermTest.com,Enabled,Standard User,No,2004-11-29,2026-07-02
MESPOSITO,Mei Esposito,Mei.Esposito@BiTermTest.com,Enabled,Standard User,No,2004-11-29,2026-07-01
THOLMGREN,Thao Holmgren,Thao.Holmgren@BiTermTest.com,Enabled,Standard User,No,2004-11-15,2026-07-09
OSOKOLOV,Oihane Sokolov,Oihane.Sokolov@BiTermTest.com,Enabled,Standard User,No,2004-11-01,2026-07-18
Femke.Forsberg,Femke Forsberg,Femke.Forsberg@BiTermTest.com,Enabled,Standard User,No,2004-10-01,2026-06-12
NVISSER,Nayeli Visser,Nayeli.Visser@BiTermTest.com,Enabled,Administrator,Yes,2004-09-27,2026-07-06
MMARINO,Maite Marino,Maite.Marino@BiTermTest.com,Enabled,Standard User,No,2004-09-14,2026-06-15
PARVIN.LEWANDOWSKI,Parvin Lewandowski,Parvin.Lewandowski@BiTermTest.com,Disabled,Standard User,No,2021-11-08,2026-06-08
ANDRES.HORVAT,Andres Horvat,Andres.Horvat@BiTermTest.com,Enabled,Power User,No,2021-11-01,2026-06-28
BAO.GRECH,Bao Grech,Bao.Grech@BiTermTest.com,Enabled,Read Only,No,2021-11-01,2026-06-28
FENG.VUONG,Feng Vuong,Feng.Vuong@BiTermTest.com,Enabled,Standard User,No,2023-06-26,2026-06-28
VOLKAN.RAHAL,Volkan Rahal,Volkan.Rahal@BiTermTest.com,Enabled,Standard User,No,2023-06-12,2026-06-11
QUANG.AZEVEDO,Quang Azevedo,Quang.Azevedo@BiTermTest.com,Enabled,Standard User,No,2023-06-12,2026-06-12
LARS.STOJANOVIC,Lars Stojanovic,Lars.Stojanovic@BiTermTest.com,Enabled,Standard User,No,2023-06-12,2026-06-12
ROISIN.OZTURK,Roisin Ozturk,Roisin.Ozturk@BiTermTest.com,Enabled,Standard User,No,2023-06-12,2026-06-28
SEDA.HOLMGREN,Seda Holmgren,Seda.Holmgren@BiTermTest.com,Enabled,Standard User,No,2023-06-12,2026-06-28
JOAO.YOON,Joao Yoon,Joao.Yoon@BiTermTest.com,Enabled,Standard User,No,2023-06-12,2026-07-09
PETRO.MENON,Petro Menon,Petro.Menon@BiTermTest.com,Enabled,Standard User,No,2023-06-12,2026-07-14
TOMASZ.GRECO,Tomasz Greco,Tomasz.Greco@BiTermTest.com,Enabled,Standard User,No,2023-06-12,2026-07-15
AGNIESZKA.NOVAK,Agnieszka Novak,Agnieszka.Novak@BiTermTest.com,Enabled,Standard User,No,2023-05-08,2026-06-14
FENG.MIFSUD,Feng Mifsud,Feng.Mifsud@BiTermTest.com,Enabled,Read Only,No,2021-10-20,2026-06-10
BEATRIZ.HAILE,Beatriz Haile,Beatriz.Haile@BiTermTest.com,Enabled,Standard User,No,2021-10-19,2026-07-13
NALEDI.NASSAR,Naledi Nassar,Naledi.Nassar@BiTermTest.com,Disabled,Standard User,No,2021-10-19,2026-06-18
VANDANA.KAYA,Vandana Kaya,Vandana.Kaya@BiTermTest.com,Enabled,Read Only,No,2021-10-18,2026-06-19
TAO.ORLOV,Tao Orlov,Tao.Orlov@BiTermTest.com,Enabled,Standard User,No,2021-10-18,2026-07-15
MINHO.MICALLEF,Minho Micallef,Minho.Micallef@BiTermTest.com,Enabled,Standard User,No,2021-10-11,2026-06-18
JOAO.TITOV,Joao Titov,Joao.Titov@BiTermTest.com,Enabled,Standard User,No,2021-10-11,2026-06-21
MMEIJER,Mikkel Meijer,Mikkel.Meijer@BiTermTest.com,Enabled,Standard User,No,2021-10-11,2026-06-14
BOGDAN.BAE,Bogdan Bae,Bogdan.Bae@BiTermTest.com,Enabled,Standard User,No,2021-10-04,2026-06-13
BIANCA.PIOTROWSKI,Bianca Piotrowski,Bianca.Piotrowski@BiTermTest.com,Enabled,Standard User,No,2021-10-04,2026-07-12
CHIDI.CHUKWU,Chidi Chukwu,Chidi.Chukwu@BiTermTest.com,Enabled,Standard User,No,2021-09-28,2026-06-11
INGRID.HENDRIKS,Ingrid Hendriks,Ingrid.Hendriks@BiTermTest.com,Enabled,Standard User,No,2021-09-27,2026-07-01
LORENZO.RAHAL,Lorenzo Rahal,Lorenzo.Rahal@BiTermTest.com,Enabled,Standard User,No,2021-09-20,2026-07-01
JISHIKAWA,Janusz Ishikawa,Janusz.Ishikawa@BiTermTest.com,Enabled,Read Only,No,2004-08-30,2026-06-21
YAN.HENDRIKS,Yan Hendriks,Yan.Hendriks@BiTermTest.com,Enabled,Standard User,No,2004-08-30,2026-07-04
MPHAM,Minh Pham,Minh.Pham@BiTermTest.com,Enabled,Standard User,No,2004-08-02,2026-07-07
RKIRIGAYA,Rafael Kirigaya,Rafael.Kirigaya@BiTermTest.com,Enabled,Standard User,No,2004-08-02,2026-06-30
MGALLO,Maite Gallo,Maite.Gallo@BiTermTest.com,Enabled,Standard User,No,2004-07-12,2026-07-19
JDUONG,Jeroen Duong,Jeroen.Duong@BiTermTest.com,Enabled,Standard User,No,2004-07-12,2026-06-19
DALIA.NOVAK,Dalia Novak,Dalia.Novak@BiTermTest.com,Enabled,Standard User,No,2004-06-29,2026-07-17
Priya.Mifsud,Priya Mifsud,Priya.Mifsud@BiTermTest.com,Enabled,Standard User,No,2004-06-07,2026-06-23
DIVANOV,Declan Ivanov,Declan.Ivanov@BiTermTest.com,Enabled,Read Only,No,2004-05-10,2026-06-24
KLEMMA,Kofi Lemma,Kofi.Lemma@BiTermTest.com,Enabled,Standard User,No,2004-04-19,2026-07-01
ABALOGUN,Arjun Balogun,Arjun.Balogun@BiTermTest.com,Enabled,Standard User,No,2004-04-05,2026-06-25
TPOLAT,Trung Polat,Trung.Polat@BiTermTest.com,Enabled,Standard User,No,2004-04-01,2026-07-04
RWORKU,Rafael Worku,Rafael.Worku@BiTermTest.com,Enabled,Standard User,No,2004-04-01,2026-07-03
EASLAN,Eneko Aslan,Eneko.Aslan@BiTermTest.com,Enabled,Standard User,No,2003-11-24,2026-06-27
PALMEIDA,Padraig Almeida,Padraig.Almeida@BiTermTest.com,Enabled,Administrator,Yes,2003-10-06,2026-06-10
Haruto.Kaminski,Haruto Kaminski,Haruto.Kaminski@BiTermTest.com,Enabled,Standard User,No,2003-09-14,2026-07-12
AMUKHERJEE,Aoi Mukherjee,Aoi.Mukherjee@BiTermTest.com,Enabled,Standard User,No,2003-07-11,2026-06-23
CBOSMAN,Camila Bosman,Camila.Bosman@BiTermTest.com,Enabled,Standard User,No,2003-05-28,2026-07-04
DBARONE,Deniz Barone,Deniz.Barone@BiTermTest.com,Enabled,Standard User,No,2003-05-05,2026-07-08
HANA.RICCI,Hana Ricci,Hana.Ricci@BiTermTest.com,Enabled,Read Only,No,2003-05-01,2026-07-07
ORAO,Oksana Rao,Oksana.Rao@BiTermTest.com,Enabled,Standard User,No,2003-04-28,2026-07-06
XOWUSU,Ximena Owusu,Ximena.Owusu@BiTermTest.com,Enabled,Read Only,No,2003-04-10,2026-07-05
THABO.NOVAK,Thabo Novak,Thabo.Novak@BiTermTest.com,Enabled,Standard User,No,2003-04-07,2026-06-26
BRAM.ASLAN,Bram Aslan,Bram.Aslan@BiTermTest.com,Enabled,Standard User,No,2003-03-31,2026-06-18
ZBALOGUN,Zahra Balogun,Zahra.Balogun@BiTermTest.com,Enabled,Standard User,No,2003-03-03,2026-07-22
JELANI.VOSBERG,Jelani Vosberg,Jelani.Vosberg@BiTermTest.com,Disabled,Standard User,No,2003-01-27,2026-06-28
Amara.Esposito,Amara Esposito,Amara.Esposito@BiTermTest.com,Enabled,Standard User,No,2003-01-01,2026-07-16
JCHOPRA,Jeroen Chopra,Jeroen.Chopra@BiTermTest.com,Enabled,Read Only,No,2002-09-09,2026-06-18
SULEIMAN.ARSLAN,Suleiman Arslan,Suleiman.Arslan@BiTermTest.com,Enabled,Standard User,No,2002-07-26,2026-07-19
RENATA.MENON,Renata Menon,Renata.Menon@BiTermTest.com,Enabled,Standard User,No,2002-07-24,2026-07-02
QFONSECA,Qfonseca2 User,QFonseca2@BiTermTest.com,Enabled,Read Only,No,2002-07-11,2026-06-18
NVISSER,Nayeli Visser,Nayeli.Visser@BiTermTest.com,Enabled,Administrator,Yes,2002-06-10,2026-07-06
Aoife.Vosberg,Aoife Vosberg,Aoife.Vosberg@BiTermTest.com,Enabled,Standard User,No,2002-05-29,2026-06-23
OKSANA.ABEBE,Oksana Abebe,Oksana.Abebe@BiTermTest.com,Enabled,Power User,No,2026-03-12,2026-06-21
VOLKAN.RAHAL,Volkan Rahal,Volkan.Rahal@BiTermTest.com,Enabled,Standard User,No,2026-02-12,2026-06-11
OKSANA.FARRUGIA,Oksana Farrugia,Oksana.Farrugia@BiTermTest.com,Enabled,Read Only,No,2025-12-21,2026-06-16
ELIF.FERREIRA,Elif Ferreira,Elif.Ferreira@BiTermTest.com,Enabled,Standard User,No,2025-10-20,2026-06-25
KATYA.MULDER,Katya Mulder,Katya.Mulder@BiTermTest.com,Enabled,Power User,No,2025-10-13,2026-07-11
ANOUK.SOKOLOV,Anouk Sokolov,Anouk.Sokolov@BiTermTest.com,Enabled,Standard User,No,2002-05-20,2026-06-10
IMEIJER,Ilya Meijer,Ilya.Meijer@BiTermTest.com,Enabled,Power User,No,2002-04-22,2026-06-08
HEZEANI,Hamid Ezeani,Hamid.Ezeani@BiTermTest.com,Enabled,Standard User,No,2002-02-04,2026-07-20
NDESHPANDE,Nayeli Deshpande,Nayeli.Deshpande@BiTermTest.com,Enabled,Standard User,No,2001-12-04,2026-06-16
KIVANOV,Katya Ivanov,Katya.Ivanov@BiTermTest.com,Enabled,Power User,No,2001-10-29,2026-06-18
XNAIR,Ximena Nair,Ximena.Nair@BiTermTest.com,Enabled,Power User,No,2001-08-13,2026-06-29
KMAALOUF,Kofi Maalouf,Kofi.Maalouf@BiTermTest.com,Enabled,Standard User,No,2001-07-30,2026-07-03
QUANG.AZEVEDO,Quang Azevedo,Quang.Azevedo@BiTermTest.com,Enabled,Standard User,No,2001-07-23,2026-06-12
Lars.Kaya,Lars Kaya,Lars.Kaya@BiTermTest.com,Enabled,Read Only,No,2001-07-12,2026-07-10
Anouk.Devries,Anouk Devries,Anouk.Devries@BiTermTest.com,Enabled,Standard User,No,2001-07-03,2026-06-13
KPHAM,Kenji Pham,Kenji.Pham@BiTermTest.com,Enabled,Standard User,No,2001-06-27,2026-06-13
YYILMAZ,Yevhen Yilmaz,Yevhen.Yilmaz@BiTermTest.com,Enabled,Read Only,No,2001-06-25,2026-06-28
MPETROVIC,Marta Petrovic,Marta.Petrovic@BiTermTest.com,Enabled,Standard User,No,2001-06-07,2026-06-22
TTRUONG,Tariq Truong,Tariq.Truong@BiTermTest.com,Enabled,Standard User,No,2001-03-27,2026-07-06
EJANKOWSKI,Elif Jankowski,Elif.Jankowski@BiTermTest.com,Enabled,Read Only,No,2001-02-26,2026-06-28
AFUJIMOTO,Andres Fujimoto,Andres.Fujimoto@BiTermTest.com,Disabled,Power User,No,2001-02-06,2026-06-09
JPOLAT,Jelani Polat,Jelani.Polat@BiTermTest.com,Enabled,Standard User,No,2001-01-29,2026-07-17
ASZYMANSKI,Ainhoa Szymanski,Ainhoa.Szymanski@BiTermTest.com,Enabled,Standard User,No,2000-12-22,2026-06-21
MREDDY,Mahmoud Reddy,Mahmoud.Reddy@BiTermTest.com,Enabled,Standard User,No,2000-12-18,2026-06-15
FKOBAYASHI,Firuza Kobayashi,Firuza.Kobayashi@BiTermTest.com,Enabled,Administrator,Yes,2000-12-11,2026-07-13
MDOGAN,Matteo Dogan,Matteo.Dogan@BiTermTest.com,Enabled,Read Only,No,2000-12-04,2026-07-02
SANNE.KHOURY,Sanne Khoury,Sanne.Khoury@BiTermTest.com,Enabled,Standard User,No,2018-08-06,2026-07-02
TEODORA.HORVAT,Teodora Horvat,Teodora.Horvat@BiTermTest.com,Enabled,Standard User,No,2018-08-06,2026-06-12
ESHAN.RICCI,Eshan Ricci,Eshan.Ricci@BiTermTest.com,Enabled,Read Only,No,2018-07-30,2026-07-17
VANDANA.FORSBERG,Vandana Forsberg,Vandana.Forsberg@BiTermTest.com,Enabled,Standard User,No,2018-07-23,2026-07-05
RASHIDA.KRAWCZYK,Rashida Krawczyk,Rashida.Krawczyk@BiTermTest.com,Enabled,Standard User,No,2018-07-09,2026-07-15
MARISOL.ORLOV,Marisol Orlov,Marisol.Orlov@BiTermTest.com,Enabled,Standard User,No,2018-07-09,2026-07-09
JANUSZ.VOSBERG,Janusz Vosberg,Janusz.Vosberg@BiTermTest.com,Enabled,Power User,No,2018-06-25,2026-06-25
JEROEN.CHOPRA,Jeroen Chopra,Jeroen.Chopra@BiTermTest.com,Enabled,Standard User,No,2018-06-25,2026-07-11
MARISOL.OLIVEIRA,Marisol Oliveira,Marisol.Oliveira@BiTermTest.com,Enabled,Standard User,No,2018-06-18,2026-06-24
ESHAN.RICCI,Eshan Ricci,Eshan.Ricci@BiTermTest.com,Enabled,Read Only,No,2020-11-30,2026-07-17
BAO.WORKU,Bao Worku,Bao.Worku@BiTermTest.com,Enabled,Standard User,No,2020-11-30,2026-06-16
ARJUN.TRIVEDI,Arjun Trivedi,Arjun.Trivedi@BiTermTest.com,Enabled,Standard User,No,2020-11-16,2026-06-12
JEROEN.CAMILLERI,Jeroen Camilleri,Jeroen.Camilleri@BiTermTest.com,Enabled,Standard User,No,2020-11-09,2026-07-14
HANA.TRIVEDI,Hana Trivedi,Hana.Trivedi@BiTermTest.com,Disabled,Standard User,No,2020-10-27,2026-06-27
JOVANA.MENON,Jovana Menon,Jovana.Menon@BiTermTest.com,Enabled,Power User,No,2020-10-26,2026-06-30
JOVANA.MENSAH,Jovana Mensah,Jovana.Mensah@BiTermTest.com,Enabled,Standard User,No,2020-10-26,2026-06-19
AYLIN.ATTARD,Aylin Attard,Aylin.Attard@BiTermTest.com,Enabled,Standard User,No,2020-10-26,2026-07-07
RENATA.DJORDJEVIC,Renata Djordjevic,Renata.Djordjevic@BiTermTest.com,Enabled,Power User,No,2020-10-26,2026-06-18
CUAUHTEMOC.TAKAHASHI,Cuauhtemoc Takahashi,Cuauhtemoc.Takahashi@BiTermTest.com,Enabled,Standard User,No,2020-10-19,2026-07-12
ASTRID.FEDOROV,Astrid Fedorov,Astrid.Fedorov@BiTermTest.com,Enabled,Standard User,No,2020-10-19,2026-06-09
ROHAN.KIRIGAYA,Rohan Kirigaya,Rohan.Kirigaya@BiTermTest.com,Enabled,Standard User,No,2020-10-19,2026-06-12
AYLIN.TRAORE,Aylin Traore,Aylin.Traore@BiTermTest.com,Enabled,Power User,No,2020-10-19,2026-07-19
YAN.BEKELE,Yan Bekele,Yan.Bekele@BiTermTest.com,Enabled,Administrator,Yes,2018-06-01,2026-07-16
FARID.OZTURK,Farid Ozturk,Farid.Ozturk@BiTermTest.com,Enabled,Standard User,No,2018-05-29,2026-07-13
JOVANA.MULDER,Jovana Mulder,Jovana.Mulder@BiTermTest.com,Disabled,Standard User,No,2018-05-29,2026-06-13
NEREA.KOWALSKI,Nerea Kowalski,Nerea.Kowalski@BiTermTest.com,Enabled,Read Only,No,2018-05-21,2026-06-09
MAITE.KOBAYASHI,Maite Kobayashi,Maite.Kobayashi@BiTermTest.com,Enabled,Standard User,No,2018-05-07,2026-07-16
FERNANDA.CASSAR,Fernanda Cassar,Fernanda.Cassar@BiTermTest.com,Enabled,Standard User,No,2018-05-02,2026-06-08
MATEO.SEO,Mateo Seo,Mateo.Seo@BiTermTest.com,Enabled,Read Only,No,2018-04-30,2026-07-12
JEROEN.VISSER,Jeroen Visser,Jeroen.Visser@BiTermTest.com,Enabled,Read Only,No,2018-04-16,2026-06-10
GITA.MEIJER,Gita Meijer,Gita.Meijer@BiTermTest.com,Enabled,Standard User,No,2018-04-09,2026-06-21
YUSUF.DEKKER,Yusuf Dekker,Yusuf.Dekker@BiTermTest.com,Enabled,Read Only,No,2018-03-26,2026-06-19
FEMKE.KEITA,Femke Keita,Femke.Keita@BiTermTest.com,Enabled,Standard User,No,2018-03-12,2026-07-21
ARJUN.ENGSTROM,Arjun Engstrom,Arjun.Engstrom@BiTermTest.com,Enabled,Standard User,No,2018-02-26,2026-07-04
ENEKO.CHATTERJEE,Eneko Chatterjee,Eneko.Chatterjee@BiTermTest.com,Enabled,Administrator,Yes,2018-02-26,2026-06-28
VASIL.KOZLOWSKI,Vasil Kozlowski,Vasil.Kozlowski@BiTermTest.com,Enabled,Standard User,No,2018-02-26,2026-07-04
YUSUF.FERRARI,Yusuf Ferrari,Yusuf.Ferrari@BiTermTest.com,Enabled,Read Only,No,2018-02-12,2026-06-13
RASHIDA.BAE,Rashida Bae,Rashida.Bae@BiTermTest.com,Enabled,Power User,No,2018-02-08,2026-07-08
MAITE.TRIVEDI,Maite Trivedi,Maite.Trivedi@BiTermTest.com,Enabled,Standard User,No,2019-12-16,2026-06-25
Oihane.Arslan,Oihane Arslan,Oihane.Arslan@BiTermTest.com,Enabled,Read Only,No,2019-12-09,2026-06-16
BOGDAN.FARRUGIA,Bogdan Farrugia,Bogdan.Farrugia@BiTermTest.com,Enabled,Standard User,No,2018-01-29,2026-06-29
NIAMH.MENSAH,Niamh Mensah,Niamh.Mensah@BiTermTest.com,Enabled,Standard User,No,2018-01-22,2026-06-13
FARID.WATANABE,Farid Watanabe,Farid.Watanabe@BiTermTest.com,Enabled,Read Only,No,2018-01-22,2026-06-29
NIKOLAI.NOWAK,Nikolai Nowak,Nikolai.Nowak@BiTermTest.com,Enabled,Standard User,No,2018-01-15,2026-06-15
VALENTINA.LEWANDOWSKI,Valentina Lewandowski,Valentina.Lewandowski@BiTermTest.com,Enabled,Standard User,No,2017-12-17,2026-07-14
Roisin.Ribeiro,Roisin Ribeiro,Roisin.Ribeiro@BiTermTest.com,Enabled,Power User,No,2017-12-13,2026-07-07
UMAR.FERREIRA,Umar Ferreira,Umar.Ferreira@BiTermTest.com,Enabled,Read Only,No,2017-12-11,2026-07-04
Mateo.Farrugia,Mateo Farrugia,Mateo.Farrugia@BiTermTest.com,Enabled,Standard User,No,2017-12-04,2026-07-07
Oksana.Adeyemi,Oksana Adeyemi,Oksana.Adeyemi@BiTermTest.com,Enabled,Standard User,No,2017-12-04,2026-06-16
ZOFIA.NOVIKOV,Zofia Novikov,Zofia.Novikov@BiTermTest.com,Enabled,Standard User,No,2017-12-04,2026-06-14
Cem.Hwang,Cem Hwang,Cem.Hwang@BiTermTest.com,Enabled,Standard User,No,2017-12-04,2026-07-07
Teodora.Sleiman,Teodora Sleiman,Teodora.Sleiman@BiTermTest.com,Enabled,Standard User,No,2017-11-30,2026-06-08
NRAHAL,Niamh Rahal,Niamh.Rahal@BiTermTest.com,Enabled,Standard User,No,2000-11-13,2026-06-22
SBANERJEE,Soren Banerjee,Soren.Banerjee@BiTermTest.com,Enabled,Standard User,No,2000-10-09,2026-07-02
RHAILE,Rafael Haile,Rafael.Haile@BiTermTest.com,Enabled,Standard User,No,2000-09-18,2026-06-19
LBEKELE,Laleh Bekele,Laleh.Bekele@BiTermTest.com,Enabled,Power User,No,2000-09-06,2026-07-02
CTRIVEDI,Cem Trivedi,Cem.Trivedi@BiTermTest.com,Enabled,Read Only,No,2000-08-28,2026-07-10
YAFOLABI,Yusuf Afolabi,Yusuf.Afolabi@BiTermTest.com,Enabled,Standard User,No,2000-08-01,2026-07-16
NBARBOSA,Niamh Barbosa,Niamh.Barbosa@BiTermTest.com,Enabled,Standard User,No,2000-07-31,2026-06-09
JASANTE,Jeroen Asante,Jeroen.Asante@BiTermTest.com,Enabled,Standard User,No,2000-07-05,2026-07-09
AFEDOROV,Astrid Fedorov,Astrid.Fedorov@BiTermTest.com,Enabled,Standard User,No,2000-07-05,2026-07-04
HUONG.CARDOSO,Huong Cardoso,Huong.Cardoso@BiTermTest.com,Enabled,Standard User,No,2000-06-26,2026-06-17
XBOSMAN,Xiu Bosman,Xiu.Bosman@BiTermTest.com,Enabled,Standard User,No,2000-06-19,2026-06-20
MFORSBERG,Maite Forsberg,Maite.Forsberg@BiTermTest.com,Disabled,Standard User,No,2000-06-15,2026-07-10
MEI.NASSAR,Mei Nassar,Mei.Nassar@BiTermTest.com,Enabled,Standard User,No,2000-05-01,2026-06-24
TKURODA,Thabo Kuroda,Thabo.Kuroda@BiTermTest.com,Enabled,Standard User,No,2000-04-24,2026-07-01
ERICCI,Eshan Ricci,Eshan.Ricci@BiTermTest.com,Enabled,Standard User,No,2000-04-18,2026-06-12
DBOSMAN,Thiago Barone,Thiago.Barone@BiTermTest.com,Enabled,Administrator,Yes,2000-04-10,2026-06-28
AFERRARI,Anouk Ferrari,Anouk.Ferrari@BiTermTest.com,Enabled,Standard User,No,2000-04-03,2026-07-12
JKEBEDE,Jing Kebede,Jing.Kebede@BiTermTest.com,Enabled,Standard User,No,2000-03-27,2026-07-01
MSOKOLOV,Minh Sokolov,Minh.Sokolov@BiTermTest.com,Enabled,Standard User,No,2000-01-17,2026-06-30
WMULDER,Willem Mulder,Willem.Mulder@BiTermTest.com,Enabled,Standard User,No,2000-01-04,2026-07-07
EIVANOV,Eneko Ivanov,Eneko.Ivanov@BiTermTest.com,Enabled,Standard User,No,1999-12-27,2026-07-18
FISHIKAWA,Farid Ishikawa,Farid.Ishikawa@BiTermTest.com,Enabled,Standard User,No,1999-12-08,2026-06-25
MARISOL.AMARI,Marisol Amari,Marisol.Amari@BiTermTest.com,Enabled,Standard User,No,2023-04-05,2026-07-03
JOVANA.SOWANDE,Jovana Sowande,Jovana.Sowande@BiTermTest.com,Enabled,Standard User,No,2023-03-27,2026-07-11
ANDRES.VOLKOV,Andres Volkov,Andres.Volkov@BiTermTest.com,Enabled,Standard User,No,2023-03-20,2026-07-20
CHIDI.BARBOSA,Chidi Barbosa,Chidi.Barbosa@BiTermTest.com,Enabled,Standard User,No,2023-03-20,2026-06-13
SANJAY.LUNDGREN,Sanjay Lundgren,Sanjay.Lundgren@BiTermTest.com,Enabled,Standard User,No,2023-03-20,2026-06-11
ANDRES.GUPTA,Andres Gupta,Andres.Gupta@BiTermTest.com,Enabled,Power User,No,2023-03-15,2026-06-15
MATEO.GALEA,Mateo Galea,Mateo.Galea@BiTermTest.com,Enabled,Standard User,No,2023-03-13,2026-07-06
TARIQ.KOBAYASHI,Tariq Kobayashi,Tariq.Kobayashi@BiTermTest.com,Enabled,Standard User,No,2023-03-13,2026-07-12
IMANI.BARAKA,Imani Baraka,Imani.Baraka@BiTermTest.com,Enabled,Read Only,No,2023-03-06,2026-07-18
JOVANA.MIFSUD,Jovana Mifsud,Jovana.Mifsud@BiTermTest.com,Enabled,Standard User,No,2023-02-27,2026-06-13
XOCHITL.KAPOOR,Xochitl Kapoor,Xochitl.Kapoor@BiTermTest.com,Disabled,Read Only,No,2023-02-27,2026-07-02
IKER.TESFAYE,Iker Tesfaye,Iker.Tesfaye@BiTermTest.com,Enabled,Standard User,No,2023-02-20,2026-06-12
INGRID.DUONG,Ingrid Duong,Ingrid.Duong@BiTermTest.com,Enabled,Standard User,No,2023-02-13,2026-07-01
GITA.DESAI,Gita Desai,Gita.Desai@BiTermTest.com,Enabled,Standard User,No,2022-03-21,2026-06-21
BASIM.BEKELE,Basim Bekele,Basim.Bekele@BiTermTest.com,Enabled,Standard User,No,2022-03-21,2026-06-27
BJORN.GHANEM,Bjorn Ghanem,Bjorn.Ghanem@BiTermTest.com,Enabled,Standard User,No,2022-03-21,2026-06-30
JISOO.ALMEIDA,Jisoo Almeida,Jisoo.Almeida@BiTermTest.com,Enabled,Standard User,No,2019-07-08,2026-07-20
CITLALI.FARRUGIA,Citlali Farrugia,Citlali.Farrugia@BiTermTest.com,Enabled,Standard User,No,2019-07-08,2026-07-19
ANWAR.FEDOROV,Anwar Fedorov,Anwar.Fedorov@BiTermTest.com,Enabled,Standard User,No,2019-06-24,2026-07-20
UNAI.DESHPANDE,Unai Deshpande,Unai.Deshpande@BiTermTest.com,Enabled,Standard User,No,2019-06-17,2026-06-12
AMARA.SLEIMAN,Amara Sleiman,Amara.Sleiman@BiTermTest.com,Enabled,Power User,No,2019-06-10,2026-07-22
JOAO.TITOV,Joao Titov,Joao.Titov@BiTermTest.com,Enabled,Standard User,No,2019-06-10,2026-06-21
WILLEM.PIOTROWSKI,Willem Piotrowski,Willem.Piotrowski@BiTermTest.com,Enabled,Standard User,No,2019-05-28,2026-07-11
TARIQ.ZAMMIT,Tariq Zammit,Tariq.Zammit@BiTermTest.com,Disabled,Standard User,No,2019-05-20,2026-06-15
ZOFIA.CAMILLERI,Zofia Camilleri,Zofia.Camilleri@BiTermTest.com,Enabled,Standard User,No,2019-05-13,2026-07-13
LOTTE.UCHIDA,Lotte Uchida,Lotte.Uchida@BiTermTest.com,Enabled,Standard User,No,2019-05-13,2026-07-06
BOGDAN.BAE,Bogdan Bae,Bogdan.Bae@BiTermTest.com,Enabled,Standard User,No,2019-05-13,2026-06-13
RENATA.MORETTI,Renata Moretti,Renata.Moretti@BiTermTest.com,Enabled,Standard User,No,2019-05-06,2026-06-16
RASHIDA.DEKKER,Rashida Dekker,Rashida.Dekker@BiTermTest.com,Enabled,Standard User,No,2019-05-06,2026-06-11
IKER.MOROZOV,Iker Morozov,Iker.Morozov@BiTermTest.com,Enabled,Standard User,No,2019-04-29,2026-07-10
CEM.SAKAMOTO,Cem Sakamoto,Cem.Sakamoto@BiTermTest.com,Enabled,Administrator,Yes,2019-04-15,2026-07-14
LARS.TRIVEDI,Lars Trivedi,Lars.Trivedi@BiTermTest.com,Disabled,Standard User,No,2019-04-15,2026-07-09
Chiara.Engstrom,Chiara Engstrom,Chiara.Engstrom@BiTermTest.com,Enabled,Standard User,No,2019-04-15,2026-07-10
DENIZ.PETROV,Deniz Petrov,Deniz.Petrov@BiTermTest.com,Enabled,Read Only,No,2019-04-15,2026-07-18
ROHAN.KOZLOWSKI,Rohan Kozlowski,Rohan.Kozlowski@BiTermTest.com,Enabled,Standard User,No,2019-04-01,2026-07-03
ren.kaya,Ren Kaya,Ren.Kaya@BiTermTest.com,Enabled,Standard User,No,2019-03-18,2026-06-21
UMAR.NOVIKOV,Umar Novikov,Umar.Novikov@BiTermTest.com,Disabled,Standard User,No,2019-02-25,2026-06-10
YARETZI.KOZLOWSKI,Yaretzi Kozlowski,Yaretzi.Kozlowski@BiTermTest.com,Enabled,Standard User,No,2019-02-25,2026-07-05
ANDRES.SAKAMOTO,Andres Sakamoto,Andres.Sakamoto@BiTermTest.com,Enabled,Standard User,No,2019-02-19,2026-07-05
SANJAY.KURODA,Sanjay Kuroda,Sanjay.Kuroda@BiTermTest.com,Enabled,Read Only,No,2019-02-18,2026-06-08
MAHMOUD.BERGSTROM,Mahmoud Bergstrom,Mahmoud.Bergstrom@BiTermTest.com,Enabled,Standard User,No,2019-02-18,2026-06-19
FIRUZA.BEKELE,Firuza Bekele,Firuza.Bekele@BiTermTest.com,Enabled,Standard User,No,2024-04-08,2026-07-22
LEILA.ENGSTROM,Leila Engstrom,Leila.Engstrom@BiTermTest.com,Enabled,Standard User,No,2024-04-08,2026-07-15
SIPHO.MUKHERJEE,Sipho Mukherjee,Sipho.Mukherjee@BiTermTest.com,Enabled,Standard User,No,2024-03-26,2026-07-13
LALEH.FUJIMOTO,Laleh Fujimoto,Laleh.Fujimoto@BiTermTest.com,Enabled,Standard User,No,2024-03-25,2026-06-13
QUANG.OBIORA,Quang Obiora,Quang.Obiora@BiTermTest.com,Enabled,Standard User,No,2024-03-05,2026-06-30
HAMID.ISHIKAWA,Hamid Ishikawa,Hamid.Ishikawa@BiTermTest.com,Enabled,Standard User,No,2024-02-27,2026-06-12
BJORN.DEVRIES,Bjorn Devries,Bjorn.Devries@BiTermTest.com,Enabled,Power User,No,2024-02-26,2026-07-12
CAMILA.GALLO,Camila Gallo,Camila.Gallo@BiTermTest.com,Enabled,Standard User,No,2024-02-12,2026-06-12
MEERA.VANDENBERG,Meera Vandenberg,Meera.Vandenberg@BiTermTest.com,Enabled,Read Only,No,2020-03-30,2026-07-22
JING.WATANABE,Jing Watanabe,Jing.Watanabe@BiTermTest.com,Enabled,Power User,No,2020-03-24,2026-07-14
WILLEM.KAMINSKI,Willem Kaminski,Willem.Kaminski@BiTermTest.com,Enabled,Standard User,No,2020-03-23,2026-06-10
BIANCA.MENON,Bianca Menon,Bianca.Menon@BiTermTest.com,Enabled,Power User,No,2020-03-23,2026-07-21
SOREN.BANERJEE,Soren Banerjee,Soren.Banerjee@BiTermTest.com,Enabled,Standard User,No,2020-03-16,2026-07-14
BOGDAN.WOZNIAK,Bogdan Wozniak,Bogdan.Wozniak@BiTermTest.com,Enabled,Read Only,No,2020-03-16,2026-06-15
ESHAN.RICCI,Eshan Ricci,Eshan.Ricci@BiTermTest.com,Enabled,Read Only,No,2020-03-16,2026-07-17
TAHIRA.DANG,Tahira Dang,Tahira.Dang@BiTermTest.com,Disabled,Standard User,No,2020-03-16,2026-06-13
LINH.IVANOV,Linh Ivanov,Linh.Ivanov@BiTermTest.com,Enabled,Standard User,No,2020-03-09,2026-06-26
AMAIA.OHTANI,Amaia Ohtani,Amaia.Ohtani@BiTermTest.com,Enabled,Standard User,No,2020-03-09,2026-06-15
BJORN.OKONKWO,Bjorn Okonkwo,Bjorn.Okonkwo@BiTermTest.com,Disabled,Power User,No,2020-03-02,2026-07-22
HENRYK.SLEIMAN,Henryk Sleiman,Henryk.Sleiman@BiTermTest.com,Enabled,Standard User,No,2020-03-02,2026-07-01
NEREA.KOWALSKI,Nerea Kowalski,Nerea.Kowalski@BiTermTest.com,Enabled,Read Only,No,2020-03-02,2026-06-09
INGRID.UCHIDA,Ingrid Uchida,Ingrid.Uchida@BiTermTest.com,Enabled,Standard User,No,2020-03-02,2026-06-24
MAIALEN.OWUSU,Maialen Owusu,Maialen.Owusu@BiTermTest.com,Disabled,Standard User,No,2020-03-02,2026-06-20
OIHANE.MUKHERJEE,Oihane Mukherjee,Oihane.Mukherjee@BiTermTest.com,Disabled,Read Only,No,2020-02-24,2026-06-14
AMINA.POLAT,Amina Polat,Amina.Polat@BiTermTest.com,Enabled,Standard User,No,2020-02-24,2026-07-07
OIHANE.SOWANDE,Oihane Sowande,Oihane.Sowande@BiTermTest.com,Enabled,Standard User,No,2020-02-24,2026-07-08
ZOFIA.KIRIGAYA,Zofia Kirigaya,Zofia.Kirigaya@BiTermTest.com,Enabled,Standard User,No,2020-02-24,2026-06-18
CITLALI.KAYA,Citlali Kaya,Citlali.Kaya@BiTermTest.com,Enabled,Standard User,No,2020-02-18,2026-06-15
TARIQ.DESAI,Tariq Desai,Tariq.Desai@BiTermTest.com,Enabled,Administrator,Yes,2020-02-18,2026-07-07
INES.ZAMMIT,Ines Zammit,Ines.Zammit@BiTermTest.com,Enabled,Standard User,No,2020-02-17,2026-07-21
DALIA.MEIJER,Dalia Meijer,Dalia.Meijer@BiTermTest.com,Disabled,Standard User,No,2020-02-17,2026-06-15
INES.OKONKWO,Ines Okonkwo,Ines.Okonkwo@BiTermTest.com,Enabled,Administrator,Yes,2020-02-17,2026-06-26
BARAN.DESTA,Baran Desta,Baran.Desta@BiTermTest.com,Enabled,Standard User,No,2020-02-10,2026-07-14
IMANI.BARAKA,Imani Baraka,Imani.Baraka@BiTermTest.com,Enabled,Read Only,No,2020-02-10,2026-07-18
CAMILA.BOSMAN,Camila Bosman,Camila.Bosman@BiTermTest.com,Enabled,Power User,No,2020-02-03,2026-06-11
SAKURA.MEIJER,Sakura Meijer,Sakura.Meijer@BiTermTest.com,Enabled,Standard User,No,2021-03-16,2026-07-07
ARJUN.SAXENA,Arjun Saxena,Arjun.Saxena@BiTermTest.com,Enabled,Standard User,No,2021-03-16,2026-06-25
HARUTO.YOON,Haruto Yoon,Haruto.Yoon@BiTermTest.com,Enabled,Standard User,No,2021-03-15,2026-07-18
JOAO.NOVAK,Joao Novak,Joao.Novak@BiTermTest.com,Enabled,Standard User,No,2021-03-08,2026-06-24
KATYA.HORVAT,Katya Horvat,Katya.Horvat@BiTermTest.com,Enabled,Standard User,No,2021-03-08,2026-06-22
ENEKO.ZIELINSKI,Eneko Zielinski,Eneko.Zielinski@BiTermTest.com,Enabled,Standard User,No,2021-03-01,2026-06-17
DAAN.UCHIDA,Daan Uchida,Daan.Uchida@BiTermTest.com,Enabled,Standard User,No,2021-03-01,2026-06-15
LEILA.WOJCIK,Leila Wojcik,Leila.Wojcik@BiTermTest.com,Enabled,Standard User,No,2021-02-22,2026-07-08
SOREN.FERREIRA,Soren Ferreira,Soren.Ferreira@BiTermTest.com,Disabled,Administrator,Yes,2021-02-15,2026-07-20
BOGDAN.VISSER,Bogdan Visser,Bogdan.Visser@BiTermTest.com,Enabled,Read Only,No,2021-02-08,2026-06-29
FEMKE.PIOTROWSKI,Femke Piotrowski,Femke.Piotrowski@BiTermTest.com,Enabled,Standard User,No,2016-02-01,2026-06-14
Itzel.Desta,Itzel Desta,Itzel.Desta@BiTermTest.com,Enabled,Read Only,No,2016-01-25,2026-06-23
AYLIN.MUKHERJEE,Aylin Mukherjee,Aylin.Mukherjee@BiTermTest.com,Disabled,Read Only,No,2016-01-18,2026-07-09
PADRAIG.WOJCIK,Padraig Wojcik,Padraig.Wojcik@BiTermTest.com,Enabled,Standard User,No,2016-01-12,2026-07-20
ARJUN.BALOGUN,Arjun Balogun,Arjun.Balogun@BiTermTest.com,Enabled,Standard User,No,2016-01-11,2026-07-21
ANAHI.VANDENBERG,Anahi Vandenberg,Anahi.Vandenberg@BiTermTest.com,Enabled,Power User,No,2016-01-11,2026-02-27
Bao.Horvat,Bao Horvat,Bao.Horvat@BiTermTest.com,Enabled,Standard User,No,2016-01-04,2026-06-16
SEDA.GRECH,Seda Grech,Seda.Grech@BiTermTest.com,Enabled,Standard User,No,2016-01-04,2026-07-06
YUSUF.FAKHOURY,Yusuf Fakhoury,Yusuf.Fakhoury@BiTermTest.com,Enabled,Standard User,No,2016-01-04,2026-07-21
EDESTA,Elzbieta Desta,Elzbieta.Desta@BiTermTest.com,Enabled,Standard User,No,2015-12-21,2026-07-19
MILAN.KOBAYASHI,Milan Kobayashi,Milan.Kobayashi@BiTermTest.com,Enabled,Standard User,No,2015-12-14,2026-07-11
SANNE.JOVANOVIC,Sanne Jovanovic,Sanne.Jovanovic@BiTermTest.com,Enabled,Read Only,No,2015-12-09,2026-07-20
YAN.NAKAMURA,Yan Nakamura,Yan.Nakamura@BiTermTest.com,Enabled,Standard User,No,2015-11-16,2026-06-10
TARIQ.YAMAMOTO,Tariq Yamamoto,Tariq.Yamamoto@BiTermTest.com,Enabled,Power User,No,2015-11-16,2026-06-17
DENIZ.AXELSSON,Deniz Axelsson,Deniz.Axelsson@BiTermTest.com,Enabled,Standard User,No,2015-11-02,2026-07-14
XIU.CARVALHO,Xiu Carvalho,Xiu.Carvalho@BiTermTest.com,Enabled,Read Only,No,2015-11-02,2026-06-28
CEM.FONSECA,Cem Fonseca,Cem.Fonseca@BiTermTest.com,Enabled,Standard User,No,2015-10-19,2026-01-02
Iker.Lemma,Iker Lemma,Iker.Lemma@BiTermTest.com,Enabled,Standard User,No,2015-10-05,2026-06-12
THIAGO.GALEA,Thiago Galea,Thiago.Galea@BiTermTest.com,Enabled,Standard User,No,2015-10-05,2026-07-11
INGRID.CELIK,Ingrid Celik,Ingrid.Celik@BiTermTest.com,Enabled,Standard User,No,2015-10-05,2026-07-09
ILYA.MEIJER,Ilya Meijer,Ilya.Meijer@BiTermTest.com,Enabled,Standard User,No,2015-09-21,2026-06-23
LUCIA.CHATTERJEE,Lucia Chatterjee,Lucia.Chatterjee@BiTermTest.com,Enabled,Standard User,No,2015-09-21,2026-07-11
FEMI.WORKU,Femi Worku,Femi.Worku@BiTermTest.com,Disabled,Standard User,No,2015-09-08,2026-07-11
MIKKEL.HOLMGREN,Mikkel Holmgren,Mikkel.Holmgren@BiTermTest.com,Enabled,Read Only,No,2015-09-08,2026-07-15
AINHOA.DEVRIES,Ainhoa Devries,Ainhoa.Devries@BiTermTest.com,Enabled,Power User,No,2015-09-02,2026-07-13
CHIDI.ALEMU,Chidi Alemu,Chidi.Alemu@BiTermTest.com,Enabled,Standard User,No,2015-08-24,2026-06-24
HUONG.GALEA,Huong Galea,Huong.Galea@BiTermTest.com,Enabled,Read Only,No,2015-08-17,2026-07-08
TRUNG.LEMMA,Trung Lemma,Trung.Lemma@BiTermTest.com,Enabled,Standard User,No,2015-08-17,2026-07-11
AYLIN.SALIBA,Aylin Saliba,Aylin.Saliba@BiTermTest.com,Enabled,Standard User,No,2015-08-11,2026-06-14
OKSANA.ABEBE,Oksana Abebe,Oksana.Abebe@BiTermTest.com,Enabled,Power User,No,2015-08-10,2026-06-21
DRAGAN.GUPTA,Dragan Gupta,Dragan.Gupta@BiTermTest.com,Enabled,Standard User,No,2015-08-10,2026-07-22
BRAM.FONSECA,Bram Fonseca,Bram.Fonseca@BiTermTest.com,Enabled,Standard User,No,2015-08-03,2026-07-15
BRAM.GALEA,Bram Galea,Bram.Galea@BiTermTest.com,Enabled,Standard User,No,2022-03-09,2026-06-11
ANAHI.GUPTA,Anahi Gupta,Anahi.Gupta@BiTermTest.com,Enabled,Standard User,No,2022-03-07,2026-06-21
YAN.NAKAMURA,Yan Nakamura,Yan.Nakamura@BiTermTest.com,Enabled,Standard User,No,2022-03-07,2026-06-10
PETRO.DEMIR,Petro Demir,Petro.Demir@BiTermTest.com,Enabled,Power User,No,2022-02-28,2026-07-05
RAVI.ADEYEMI,Ravi Adeyemi,Ravi.Adeyemi@BiTermTest.com,Enabled,Standard User,No,2022-02-21,2026-06-09
KOFI.FARRUGIA,Kofi Farrugia,Kofi.Farrugia@BiTermTest.com,Enabled,Read Only,No,2022-02-14,2026-06-10
KATYA.RICCI,Katya Ricci,Katya.Ricci@BiTermTest.com,Enabled,Standard User,No,2022-02-14,2026-06-10
INES.MALHOTRA,Ines Malhotra,Ines.Malhotra@BiTermTest.com,Enabled,Power User,No,2022-02-14,2026-07-12
ANOUK.AZEVEDO,Anouk Azevedo,Anouk.Azevedo@BiTermTest.com,Enabled,Administrator,Yes,2022-02-07,2026-07-17
MAITE.DEMIR,Maite Demir,Maite.Demir@BiTermTest.com,Enabled,Standard User,No,2022-01-31,2026-07-10
ANDRES.AFOLABI,Andres Afolabi,Andres.Afolabi@BiTermTest.com,Enabled,Standard User,No,2022-01-31,2026-06-29
RENATA.DEKKER,Renata Dekker,Renata.Dekker@BiTermTest.com,Enabled,Standard User,No,2022-01-24,2026-06-19
SANJAY.ZAMMIT,Sanjay Zammit,Sanjay.Zammit@BiTermTest.com,Enabled,Standard User,No,2022-01-18,2026-06-12
YARETZI.HWANG,Yaretzi Hwang,Yaretzi.Hwang@BiTermTest.com,Enabled,Administrator,Yes,2015-07-28,2026-06-18
REN.NGO,Ren Ngo,Ren.Ngo@BiTermTest.com,Enabled,Read Only,No,2015-07-27,2026-07-19
SIOBHAN.MEKONNEN,Siobhan Mekonnen,Siobhan.Mekonnen@BiTermTest.com,Enabled,Standard User,No,2015-07-27,2026-06-29
OIHANE.AYDIN,Oihane Aydin,Oihane.Aydin@BiTermTest.com,Enabled,Standard User,No,2015-07-20,2026-07-22
VANDANA.EGOROV,Vandana Egorov,Vandana.Egorov@BiTermTest.com,Enabled,Standard User,No,2015-06-26,2026-06-10
MINHO.FAKHOURY,Minho Fakhoury,Minho.Fakhoury@BiTermTest.com,Enabled,Standard User,No,2015-06-22,2026-06-22
JISOO.KAMINSKI,Jisoo Kaminski,Jisoo.Kaminski@BiTermTest.com,Enabled,Standard User,No,2015-06-22,2026-07-07
NIAMH.MIFSUD,Niamh Mifsud,Niamh.Mifsud@BiTermTest.com,Enabled,Administrator,Yes,2015-06-22,2026-06-21
PRIYA.NASSAR,Priya Nassar,Priya.Nassar@BiTermTest.com,Enabled,Power User,No,2015-06-22,2026-07-07
ROHAN.ORLOV,Rohan Orlov,Rohan.Orlov@BiTermTest.com,Enabled,Administrator,Yes,2015-06-18,2026-06-22
ASTRID.MICALLEF,Astrid Micallef,Astrid.Micallef@BiTermTest.com,Enabled,Standard User,No,2015-06-15,2026-06-28
EMRE.RAHAL,Emre Rahal,Emre.Rahal@BiTermTest.com,Enabled,Read Only,No,2015-06-15,2026-06-15
MAIALEN.JANKOWSKI,Maialen Jankowski,Maialen.Jankowski@BiTermTest.com,Enabled,Standard User,No,2015-06-08,2026-07-13
HAMID.NIKOLIC,Hamid Nikolic,Hamid.Nikolic@BiTermTest.com,Enabled,Standard User,No,2015-05-26,2026-07-21
DALIA.NOVAK,Dalia Novak,Dalia.Novak@BiTermTest.com,Enabled,Standard User,No,2015-05-18,2026-07-17
YEVHEN.YILMAZ,Yevhen Yilmaz,Yevhen.Yilmaz@BiTermTest.com,Enabled,Standard User,No,2015-05-18,2026-06-30
AYLIN.NDIAYE,Aylin Ndiaye,Aylin.Ndiaye@BiTermTest.com,Enabled,Standard User,No,2015-05-18,2026-07-21
MAITE.FERREIRA,Maite Ferreira,Maite.Ferreira@BiTermTest.com,Enabled,Standard User,No,2015-05-11,2026-07-12
CHIDI.VISSER,Chidi Visser,Chidi.Visser@BiTermTest.com,Enabled,Standard User,No,2015-05-11,2026-07-14
MEERA.GHANEM,Meera Ghanem,Meera.Ghanem@BiTermTest.com,Enabled,Standard User,No,2015-04-27,2026-07-16
ITZEL.BUI,Itzel Bui,Itzel.Bui@BiTermTest.com,Enabled,Standard User,No,2015-04-13,2026-07-21
BAO.NWOSU,Bao Nwosu,Bao.Nwosu@BiTermTest.com,Enabled,Standard User,No,2015-03-24,2026-06-27
JJANKOWSKI,Janusz Jankowski,Janusz.Jankowski@BiTermTest.com,Enabled,Standard User,No,2015-03-16,2026-06-22
BEATRIZ.BALOGUN,Beatriz Balogun,Beatriz.Balogun@BiTermTest.com,Disabled,Standard User,No,2015-03-16,2026-06-15
BIANCA.PIOTROWSKI,Bianca Piotrowski,Bianca.Piotrowski@BiTermTest.com,Enabled,Standard User,No,2015-03-02,2026-07-12
Amaia.Varma,Amaia Varma,Amaia.Varma@BiTermTest.com,Enabled,Power User,No,2015-03-02,2026-07-22
QUANG.FUJIMOTO,Quang Fujimoto,Quang.Fujimoto@BiTermTest.com,Enabled,Standard User,No,2015-03-02,2026-06-17
KOFI.ASANTE,Kofi Asante,Kofi.Asante@BiTermTest.com,Enabled,Power User,No,2015-03-02,2026-07-06
CHIARA.ALMEIDA,Chiara Almeida,Chiara.Almeida@BiTermTest.com,Enabled,Standard User,No,2015-03-02,2026-07-18
IMANI.BARAKA,Imani Baraka,Imani.Baraka@BiTermTest.com,Enabled,Read Only,No,2015-02-23,2026-07-18
FARID.ROSSI,Farid Rossi,Farid.Rossi@BiTermTest.com,Enabled,Standard User,No,2015-02-23,2026-07-04
ZAHRA.NIKOLIC,Zahra Nikolic,Zahra.Nikolic@BiTermTest.com,Enabled,Standard User,No,2015-02-23,2026-07-08
PETRO.NYSTROM,Petro Nystrom,Petro.Nystrom@BiTermTest.com,Enabled,Standard User,No,2015-02-23,2026-06-15
HENRYK.ASANTE,Henryk Asante,Henryk.Asante@BiTermTest.com,Enabled,Standard User,No,2015-02-09,2026-07-01
BEATRIZ.KHOURY,Beatriz Khoury,Beatriz.Khoury@BiTermTest.com,Enabled,Standard User,No,2015-02-02,2026-06-11
ANOUK.ADEYEMI,Anouk Adeyemi,Anouk.Adeyemi@BiTermTest.com,Enabled,Standard User,No,2015-01-26,2026-07-04
Niamh.Fofana,Niamh Fofana,Niamh.Fofana@BiTermTest.com,Enabled,Power User,No,2015-01-20,2026-06-17
BAO.CONTI,Bao Conti,Bao.Conti@BiTermTest.com,Enabled,Read Only,No,2015-01-19,2026-07-07
TRUNG.POLAT,Trung Polat,Trung.Polat@BiTermTest.com,Enabled,Administrator,Yes,2015-01-19,2026-06-30
BRAM.KIRIGAYA,Bram Kirigaya,Bram.Kirigaya@BiTermTest.com,Enabled,Standard User,No,2015-01-07,2026-06-18
ENEKO.ZIELINSKI,Eneko Zielinski,Eneko.Zielinski@BiTermTest.com,Enabled,Standard User,No,2015-01-05,2026-06-17
TKURODA,Thabo Kuroda,Thabo.Kuroda@BiTermTest.com,Enabled,Standard User,No,2010-02-08,2026-07-01
DAMARI,Dmitri Amari,Dmitri.Amari@BiTermTest.com,Enabled,Standard User,No,2010-02-05,2026-07-10
SLEWANDOWSKI,Sipho Lewandowski,Sipho.Lewandowski@BiTermTest.com,Enabled,Read Only,No,2010-02-02,2026-06-23
MDELUCA,Mahmoud Deluca,Mahmoud.Deluca@BiTermTest.com,Enabled,Administrator,Yes,2010-01-29,2026-06-17
SASANTE,Soren Asante,Soren.Asante@BiTermTest.com,Enabled,Standard User,No,2010-01-14,2026-06-16
XIMENA.CHUKWU,Ximena Chukwu,Ximena.Chukwu@BiTermTest.com,Disabled,Standard User,No,2010-01-11,2026-06-26
JREDDY,Jelani Reddy,Jelani.Reddy@BiTermTest.com,Disabled,Standard User,No,2010-01-04,2026-06-24
SOREN.ZIELINSKI,Soren Zielinski,Soren.Zielinski@BiTermTest.com,Enabled,Standard User,No,2009-12-21,2026-06-20
ROZTURK,Ravi Ozturk,Ravi.Ozturk@BiTermTest.com,Enabled,Power User,No,2009-12-18,2026-07-17
MMORETTI,Mikkel Moretti,Mikkel.Moretti@BiTermTest.com,Enabled,Standard User,No,2009-12-07,2026-06-30
CPIOTROWSKI,Cem Piotrowski,Cem.Piotrowski@BiTermTest.com,Enabled,Read Only,No,2009-11-30,2026-06-12
OMORETTI,Omoretti1 User,OMoretti1@BiTermTest.com,Enabled,Read Only,No,2009-11-23,2026-07-13
FTITOV,Feng Titov,Feng.Titov@BiTermTest.com,Enabled,Standard User,No,2009-11-16,2026-06-27
ZSAXENA,Zofia Saxena,Zofia.Saxena@BiTermTest.com,Enabled,Standard User,No,2009-11-09,2026-07-12
AKAYA,Aoife Kaya,Aoife.Kaya@BiTermTest.com,Enabled,Read Only,No,2009-10-27,2026-07-02
EMULDER,Eshan Mulder,Eshan.Mulder@BiTermTest.com,Enabled,Standard User,No,2009-10-26,2026-07-12
RYOON,Rafael Yoon,Rafael.Yoon@BiTermTest.com,Enabled,Read Only,No,2009-10-26,2026-06-27
CITLALI.SOWANDE,Citlali Sowande,Citlali.Sowande@BiTermTest.com,Enabled,Standard User,No,2009-10-08,2026-07-09
FGALLO,Feng Gallo,Feng.Gallo@BiTermTest.com,Enabled,Power User,No,2009-09-29,2026-06-10
SMEIJER,Sakura Meijer,Sakura.Meijer@BiTermTest.com,Enabled,Standard User,No,2009-09-28,2026-07-15
DIEGO.KRAWCZYK,Diego Krawczyk,Diego.Krawczyk@BiTermTest.com,Enabled,Standard User,No,2009-09-01,2026-07-04
ONWOSU,Oksana Nwosu,Oksana.Nwosu@BiTermTest.com,Enabled,Standard User,No,2009-08-31,2026-07-19
Oksana.Haddad,Oksana Haddad,Oksana.Haddad@BiTermTest.com,Enabled,Power User,No,2009-08-31,2026-07-01
UNASSAR,Umar Nassar,Umar.Nassar@BiTermTest.com,Enabled,Standard User,No,2009-08-17,2026-07-11
JMUKHERJEE,Jelani Mukherjee,Jelani.Mukherjee@BiTermTest.com,Enabled,Standard User,No,2009-08-03,2026-07-08
CMARKOVIC,Cuauhtemoc Markovic,Cuauhtemoc.Markovic@BiTermTest.com,Enabled,Standard User,No,2009-07-13,2026-06-12
FAZEVEDO,Femi Azevedo,Femi.Azevedo@BiTermTest.com,Enabled,Standard User,No,2009-07-13,2026-06-16
FOKONKWO,Firuza Okonkwo,Firuza.Okonkwo@BiTermTest.com,Enabled,Read Only,No,2009-07-06,2026-07-14
CHORVAT,Cuauhtemoc Horvat,Cuauhtemoc.Horvat@BiTermTest.com,Enabled,Read Only,No,2009-05-26,2026-06-26
Gorka.Khoury,Gorka Khoury,Gorka.Khoury@BiTermTest.com,Enabled,Standard User,No,2009-05-19,2026-07-14
AHOANG,Agnieszka Hoang,Agnieszka.Hoang@BiTermTest.com,Enabled,Read Only,No,2009-05-18,2026-06-30
BMENSAH,Bao Mensah,Bao.Mensah@BiTermTest.com,Enabled,Power User,No,2009-05-18,2026-07-10
AGRECO,Andres Greco,Andres.Greco@BiTermTest.com,Disabled,Standard User,No,2009-05-18,2026-07-04
JING.OWUSU,Jing Owusu,Jing.Owusu@BiTermTest.com,Enabled,Standard User,No,2009-05-12,2026-07-11
Minh.Wisniewski,Minh Wisniewski,Minh.Wisniewski@BiTermTest.com,Enabled,Standard User,No,2009-04-27,2026-07-04
MMULDER,Mei Mulder,Mei.Mulder@BiTermTest.com,Enabled,Standard User,No,2009-04-13,2026-06-22
Yusuf.Cardoso,Yusuf Cardoso,Yusuf.Cardoso@BiTermTest.com,Enabled,Standard User,No,2009-04-08,2026-06-27
MAHMOUD.HADDAD,Mahmoud Haddad,Mahmoud.Haddad@BiTermTest.com,Enabled,Read Only,No,2009-03-30,2026-06-18
ZREDDY,Zainab Reddy,Zainab.Reddy@BiTermTest.com,Enabled,Standard User,No,2009-03-17,2026-07-22
HANA.NOVAK,Hana Novak,Hana.Novak@BiTermTest.com,Enabled,Standard User,No,2009-03-09,2026-07-17
LINH.SAXENA,Linh Saxena,Linh.Saxena@BiTermTest.com,Enabled,Standard User,No,2009-02-23,2026-06-18
XKOCAK,Xochitl Kocak,Xochitl.Kocak@BiTermTest.com,Enabled,Standard User,No,2009-01-26,2026-07-12
YBORG,Yaretzi Borg,Yaretzi.Borg@BiTermTest.com,Enabled,Standard User,No,2009-01-19,2026-06-10
LEILA.MAZUR,Leila Mazur,Leila.Mazur@BiTermTest.com,Enabled,Read Only,No,2009-01-09,2026-07-02
FVUONG,Feng Vuong,Feng.Vuong@BiTermTest.com,Enabled,Standard User,No,2009-01-05,2026-07-09
UMAR.FERREIRA,Umar Ferreira,Umar.Ferreira@BiTermTest.com,Enabled,Read Only,No,2009-01-05,2026-07-04
RHAILE,Rohan Haile,Rohan.Haile@BiTermTest.com,Enabled,Standard User,No,2008-12-22,2026-06-19
AKOVAC,Andres Kovac,Andres.Kovac@BiTermTest.com,Enabled,Administrator,Yes,2008-12-08,2026-06-25
APOLAT,Aoife Polat,Aoife.Polat@BiTermTest.com,Enabled,Standard User,No,2008-12-01,2026-07-03
HISHIKAWA,Hui Ishikawa,Hui.Ishikawa@BiTermTest.com,Enabled,Standard User,No,2008-12-01,2026-07-20
ESHAN.STOJANOVIC,Eshan Stojanovic,Eshan.Stojanovic@BiTermTest.com,Enabled,Power User,No,2008-11-24,2026-07-12
RNWOSU,Rohan Nwosu,Rohan.Nwosu@BiTermTest.com,Enabled,Standard User,No,2008-10-28,2026-06-22
MBUI,Mahmoud Bui,Mahmoud.Bui@BiTermTest.com,Enabled,Standard User,No,2008-10-27,2026-07-15
BSEO,Basim Seo,Basim.Seo@BiTermTest.com,Enabled,Standard User,No,2008-10-20,2026-07-21
DIYER,Declan Iyer,Declan.Iyer@BiTermTest.com,Enabled,Standard User,No,2008-10-06,2026-07-12
NMENSAH,Naledi Mensah,Naledi.Mensah@BiTermTest.com,Enabled,Standard User,No,2008-10-06,2026-07-15
JNAIR,Jing Nair,Jing.Nair@BiTermTest.com,Enabled,Standard User,No,2008-10-06,2026-06-08
BRAM.WOZNIAK,Bram Wozniak,Bram.Wozniak@BiTermTest.com,Enabled,Standard User,No,2008-09-14,2026-06-08
AKOWALSKI,Amaia Kowalski,Amaia.Kowalski@BiTermTest.com,Enabled,Standard User,No,2008-09-08,2026-07-20
MOBIORA,Maite Obiora,Maite.Obiora@BiTermTest.com,Enabled,Standard User,No,2008-09-02,2026-06-14
TKOVAC,Thao Kovac,Thao.Kovac@BiTermTest.com,Enabled,Read Only,No,2008-09-02,2026-07-20
HNOVAK,Hui Novak,Hui.Novak@BiTermTest.com,Enabled,Standard User,No,2008-08-25,2026-07-16
FREJA.KOCAK,Freja Kocak,Freja.Kocak@BiTermTest.com,Enabled,Power User,No,2008-08-25,2026-06-10
ENEKO.ZIELINSKI,Eneko Zielinski,Eneko.Zielinski@BiTermTest.com,Enabled,Standard User,No,2008-08-18,2026-06-17
ZMAALOUF,Zofia Maalouf,Zofia.Maalouf@BiTermTest.com,Enabled,Standard User,No,2008-08-11,2026-07-07
MINHO.GRECO,Minho Greco,Minho.Greco@BiTermTest.com,Enabled,Standard User,No,2008-08-01,2026-07-20
DGHANEM,Dghanem2 User,DGhanem2@BiTermTest.com,Enabled,Standard User,No,2008-07-28,2026-07-07
HSLEIMAN,Henryk Sleiman,Henryk.Sleiman@BiTermTest.com,Enabled,Standard User,No,2008-07-28,2026-06-28
MOLIVEIRA,Padraig Grech,Padraig.Grech@BiTermTest.com,Enabled,Power User,No,2008-07-28,2026-06-23
JFERRARI,Janusz Ferrari,Janusz.Ferrari@BiTermTest.com,Enabled,Standard User,No,2008-07-14,2026-07-14
JVOSBERG,Jelani Vosberg,Jelani.Vosberg@BiTermTest.com,Enabled,Standard User,No,2008-07-01,2026-07-17
Marta.Grech,Marta Grech,Marta.Grech@BiTermTest.com,Enabled,Standard User,No,2008-07-01,2026-06-11
REN.KAYA,Ren Kaya,Ren.Kaya@BiTermTest.com,Enabled,Standard User,No,2008-06-27,2026-07-20
IMIFSUD,Ines Mifsud,Ines.Mifsud@BiTermTest.com,Enabled,Standard User,No,2008-06-23,2026-06-29
FMEHTA,Freja Mehta,Freja.Mehta@BiTermTest.com,Enabled,Read Only,No,2008-06-02,2026-07-10
ECONTI,Eamon Conti,Eamon.Conti@BiTermTest.com,Enabled,Standard User,No,2008-05-27,2026-07-21
Hana.Novak,Hana Novak,Hana.Novak@BiTermTest.com,Enabled,Read Only,No,2008-05-27,2026-07-18
TMEIJER,Thabo Meijer,Thabo.Meijer@BiTermTest.com,Enabled,Standard User,No,2008-05-12,2026-07-02
CKEITA,Camila Keita,Camila.Keita@BiTermTest.com,Enabled,Standard User,No,2008-05-12,2026-06-23
VATTARD,Valentina Attard,Valentina.Attard@BiTermTest.com,Enabled,Administrator,Yes,2008-04-21,2026-07-16
CBARBOSA,Camila Barbosa,Camila.Barbosa@BiTermTest.com,Enabled,Standard User,No,2008-04-14,2026-07-08
Aylin.Aydin,Aylin Aydin,Aylin.Aydin@BiTermTest.com,Enabled,Standard User,No,2008-04-09,2026-06-19
TRUNG.KEBEDE,Trung Kebede,Trung.Kebede@BiTermTest.com,Enabled,Standard User,No,2008-04-01,2026-06-10
Jeroen.Petrovic,Jeroen Petrovic,Jeroen.Petrovic@BiTermTest.com,Enabled,Standard User,No,2008-03-31,2026-07-14
TZIELINSKI,Tariq Zielinski,Tariq.Zielinski@BiTermTest.com,Enabled,Standard User,No,2008-03-10,2026-02-25
REN.KWON,Ren Kwon,Ren.Kwon@BiTermTest.com,Enabled,Standard User,No,2008-02-25,2026-07-04
YHOANG,Yasmin Hoang,Yasmin.Hoang@BiTermTest.com,Enabled,Standard User,No,2008-02-04,2026-07-08
ADESTA,Anahi Desta,Anahi.Desta@BiTermTest.com,Enabled,Standard User,No,2008-02-04,2026-06-11
MMIFSUD,Maialen Mifsud,Maialen.Mifsud@BiTermTest.com,Enabled,Standard User,No,2008-01-28,2026-06-27
SOREN.BANERJEE,Soren Banerjee,Soren.Banerjee@BiTermTest.com,Enabled,Standard User,No,2008-01-28,2026-07-14
VCHATTERJEE,Volkan Chatterjee,Volkan.Chatterjee@BiTermTest.com,Enabled,Standard User,No,2008-01-23,2026-07-14
EBEKELE,Elzbieta Bekele,Elzbieta.Bekele@BiTermTest.com,Enabled,Standard User,No,2008-01-21,2026-06-15
SSLEIMAN,Sakura Sleiman,Sakura.Sleiman@BiTermTest.com,Enabled,Administrator,Yes,2008-01-14,2026-07-08
TKEITA,Tariq Keita,Tariq.Keita@BiTermTest.com,Enabled,Standard User,No,2007-12-03,2026-06-10
ENEKO.EZEANI,Eneko Ezeani,Eneko.Ezeani@BiTermTest.com,Enabled,Standard User,No,2007-11-05,2026-06-11
AAGARWAL,Anahi Agarwal,Anahi.Agarwal@BiTermTest.com,Enabled,Standard User,No,2007-10-22,2026-06-25
PETRO.DEMIR,Petro Demir,Petro.Demir@BiTermTest.com,Enabled,Power User,No,2007-10-17,2026-07-05
INGRID.CELIK,Ingrid Celik,Ingrid.Celik@BiTermTest.com,Enabled,Standard User,No,2007-10-16,2026-07-09
AKOBAYASHI,Anahi Kobayashi,Anahi.Kobayashi@BiTermTest.com,Enabled,Standard User,No,2007-10-15,2026-07-18
AOIFE.BAE,Aoife Bae,Aoife.Bae@BiTermTest.com,Enabled,Standard User,No,2024-01-02,2026-07-11
CITLALI.NGO,Citlali Ngo,Citlali.Ngo@BiTermTest.com,Enabled,Standard User,No,2023-10-30,2026-06-27
SIGRID.LUNDGREN,Sigrid Lundgren,Sigrid.Lundgren@BiTermTest.com,Enabled,Standard User,No,2023-10-16,2026-06-23
THAO.HOLMGREN,Thao Holmgren,Thao.Holmgren@BiTermTest.com,Enabled,Read Only,No,2023-10-05,2026-06-26
VBARBOSA,Volkan Barbosa,Volkan.Barbosa@BiTermTest.com,Enabled,Standard User,No,2007-09-24,2026-07-08
NATTARD,Naoko Attard,Naoko.Attard@BiTermTest.com,Enabled,Standard User,No,2007-09-10,2026-06-30
KCARDOSO,Kenji Cardoso,Kenji.Cardoso@BiTermTest.com,Enabled,Standard User,No,2007-09-01,2026-06-30
CHIARA.DEMIR,Chiara Demir,Chiara.Demir@BiTermTest.com,Enabled,Read Only,No,2007-08-30,2026-07-20
CITLALI.SOWANDE,Citlali Sowande,Citlali.Sowande@BiTermTest.com,Enabled,Standard User,No,2007-08-30,2026-07-09
WTRUONG,Wafa Truong,Wafa.Truong@BiTermTest.com,Enabled,Standard User,No,2007-08-27,2026-06-09
BKOVAC,Bao Kovac,Bao.Kovac@BiTermTest.com,Enabled,Standard User,No,2007-08-20,2026-07-04
STOURE,Soren Toure,Soren.Toure@BiTermTest.com,Enabled,Power User,No,2007-08-07,2026-06-11
DKURODA,Declan Kuroda,Declan.Kuroda@BiTermTest.com,Enabled,Standard User,No,2007-08-06,2026-06-28
VNYSTROM,Vasil Nystrom,Vasil.Nystrom@BiTermTest.com,Enabled,Standard User,No,2007-07-17,2026-06-12
NIKOLAI.GHANEM,Nikolai Ghanem,Nikolai.Ghanem@BiTermTest.com,Enabled,Standard User,No,2007-07-12,2026-07-07
HMOROZOV,Haruto Morozov,Haruto.Morozov@BiTermTest.com,Enabled,Standard User,No,2007-07-02,2026-06-18
JPETROVIC,Jelani Petrovic,Jelani.Petrovic@BiTermTest.com,Enabled,Standard User,No,2007-06-04,2026-07-20
JBOATENG,Jovana Boateng,Jovana.Boateng@BiTermTest.com,Enabled,Standard User,No,2007-04-30,2026-07-19
TMATSUDA,Tahira Matsuda,Tahira.Matsuda@BiTermTest.com,Enabled,Standard User,No,2007-04-30,2026-07-22
TKAMINSKI,Tenoch Kaminski,Tenoch.Kaminski@BiTermTest.com,Enabled,Read Only,No,2007-03-12,2026-06-10
IMIFSUD,Ines Mifsud,Ines.Mifsud@BiTermTest.com,Enabled,Standard User,No,2007-03-12,2026-06-29
XIYER,Ximena Iyer,Ximena.Iyer@BiTermTest.com,Enabled,Standard User,No,2007-03-01,2026-07-08
AGNIESZKA.JOVANOVIC,Agnieszka Jovanovic,Agnieszka.Jovanovic@BiTermTest.com,Enabled,Administrator,Yes,2007-02-19,2026-07-02
KDANG,Katya Dang,Katya.Dang@BiTermTest.com,Enabled,Standard User,No,2007-02-19,2026-07-02
PBHATTACHARYA,Parvin Bhattacharya,Parvin.Bhattacharya@BiTermTest.com,Enabled,Standard User,No,2007-01-29,2026-06-12
BMENSAH,Bogdan Mensah,Bogdan.Mensah@BiTermTest.com,Enabled,Power User,No,2007-01-29,2025-12-30
MDOGAN,Matteo Dogan,Matteo.Dogan@BiTermTest.com,Enabled,Read Only,No,2007-01-22,2026-07-02
RDABROWSKI,Ren Dabrowski,Ren.Dabrowski@BiTermTest.com,Enabled,Read Only,No,2007-01-15,2026-06-29
MARISOL.AMARI,Marisol Amari,Marisol.Amari@BiTermTest.com,Enabled,Standard User,No,2007-01-12,2026-07-03
VLINDQVIST,Vandana Lindqvist,Vandana.Lindqvist@BiTermTest.com,Enabled,Standard User,No,2007-01-12,2026-07-03
TVUONG,Thao Vuong,Thao.Vuong@BiTermTest.com,Enabled,Standard User,No,2007-01-02,2026-07-14
FRAHAL,Femi Rahal,Femi.Rahal@BiTermTest.com,Enabled,Standard User,No,2007-01-01,2026-07-16
SIGRID.CARDOSO,Sigrid Cardoso,Sigrid.Cardoso@BiTermTest.com,Enabled,Read Only,No,2019-02-04,2026-06-13
ADAEZE.FERREIRA,Adaeze Ferreira,Adaeze.Ferreira@BiTermTest.com,Enabled,Administrator,Yes,2019-01-21,2026-06-19
OIHANE.MEKONNEN,Oihane Mekonnen,Oihane.Mekonnen@BiTermTest.com,Enabled,Standard User,No,2019-01-14,2026-07-02
AOI.IVANOV,Aoi Ivanov,Aoi.Ivanov@BiTermTest.com,Enabled,Standard User,No,2019-01-07,2026-06-12
LAN.BORG,Lan Borg,Lan.Borg@BiTermTest.com,Enabled,Read Only,No,2018-12-17,2026-06-27
ROISIN.BALOGUN,Roisin Balogun,Roisin.Balogun@BiTermTest.com,Enabled,Standard User,No,2018-12-03,2026-06-08
MEI.LINDQVIST,Mei Lindqvist,Mei.Lindqvist@BiTermTest.com,Enabled,Read Only,No,2018-11-26,2026-06-14
FEMI.MARINO,Femi Marino,Femi.Marino@BiTermTest.com,Enabled,Read Only,No,2018-11-26,2026-07-12
BAO.KILIC,Bao Kilic,Bao.Kilic@BiTermTest.com,Enabled,Standard User,No,2018-11-26,2026-02-09
ANOUK.AZEVEDO,Anouk Azevedo,Anouk.Azevedo@BiTermTest.com,Enabled,Administrator,Yes,2018-11-26,2026-07-17
MARTA.CARVALHO,Marta Carvalho,Marta.Carvalho@BiTermTest.com,Enabled,Standard User,No,2018-11-26,2026-07-13
ANAHI.VANDENBERG,Anahi Vandenberg,Anahi.Vandenberg@BiTermTest.com,Enabled,Power User,No,2018-11-26,2026-02-27
AGNIESZKA.BAE,Agnieszka Bae,Agnieszka.Bae@BiTermTest.com,Enabled,Standard User,No,2018-11-26,2026-07-16
ANAHI.DESTA,Anahi Desta,Anahi.Desta@BiTermTest.com,Enabled,Standard User,No,2018-11-19,2026-07-09
VANDANA.LINDQVIST,Vandana Lindqvist,Vandana.Lindqvist@BiTermTest.com,Enabled,Power User,No,2018-11-19,2026-07-18
Joao.Azevedo,Joao Azevedo,Joao.Azevedo@BiTermTest.com,Enabled,Standard User,No,2018-11-12,2026-06-09
ANAHI.DEVRIES,Anahi Devries,Anahi.Devries@BiTermTest.com,Enabled,Administrator,Yes,2018-10-29,2026-06-16
SIOBHAN.RICCI,Siobhan Ricci,Siobhan.Ricci@BiTermTest.com,Enabled,Standard User,No,2018-10-23,2026-07-16
VASIL.VELLA,Vasil Vella,Vasil.Vella@BiTermTest.com,Enabled,Standard User,No,2018-10-22,2026-07-02
KATYA.NAIR,Katya Nair,Katya.Nair@BiTermTest.com,Enabled,Standard User,No,2018-10-15,2026-07-07
DENIZ.BARBOSA,Deniz Barbosa,Deniz.Barbosa@BiTermTest.com,Enabled,Read Only,No,2018-10-08,2026-06-25
HUI.RICCI,Hui Ricci,Hui.Ricci@BiTermTest.com,Enabled,Read Only,No,2018-10-08,2026-07-06
PADRAIG.GRABOWSKI,Padraig Grabowski,Padraig.Grabowski@BiTermTest.com,Enabled,Standard User,No,2018-10-08,2026-06-28
SEDA.ROSSI,Seda Rossi,Seda.Rossi@BiTermTest.com,Enabled,Standard User,No,2018-10-08,2026-06-25
BOGDAN.DESHPANDE,Bogdan Deshpande,Bogdan.Deshpande@BiTermTest.com,Enabled,Standard User,No,2018-10-01,2026-06-12
MILAN.VUONG,Milan Vuong,Milan.Vuong@BiTermTest.com,Enabled,Standard User,No,2018-09-17,2026-07-11
VOLKAN.OWUSU,Volkan Owusu,Volkan.Owusu@BiTermTest.com,Enabled,Power User,No,2018-09-10,2026-06-22
MAHMOUD.WORKU,Mahmoud Worku,Mahmoud.Worku@BiTermTest.com,Enabled,Standard User,No,2018-09-10,2026-07-21
DAAN.TRUONG,Daan Truong,Daan.Truong@BiTermTest.com,Enabled,Read Only,No,2018-09-09,2026-06-13
LARS.BOATENG,Lars Boateng,Lars.Boateng@BiTermTest.com,Disabled,Standard User,No,2020-01-20,2026-06-09
BEATRIZ.NGO,Beatriz Ngo,Beatriz.Ngo@BiTermTest.com,Enabled,Standard User,No,2020-01-20,2026-07-16
CEM.BOSMAN,Cem Bosman,Cem.Bosman@BiTermTest.com,Enabled,Standard User,No,2020-01-13,2026-07-06
MATTEO.JANKOWSKI,Matteo Jankowski,Matteo.Jankowski@BiTermTest.com,Enabled,Standard User,No,2020-01-07,2026-06-24
AOIFE.BUI,Aoife Bui,Aoife.Bui@BiTermTest.com,Enabled,Standard User,No,2020-01-06,2026-06-16
ILYA.MEIJER,Ilya Meijer,Ilya.Meijer@BiTermTest.com,Enabled,Standard User,No,2020-01-06,2026-06-23
VANDANA.SALIBA,Vandana Saliba,Vandana.Saliba@BiTermTest.com,Enabled,Standard User,No,2020-01-06,2026-07-14
INES.RICCI,Ines Ricci,Ines.Ricci@BiTermTest.com,Enabled,Standard User,No,2020-01-06,2026-06-19
MEI.CAMILLERI,Mei Camilleri,Mei.Camilleri@BiTermTest.com,Enabled,Standard User,No,2020-01-06,2026-06-15
KATYA.LEWANDOWSKI,Katya Lewandowski,Katya.Lewandowski@BiTermTest.com,Disabled,Standard User,No,2020-01-06,2026-06-27
ZAINAB.HOLMGREN,Zainab Holmgren,Zainab.Holmgren@BiTermTest.com,Enabled,Standard User,No,2020-01-06,2026-06-28
ESHAN.FARRUGIA,Eshan Farrugia,Eshan.Farrugia@BiTermTest.com,Enabled,Power User,No,2021-01-25,2026-07-11
BOGDAN.KOWALSKI,Bogdan Kowalski,Bogdan.Kowalski@BiTermTest.com,Enabled,Standard User,No,2021-01-18,2026-07-21
HUI.MAZUR,Hui Mazur,Hui.Mazur@BiTermTest.com,Enabled,Standard User,No,2022-01-17,2026-06-20
KAVITA.AFOLABI,Kavita Afolabi,Kavita.Afolabi@BiTermTest.com,Enabled,Standard User,No,2022-01-17,2026-07-14
CEM.TRIVEDI,Cem Trivedi,Cem.Trivedi@BiTermTest.com,Enabled,Read Only,No,2022-01-17,2026-07-02
YAN.SOKOLOV,Yan Sokolov,Yan.Sokolov@BiTermTest.com,Enabled,Standard User,No,2022-01-11,2026-07-13
AMINA.OWUSU,Amina Owusu,Amina.Owusu@BiTermTest.com,Enabled,Standard User,No,2022-01-10,2026-07-21
XIMENA.DEMIR,Ximena Demir,Ximena.Demir@BiTermTest.com,Disabled,Standard User,No,2022-01-10,2026-07-17
DUC.ALEMU,Duc Alemu,Duc.Alemu@BiTermTest.com,Enabled,Standard User,No,2022-01-04,2026-07-15
AOIFE.GALLO,Aoife Gallo,Aoife.Gallo@BiTermTest.com,Enabled,Read Only,No,2022-01-03,2026-06-28
JOVANA.SOWANDE,Jovana Sowande,Jovana.Sowande@BiTermTest.com,Enabled,Standard User,No,2021-12-27,2026-07-11
AMARA.KOCAK,Amara Kocak,Amara.Kocak@BiTermTest.com,Enabled,Standard User,No,2021-12-17,2026-07-07
IZARO.SOWANDE,Izaro Sowande,Izaro.Sowande@BiTermTest.com,Enabled,Standard User,No,2021-12-13,2026-06-29
PIOTR.FERREIRA,Piotr Ferreira,Piotr.Ferreira@BiTermTest.com,Enabled,Standard User,No,2021-12-13,2026-06-26
LORENZO.AMARI,Lorenzo Amari,Lorenzo.Amari@BiTermTest.com,Enabled,Standard User,No,2021-12-13,2026-06-27
OKSANA.NOWAK,Oksana Nowak,Oksana.Nowak@BiTermTest.com,Enabled,Read Only,No,2021-12-13,2026-06-24
LUCIA.RAO,Lucia Rao,Lucia.Rao@BiTermTest.com,Enabled,Standard User,No,2021-12-08,2026-07-04
LARS.AZEVEDO,Lars Azevedo,Lars.Azevedo@BiTermTest.com,Enabled,Standard User,No,2021-12-06,2026-06-10
FIRUZA.MORETTI,Firuza Moretti,Firuza.Moretti@BiTermTest.com,Enabled,Standard User,No,2021-11-29,2026-06-30
ROHAN.KIRIGAYA,Rohan Kirigaya,Rohan.Kirigaya@BiTermTest.com,Enabled,Standard User,No,2021-11-29,2026-06-12
HUONG.DOGAN,Huong Dogan,Huong.Dogan@BiTermTest.com,Enabled,Read Only,No,2021-11-22,2026-07-16
MAITE.BANERJEE,Maite Banerjee,Maite.Banerjee@BiTermTest.com,Enabled,Standard User,No,2021-11-17,2026-07-18
IZARO.SOWANDE,Izaro Sowande,Izaro.Sowande@BiTermTest.com,Enabled,Standard User,No,2021-11-16,2026-06-29
UMAR.FERREIRA,Umar Ferreira,Umar.Ferreira@BiTermTest.com,Enabled,Read Only,No,2021-01-04,2026-07-04
HAMID.ISHIKAWA,Hamid Ishikawa,Hamid.Ishikawa@BiTermTest.com,Enabled,Standard User,No,2021-01-04,2026-06-12
SANJAY.HOANG,Sanjay Hoang,Sanjay.Hoang@BiTermTest.com,Enabled,Standard User,No,2020-12-28,2026-07-20
BOGDAN.DJORDJEVIC,Bogdan Djordjevic,Bogdan.Djordjevic@BiTermTest.com,Enabled,Standard User,No,2020-12-28,2026-07-06
CHIDI.BARBOSA,Chidi Barbosa,Chidi.Barbosa@BiTermTest.com,Enabled,Standard User,No,2020-12-21,2026-06-13
ALESSANDRO.TAKAHASHI,Alessandro Takahashi,Alessandro.Takahashi@BiTermTest.com,Enabled,Standard User,No,2023-09-05,2026-07-20
XOCHITL.WOJCIK,Xochitl Wojcik,Xochitl.Wojcik@BiTermTest.com,Enabled,Standard User,No,2023-09-05,2026-07-04
MAIALEN.BARBOSA,Maialen Barbosa,Maialen.Barbosa@BiTermTest.com,Enabled,Standard User,No,2023-08-25,2026-06-14
LINH.AYDIN,Linh Aydin,Linh.Aydin@BiTermTest.com,Disabled,Standard User,No,2023-08-22,2026-06-29
FERNANDA.ZAMMIT,Fernanda Zammit,Fernanda.Zammit@BiTermTest.com,Enabled,Power User,No,2023-08-21,2026-07-13
SIPHO.CHOPRA,Sipho Chopra,Sipho.Chopra@BiTermTest.com,Enabled,Standard User,No,2023-08-21,2026-06-09
ANOUK.CELIK,Anouk Celik,Anouk.Celik@BiTermTest.com,Enabled,Read Only,No,2023-08-14,2026-07-01
YEVHEN.LINDQVIST,Yevhen Lindqvist,Yevhen.Lindqvist@BiTermTest.com,Enabled,Standard User,No,2023-08-07,2026-06-27
CITLALI.FARRUGIA,Citlali Farrugia,Citlali.Farrugia@BiTermTest.com,Enabled,Standard User,No,2023-07-31,2026-07-19
HENRYK.BERGSTROM,Henryk Bergstrom,Henryk.Bergstrom@BiTermTest.com,Enabled,Administrator,Yes,2023-07-31,2026-06-12
YUSUF.FERRARI,Yusuf Ferrari,Yusuf.Ferrari@BiTermTest.com,Enabled,Read Only,No,2023-07-17,2026-06-13
HUONG.REDDY,Huong Reddy,Huong.Reddy@BiTermTest.com,Enabled,Standard User,No,2023-07-12,2026-06-08
DRAGAN.DOGAN,Dragan Dogan,Dragan.Dogan@BiTermTest.com,Enabled,Standard User,No,2023-07-04,2026-07-14
Volkan.Chatterjee,Volkan Chatterjee,Volkan.Chatterjee@BiTermTest.com,Enabled,Administrator,Yes,2023-07-03,2026-07-19
TARIQ.DESAI,Tariq Desai,Tariq.Desai@BiTermTest.com,Enabled,Administrator,Yes,2020-12-14,2026-07-07
MIKKEL.NOWAK,Mikkel Nowak,Mikkel.Nowak@BiTermTest.com,Enabled,Standard User,No,2020-12-14,2026-07-20
DAAN.TRUONG,Daan Truong,Daan.Truong@BiTermTest.com,Enabled,Read Only,No,2020-12-14,2026-06-13
DRAGAN.GUPTA,Dragan Gupta,Dragan.Gupta@BiTermTest.com,Enabled,Standard User,No,2015-01-05,2026-07-22
Amina.Forsberg,Amina Forsberg,Amina.Forsberg@BiTermTest.com,Disabled,Read Only,No,2015-01-05,2026-03-20
Gorka.Fedorov,Gorka Fedorov,Gorka.Fedorov@BiTermTest.com,Enabled,Administrator,Yes,2015-01-02,2026-07-09
VASIL.WORKU,Vasil Worku,Vasil.Worku@BiTermTest.com,Enabled,Standard User,No,2015-01-01,2026-07-10
JOVANA.GRECO,Jovana Greco,Jovana.Greco@BiTermTest.com,Enabled,Read Only,No,2015-01-01,2026-07-18
AMAIA.MULDER,Amaia Mulder,Amaia.Mulder@BiTermTest.com,Enabled,Standard User,No,2015-01-01,2026-06-21
NAYELI.HOSHINO,Nayeli Hoshino,Nayeli.Hoshino@BiTermTest.com,Enabled,Standard User,No,2015-01-01,2026-07-09
KAVITA.AFOLABI,Kavita Afolabi,Kavita.Afolabi@BiTermTest.com,Enabled,Standard User,No,2015-01-01,2026-07-14
LINH.BORG,Linh Borg,Linh.Borg@BiTermTest.com,Enabled,Standard User,No,2015-01-01,2026-06-18
LEILA.MAZUR,Leila Mazur,Leila.Mazur@BiTermTest.com,Enabled,Read Only,No,2015-01-01,2026-07-02
ZAHRA.SZYMANSKI,Zahra Szymanski,Zahra.Szymanski@BiTermTest.com,Enabled,Standard User,No,2015-01-01,2026-06-15
LORENZO.BEKELE,Lorenzo Bekele,Lorenzo.Bekele@BiTermTest.com,Enabled,Standard User,No,2015-01-01,2026-01-26
NIKOLAI.SANDBERG,Nikolai Sandberg,Nikolai.Sandberg@BiTermTest.com,Enabled,Standard User,No,2015-01-01,2026-07-16
Sakura.Ghanem,Sakura Ghanem,Sakura.Ghanem@BiTermTest.com,Enabled,Standard User,No,2015-01-01,2026-07-13
INES.VUONG,Ines Vuong,Ines.Vuong@BiTermTest.com,Enabled,Power User,No,2015-01-01,2026-06-24
NAOKO.OKONKWO,Naoko Okonkwo,Naoko.Okonkwo@BiTermTest.com,Enabled,Read Only,No,2015-01-01,2026-07-05
TRUNG.ZIELINSKI,Trung Zielinski,Trung.Zielinski@BiTermTest.com,Enabled,Power User,No,2015-01-01,2026-07-04
AYLIN.ZIELINSKI,Aylin Zielinski,Aylin.Zielinski@BiTermTest.com,Enabled,Standard User,No,2015-01-01,2026-06-09
ROHAN.MATSUDA,Rohan Matsuda,Rohan.Matsuda@BiTermTest.com,Enabled,Standard User,No,2015-01-01,2026-07-12
IZARO.KILIC,Izaro Kilic,Izaro.Kilic@BiTermTest.com,Enabled,Standard User,No,2015-01-01,2026-07-04
QASIM.LAI,Qasim Lai,Qasim.Lai@BiTermTest.com,Enabled,Standard User,No,2015-01-01,2026-07-08
Soren.Bosman,Soren Bosman,Soren.Bosman@BiTermTest.com,Enabled,Standard User,No,2015-01-01,2025-12-05
TEODORA.MAALOUF,Teodora Maalouf,Teodora.Maalouf@BiTermTest.com,Enabled,Read Only,No,2015-01-01,2026-06-15
AMARA.OHTANI,Amara Ohtani,Amara.Ohtani@BiTermTest.com,Enabled,Power User,No,2015-01-01,2026-07-19
VOLKAN.TEIXEIRA,Volkan Teixeira,Volkan.Teixeira@BiTermTest.com,Enabled,Standard User,No,2015-01-01,2026-06-19
ANIKA.DESAI,Anika Desai,Anika.Desai@BiTermTest.com,Enabled,Standard User,No,2015-01-01,2026-07-11
GORKA.KHOURY,Gorka Khoury,Gorka.Khoury@BiTermTest.com,Enabled,Standard User,No,2015-01-01,2026-06-23
FEMKE.LEWANDOWSKI,Femke Lewandowski,Femke.Lewandowski@BiTermTest.com,Enabled,Standard User,No,2015-01-01,2026-07-17
ANOUK.TAKAHASHI,Anouk Takahashi,Anouk.Takahashi@BiTermTest.com,Enabled,Standard User,No,2015-01-01,2026-06-19
MARTA.SEO,Marta Seo,Marta.Seo@BiTermTest.com,Enabled,Standard User,No,2015-01-01,2026-01-19
KAMAL.POLAT,Kamal Polat,Kamal.Polat@BiTermTest.com,Enabled,Standard User,No,2015-01-01,2026-07-20
MARISOL.NGO,Marisol Ngo,Marisol.Ngo@BiTermTest.com,Enabled,Standard User,No,2015-01-01,2026-07-04
ELZBIETA.KRAWCZYK,Elzbieta Krawczyk,Elzbieta.Krawczyk@BiTermTest.com,Enabled,Standard User,No,2015-01-01,2026-01-13
Oksana.Kilic,Oksana Kilic,Oksana.Kilic@BiTermTest.com,Enabled,Read Only,No,2015-01-01,2026-06-25
HANA.RICCI,Hana Ricci,Hana.Ricci@BiTermTest.com,Enabled,Read Only,No,2015-01-01,2026-07-07
ASTRID.MICALLEF,Astrid Micallef,Astrid.Micallef@BiTermTest.com,Enabled,Standard User,No,2015-01-01,2026-06-28
ESHAN.CARDOSO,Eshan Cardoso,Eshan.Cardoso@BiTermTest.com,Enabled,Standard User,No,2015-01-01,2026-06-24
BAO.EGOROV,Bao Egorov,Bao.Egorov@BiTermTest.com,Enabled,Standard User,No,2015-01-01,2026-06-19
ZAHRA.DEVRIES,Zahra Devries,Zahra.Devries@BiTermTest.com,Enabled,Power User,No,2015-01-01,2026-06-29
ZOFIA.DELUCA,Zofia Deluca,Zofia.Deluca@BiTermTest.com,Enabled,Standard User,No,2015-01-01,2026-07-20
Quang.Esposito,Quang Esposito,Quang.Esposito@BiTermTest.com,Enabled,Power User,No,2015-01-01,2026-07-21
AYLIN.FUJIMOTO,Aylin Fujimoto,Aylin.Fujimoto@BiTermTest.com,Enabled,Power User,No,2015-01-01,2026-07-21
SEDA.ADEYEMI,Seda Adeyemi,Seda.Adeyemi@BiTermTest.com,Enabled,Power User,No,2015-01-01,2026-06-08
Rafael.Stojanovic,Rafael Stojanovic,Rafael.Stojanovic@BiTermTest.com,Enabled,Standard User,No,2015-01-01,2026-07-05
TEODORA.FERREIRA,Teodora Ferreira,Teodora.Ferreira@BiTermTest.com,Enabled,Power User,No,2015-01-01,2026-07-04
MEERA.SAHIN,Meera Sahin,Meera.Sahin@BiTermTest.com,Enabled,Standard User,No,2015-01-01,2026-06-14
HANA.NYSTROM,Hana Nystrom,Hana.Nystrom@BiTermTest.com,Enabled,Standard User,No,2015-01-01,2026-07-20
CITLALI.BALOGUN,Citlali Balogun,Citlali.Balogun@BiTermTest.com,Enabled,Standard User,No,2015-01-01,2026-06-17
VOLKAN.KAYA,Volkan Kaya,Volkan.Kaya@BiTermTest.com,Enabled,Power User,No,2015-01-01,2026-07-05
TAHIRA.WORKU,Tahira Worku,Tahira.Worku@BiTermTest.com,Enabled,Read Only,No,2015-01-01,2026-06-16
Jelani.Meijer,Jelani Meijer,Jelani.Meijer@BiTermTest.com,Enabled,Power User,No,2015-01-01,2026-07-22
TENOCH.KAMINSKI,Tenoch Kaminski,Tenoch.Kaminski@BiTermTest.com,Enabled,Read Only,No,2015-01-01,2026-07-19
AOI.ASLAN,Aoi Aslan,Aoi.Aslan@BiTermTest.com,Enabled,Standard User,No,2015-01-01,2026-07-12
Tomasz.Djordjevic,Tomasz Djordjevic,Tomasz.Djordjevic@BiTermTest.com,Enabled,Standard User,No,2015-01-01,2026-07-08
Lotte.Aksoy,Lotte Aksoy,Lotte.Aksoy@BiTermTest.com,Enabled,Standard User,No,2015-01-01,2026-07-19
ARJUN.TEIXEIRA,Arjun Teixeira,Arjun.Teixeira@BiTermTest.com,Enabled,Standard User,No,2015-01-01,2026-06-09
ALESSANDRO.TAKAHASHI,Alessandro Takahashi,Alessandro.Takahashi@BiTermTest.com,Enabled,Standard User,No,2015-01-01,2026-07-20
THIAGO.CELIK,Thiago Celik,Thiago.Celik@BiTermTest.com,Enabled,Standard User,No,2015-01-01,2026-07-19
NALEDI.KURODA,Naledi Kuroda,,Enabled,Standard User,No,2023-05-12,2024-02-16
XHOLMGREN,Xholmgren,xholmgren@bitermtest.com,Enabled,Standard User,No,2023-11-08,2025-09-28
APHAM,Apham,apham@bitermtest.com,Enabled,Service Account,Yes,2023-07-31,2026-05-25
OHOANG,Ohoang,,Enabled,Service Account,Yes,2023-03-31,2026-04-28
AYLIN.NDIAYE,Aylin Ndiaye,,Enabled,Service Account,Yes,2024-01-17,2025-06-17
XDELUCA,Xdeluca,,Enabled,Read Only,No,2022-02-15,2024-11-30
MINH.VANDENBERG,Minh Vandenberg,,Enabled,Power User,No,2023-08-19,2026-07-12
XOCHITL.NWOSU,Xochitl Nwosu,,Enabled,Read Only,No,2023-05-14,2025-04-19
MINH.PHAM,Minh Pham,,Enabled,Read Only,No,2022-02-19,2025-11-07
CGRABOWSKI,Cgrabowski,,Enabled,Service Account,Yes,2022-03-07,2024-06-27
TVARMA,Tvarma,tvarma@bitermtest.com,Disabled,Service Account,Yes,2024-01-12,2025-04-03
KSAHIN,Ksahin,ksahin@bitermtest.com,Enabled,Service Account,Yes,2023-09-26,2024-11-15
ABOATENG,Aboateng,aboateng@bitermtest.com,Enabled,Standard User,No,2022-06-14,2024-02-13
TYOON,Tyoon,tyoon@bitermtest.com,Enabled,Read Only,No,2022-10-05,2025-03-17
KHWANG,Khwang,,Enabled,Service Account,Yes,2022-02-20,2024-10-02
INES.OKONKWO,Ines Okonkwo,,Enabled,Service Account,Yes,2022-06-10,2024-03-03
Nikolai.Saxena,Nikolai Saxena,nikolai.saxena@bitermtest.com,Enabled,Standard User,No,2022-02-19,2024-07-08
HYILMAZ,Hyilmaz,hyilmaz@bitermtest.com,Enabled,Service Account,Yes,2023-12-21,2025-02-24
AWATANABE,Awatanabe,awatanabe@bitermtest.com,Enabled,Standard User,No,2023-03-23,2026-04-04
ZSAXENA,Zsaxena,zsaxena@bitermtest.com,Enabled,Standard User,No,2022-03-07,2025-08-29
YUSUF.GRABOWSKI,Yusuf Grabowski,,Enabled,Service Account,Yes,2024-01-17,2024-08-27
UNAI.DELUCA,Unai Deluca,,Enabled,Standard User,No,2023-12-12,2025-06-06
SIYER,Siyer,siyer@bitermtest.com,Enabled,Standard User,No,2023-10-31,2026-02-12
TEODORA.ENGSTROM,Teodora Engstrom,,Enabled,Service Account,Yes,2022-08-10,2024-11-22
ZOFIA.NOVIKOV,Zofia Novikov,,Enabled,Standard User,No,2022-04-05,2024-12-09
AATTARD,Aattard,,Enabled,Power User,No,2022-06-14,2025-07-27
LKRAWCZYK,Lkrawczyk,,Enabled,Standard User,No,2023-09-04,2024-07-01
GORKA.FEDOROV,Gorka Fedorov,,Enabled,Service Account,Yes,2022-11-28,2024-02-14
CKURODA,Ckuroda,,Enabled,Service Account,Yes,2023-03-08,2024-06-09
UOZTURK,Uozturk,uozturk@bitermtest.com,Enabled,Standard User,No,2023-11-18,2024-08-05
MZIELINSKI,Mzielinski,,Enabled,Standard User,No,2022-11-25,2024-02-12
QYOON,Qyoon,,Enabled,Service Account,Yes,2023-11-12,2026-01-16
MRIBEIRO,Mribeiro,,Enabled,Service Account,Yes,2023-05-09,2025-06-21
WILLEM.BOSMAN,Willem Bosman,,Enabled,Service Account,Yes,2023-01-31,2025-05-25
AINHOA.SZYMANSKI,Ainhoa Szymanski,,Disabled,Service Account,Yes,2023-09-27,2024-06-26
AMAIA.DANG,Amaia Dang,,Enabled,Read Only,No,2023-01-12,2024-04-02
ENEKO.NGO,Eneko Ngo,,Enabled,Service Account,Yes,2023-06-03,2026-06-13
XKEITA,Xkeita,,Enabled,Administrator,Yes,2022-05-30,2025-12-06
CRIBEIRO,Cribeiro,cribeiro@bitermtest.com,Enabled,Standard User,No,2022-11-06,2026-02-19
XIMENA.ALMEIDA,Ximena Almeida,,Disabled,Standard User,No,2022-07-07,2024-02-29
HUONG.DOGAN,Huong Dogan,,Enabled,Read Only,No,2023-01-02,2026-04-07
NIVANOV,Nivanov,,Enabled,Power User,No,2022-06-20,2026-02-03
SOREN.BARAKA,Soren Baraka,,Enabled,Service Account,Yes,2022-03-29,2024-03-05
BAO.DOGAN,Bao Dogan,,Enabled,Standard User,No,2022-06-29,2024-12-28
INGRID.KILIC,Ingrid Kilic,,Enabled,Standard User,No,2023-01-18,2026-06-26
FYOON,Fyoon,fyoon@bitermtest.com,Enabled,Standard User,No,2023-02-07,2024-04-04
AESPOSITO,Aesposito,aesposito@bitermtest.com,Enabled,Service Account,Yes,2023-04-23,2024-07-12
RASHIDA.JOVANOVIC,Rashida Jovanovic,,Enabled,Standard User,No,2023-03-26,2026-01-12
VOLKAN.NYSTROM,Volkan Nystrom,,Enabled,Standard User,No,2021-12-08,2025-10-23
Astrid.Kovac,Astrid Kovac,,Enabled,Service Account,Yes,2021-12-03,2025-07-11
DENIZ.PETROV,Deniz Petrov,,Enabled,Service Account,Yes,2022-05-08,2024-10-15
AOIFE.STOJANOVIC,Aoife Stojanovic,,Enabled,Service Account,Yes,2023-02-03,2025-01-06
ADAEZE.SEO,Adaeze Seo,,Enabled,Standard User,No,2023-11-10,2024-03-13
ZBABIC,Zbabic,,Enabled,Standard User,No,2023-05-28,2024-11-18
ESHAN.LEWANDOWSKI,Eshan Lewandowski,,Enabled,Service Account,Yes,2023-10-15,2025-10-08
XDIALLO,Xdiallo,,Enabled,Standard User,No,2022-11-10,2024-12-06
XNAKAMURA,Xnakamura,xnakamura@bitermtest.com,Enabled,Power User,No,2023-07-02,2024-03-18
ANWAR.KOBAYASHI,Anwar Kobayashi,,Enabled,Service Account,Yes,2023-03-28,2026-02-23
KMOROZOV,Kmorozov,kmorozov@bitermtest.com,Enabled,Service Account,Yes,2022-07-06,2024-05-05
NOZTURK,Nozturk,nozturk@bitermtest.com,Enabled,Power User,No,2023-09-13,2024-05-06
MHOSHINO,Mhoshino,mhoshino@bitermtest.com,Enabled,Service Account,Yes,2022-11-22,2026-05-29
AOIFE.MOROZOV,Aoife Morozov,,Enabled,Standard User,No,2022-03-30,2024-06-16
BJORN.SAXENA,Bjorn Saxena,,Enabled,Standard User,No,2022-01-29,2024-03-01
TUCHIDA,Tuchida,,Enabled,Standard User,No,2022-07-27,2024-05-04
SANJAY.ZAMMIT,Sanjay Zammit,,Enabled,Standard User,No,2022-01-04,2024-02-13
JOVANA.MENON,Jovana Menon,,Enabled,Service Account,Yes,2021-12-19,2026-02-23
YAN.SOKOLOV,Yan Sokolov,,Enabled,Service Account,Yes,2023-12-15,2024-12-31
BKWON,Bkwon,,Enabled,Service Account,Yes,2023-01-06,2025-04-20
DUC.NOVIKOV,Duc Novikov,,Enabled,Standard User,No,2022-05-17,2024-09-07
XIYER,Xiyer,xiyer@bitermtest.com,Enabled,Standard User,No,2023-08-11,2025-03-03
CSAHIN,Csahin,csahin@bitermtest.com,Enabled,Standard User,No,2022-05-08,2026-02-27
XIU.RICCI,Xiu Ricci,xiu.ricci@bitermtest.com,Enabled,Service Account,Yes,2022-10-28,2024-05-10
MATTARD,Mattard,,Enabled,Service Account,Yes,2022-07-24,2025-05-01
MATTEO.BERGSTROM,Matteo Bergstrom,,Enabled,Read Only,No,2023-12-02,2024-12-10
IMEIJER,Imeijer,imeijer@bitermtest.com,Enabled,Power User,No,2022-07-08,2024-04-27
EKOWALSKI,Ekowalski,ekowalski@bitermtest.com,Enabled,Service Account,Yes,2022-11-02,2025-06-17
JOVANA.SOWANDE,Jovana Sowande,,Enabled,Service Account,Yes,2022-03-31,2025-01-06
Sakura.Asante,Sakura Asante,,Enabled,Service Account,Yes,2022-05-23,2026-07-03
FNYSTROM,Fnystrom,,Enabled,Standard User,No,2023-07-08,2026-01-30
THAO.KEITA,Thao Keita,,Enabled,Standard User,No,2022-11-29,2024-02-05
AMARA.OHTANI,Amara Ohtani,,Enabled,Power User,No,2023-10-09,2025-06-09
THIAGO.BARONE,Thiago Barone,,Enabled,Standard User,No,2023-04-28,2024-09-03
INGRID.DJORDJEVIC,Ingrid Djordjevic,,Enabled,Service Account,Yes,2023-03-24,2024-04-21
XJOVANOVIC,Xjovanovic,,Enabled,Service Account,Yes,2023-12-26,2026-04-03
AOLIVEIRA,Aoliveira,aoliveira@bitermtest.com,Enabled,Standard User,No,2022-08-01,2025-10-16
RFAKHOURY,Rfakhoury,,Enabled,Service Account,Yes,2022-04-09,2026-04-17
NISHIKAWA,Nishikawa,nishikawa@bitermtest.com,Enabled,Standard User,No,2022-10-15,2025-02-04
AMARA.IVANOV,Amara Ivanov,,Enabled,Standard User,No,2022-03-13,2025-12-24
ASOWANDE,Asowande,,Enabled,Standard User,No,2023-04-09,2026-01-29
NKAYA,Nkaya,nkaya@bitermtest.com,Enabled,Standard User,No,2022-03-29,2025-03-10
MROSSI,Mrossi,mrossi@bitermtest.com,Enabled,Standard User,No,2024-01-13,2025-03-08
LMATSUDA,Lmatsuda,lmatsuda@bitermtest.com,Enabled,Standard User,No,2022-10-25,2025-07-11
IKER.AKSOY,Iker Aksoy,,Enabled,Power User,No,2023-05-09,2024-02-05
ANAKAMURA,Anakamura,anakamura@bitermtest.com,Enabled,Standard User,No,2024-01-18,2024-05-01
BCONTI,Bconti,bconti@bitermtest.com,Enabled,Standard User,No,2023-03-31,2024-07-29
ZJOSHI,Zjoshi,zjoshi@bitermtest.com,Enabled,Power User,No,2022-10-13,2026-03-29
TOMASZ.DEKKER,Tomasz Dekker,,Enabled,Service Account,Yes,2022-03-17,2024-12-20
LBORG,Lborg,lborg@bitermtest.com,Enabled,Standard User,No,2023-08-17,2024-03-18
Izaro.Seo,Izaro Seo,,Enabled,Standard User,No,2022-12-03,2026-04-05
CCONTI,Cconti,,Enabled,Standard User,No,2023-05-21,2024-10-24
JTEIXEIRA,Jteixeira,,Enabled,Standard User,No,2022-10-25,2026-06-19
TAHIRA.WORKU,Tahira Worku,,Enabled,Read Only,No,2022-09-23,2024-05-29
SKAMINSKI,Skaminski,skaminski@bitermtest.com,Enabled,Administrator,Yes,2021-12-16,2024-08-09
TAHIRA.GALEA,Tahira Galea,,Enabled,Service Account,Yes,2022-06-25,2026-02-25
TSAHIN,Tsahin,tsahin@bitermtest.com,Enabled,Read Only,No,2022-09-21,2026-04-30
AGNIESZKA.NOVAK,Agnieszka Novak,,Enabled,Standard User,No,2022-05-04,2026-04-02
LAN.BORG,Lan Borg,,Enabled,Read Only,No,2023-01-19,2025-01-20
BBARAKA,Bbaraka,bbaraka@bitermtest.com,Disabled,Read Only,No,2022-12-24,2026-04-07
CILLIAN.CHATTERJEE,Cillian Chatterjee,,Enabled,Read Only,No,2022-09-30,2024-03-28
MPILLAI,Mpillai,,Enabled,Service Account,Yes,2023-02-17,2025-06-26
HENRYK.BABIC,Henryk Babic,,Enabled,Service Account,Yes,2022-08-16,2024-02-22
YMENON,Ymenon,ymenon@bitermtest.com,Enabled,Service Account,Yes,2023-04-15,2026-07-18
CLINDQVIST,Clindqvist,,Disabled,Standard User,No,2022-07-02,2025-03-18
YNIKOLIC,Ynikolic,,Enabled,Standard User,No,2022-06-17,2025-09-03
MIKKEL.MORETTI,Mikkel Moretti,,Enabled,Power User,No,2022-02-04,2024-02-06
SIGRID.ARSLAN,Sigrid Arslan,,Enabled,Service Account,Yes,2022-01-12,2024-05-19
THIAGO.GALEA,Thiago Galea,,Enabled,Standard User,No,2023-01-25,2024-04-29
HAYDIN,Haydin,haydin@bitermtest.com,Enabled,Service Account,Yes,2022-04-28,2025-01-19
APHAM,Apham,apham@bitermtest.com,Enabled,Service Account,Yes,2023-07-31,2026-05-25
