employee_id,first_name,last_name,upn,business_email,employment_status,worker_type,hire_date,termination_date,job_title,department,country,manager_upn
22332,Aaxelsson,User,AAxelsson@BiTermTest.com,AAxelsson@BiTermTest.com,Active,Employee,2003-07-11,,Physical Security Officer,Security,United States,Ines.Kulkarni@BiTermTest.com
25824,Adaeze,Adeyemi,Adaeze.Adeyemi@BiTermTest.com,Adaeze.Adeyemi@BiTermTest.com,Active,Employee,2016-11-14,,Operations Analyst,Operations,United States,Kofi.Obiora@BiTermTest.com
22952,Adaeze,Baraka,Adaeze.Baraka@BiTermTest.com,Adaeze.Baraka@BiTermTest.com,Active,Contractor,2016-04-04,,Accounts Payable Clerk,Finance,Canada,Gorka.Desta@BiTermTest.com
73050958,Adaeze,Bui,Adaeze.Bui@BiTermTest.com,Adaeze.Bui@BiTermTest.com,Active,Employee,2025-03-12,,Recruiter,Human Resources,United States,Iker.Lewandowski@BiTermTest.com
435,Adaeze,Deshpande,Adaeze.Deshpande@BiTermTest.com,Adaeze.Deshpande@BiTermTest.com,Active,Employee,2003-03-31,,Customer Care Associate,Customer Service,United States,Beatriz.Haile@BiTermTest.com
27618,Adaeze,Ferreira,Adaeze.Ferreira@BiTermTest.com,Adaeze.Ferreira@BiTermTest.com,Active,Contractor,2015-04-13,,Recruiter,Human Resources,United States,Jisoo.Jeong@BiTermTest.com
20354,Adaeze,Greco,Adaeze.Greco@BiTermTest.com,Adaeze.Greco@BiTermTest.com,Active,Employee,2014-10-27,,Operations Analyst,Operations,United States,Cillian.Novikov@BiTermTest.com
11027,Adaeze,Kocak,Adaeze.Kocak@BiTermTest.com,Adaeze.Kocak@BiTermTest.com,Active,Employee,2011-03-28,,Operations Analyst,Operations,Canada,Vandana.Forsberg@BiTermTest.com
40580,Adaeze,Seo,Adaeze.Seo@BiTermTest.com,Adaeze.Seo@BiTermTest.com,Active,Employee,2019-06-17,,Accounts Payable Clerk,Finance,United States,Naoko.Jeong@BiTermTest.com
19864,Adaeze,Wozniak,Adaeze.Wozniak@BiTermTest.com,Adaeze.Wozniak@BiTermTest.com,Active,Employee,2003-10-06,,Systems Engineer,IT,United States,Hana.Borg@BiTermTest.com
31970,Agnieszka,Arslan,Agnieszka.Arslan@BiTermTest.com,Agnieszka.Arslan@BiTermTest.com,Active,Employee,2017-06-19,,HR Business Partner,Human Resources,United States,Xochitl.Wojcik@BiTermTest.com
37954,Agnieszka,Bae,Agnieszka.Bae@BiTermTest.com,Agnieszka.Bae@BiTermTest.com,Active,Employee,2018-11-26,,Sales Operations Analyst,Sales,United States,Laleh.Bekele@BiTermTest.com
23650,Agnieszka,Hoang,Agnieszka.Hoang@BiTermTest.com,Agnieszka.Hoang@BiTermTest.com,Active,Employee,2009-05-18,,Account Executive,Sales,Canada,Bram.Aslan@BiTermTest.com
23378,Agnieszka,Jovanovic,Agnieszka.Jovanovic@BiTermTest.com,Agnieszka.Jovanovic@BiTermTest.com,Active,Employee,2007-02-19,,Operations Analyst,Operations,Canada,Cillian.Novikov@BiTermTest.com
73036896,Agnieszka,Novak,Agnieszka.Novak@BiTermTest.com,Agnieszka.Novak@BiTermTest.com,Active,Employee,2023-05-08,,Financial Analyst,Finance,United States,Aylin.Mukherjee@BiTermTest.com
25458,Agnieszka,Oliveira,Agnieszka.Oliveira@BiTermTest.com,Agnieszka.Oliveira@BiTermTest.com,Active,Employee,2007-01-22,,Financial Analyst,Finance,United States,Fernanda.Rahal@BiTermTest.com
73023407,Agnieszka,Reddy,Agnieszka.Reddy@BiTermTest.com,Agnieszka.Reddy@BiTermTest.com,Active,Employee,2021-12-20,,Customer Security Representative II CDL,Customer Service,Canada,Anahi.Esposito@BiTermTest.com
13027,Agnieszka,Seo,Agnieszka.Seo@BiTermTest.com,Agnieszka.Seo@BiTermTest.com,Active,Employee,2015-01-01,,Systems Engineer,IT,Canada,Hana.Borg@BiTermTest.com
22574,Agnieszka,Teixeira,Agnieszka.Teixeira@BiTermTest.com,Agnieszka.Teixeira@BiTermTest.com,Active,Employee,2010-04-12,,Customer Care Associate,Customer Service,United States,Itzel.Piotrowski@BiTermTest.com
39115,Agnieszka,Trivedi,Agnieszka.Trivedi@BiTermTest.com,Agnieszka.Trivedi@BiTermTest.com,Active,Contractor,2019-02-25,,Account Executive,Sales,United States,Niamh.Rahal@BiTermTest.com
40464,Agnieszka,Zammit,Agnieszka.Zammit@BiTermTest.com,Agnieszka.Zammit@BiTermTest.com,Active,Employee,2025-01-13,,Service Desk Analyst,IT,United States,Daan.Uchida@BiTermTest.com
73044787,Ainhoa,Almeida,Ainhoa.Almeida@BiTermTest.com,Ainhoa.Almeida@BiTermTest.com,Active,Employee,2024-05-22,2026-05-22,GRC Analyst,Security,United States,Amaia.Diallo@BiTermTest.com
73007730,Ainhoa,Chopra,Ainhoa.Chopra@BiTermTest.com,Ainhoa.Chopra@BiTermTest.com,Active,Employee,2020-09-14,,Security Analyst,Security,United States,Amaia.Diallo@BiTermTest.com
19521,Ainhoa,Devries,Ainhoa.Devries@BiTermTest.com,Ainhoa.Devries@BiTermTest.com,Active,Employee,2015-09-02,,HR Business Partner,Human Resources,United States,Oksana.Haddad@BiTermTest.com
73032016,Ainhoa,Micallef,Ainhoa.Micallef@BiTermTest.com,Ainhoa.Micallef@BiTermTest.com,Active,Contractor,2022-12-05,,Platform Administrator,IT,United States,Hana.Borg@BiTermTest.com
20537,Ainhoa,Nystrom,Ainhoa.Nystrom@BiTermTest.com,Ainhoa.Nystrom@BiTermTest.com,Active,Employee,2014-07-11,,Security Analyst,Security,United States,Teodora.Rossi@BiTermTest.com
73042715,Ainhoa,Rao,Ainhoa.Rao@BiTermTest.com,Ainhoa.Rao@BiTermTest.com,Active,Employee,2024-02-05,,GRC Analyst,Security,United States,Firuza.Mulder@BiTermTest.com
22356,Ainhoa,Szymanski,Ainhoa.Szymanski@BiTermTest.com,Ainhoa.Szymanski@BiTermTest.com,Active,Employee,2000-12-22,,Controller,Finance,United States,Fernanda.Rahal@BiTermTest.com
18348,Ainhoa,Teixeira,Ainhoa.Teixeira@BiTermTest.com,Ainhoa.Teixeira@BiTermTest.com,Active,Employee,1987-08-20,,Account Executive,Sales,United States,Jisoo.Almeida@BiTermTest.com
73051891,Ainhoa,Wisniewski,Ainhoa.Wisniewski@BiTermTest.com,Ainhoa.Wisniewski@BiTermTest.com,Active,Contractor,2025-05-19,,Controller,Finance,United States,Soren.Ferreira@BiTermTest.com
73015172,Ainhoa,Wojcik,Ainhoa.Wojcik@BiTermTest.com,Ainhoa.Wojcik@BiTermTest.com,Active,Employee,2021-05-24,,Account Support Lead,Customer Service,United States,Eshan.Farrugia@BiTermTest.com
28307,Alessandro,Bae,Alessandro.Bae@BiTermTest.com,Alessandro.Bae@BiTermTest.com,Active,Employee,2016-08-22,,Physical Security Officer,Security,United States,Unai.Nassar@BiTermTest.com
73053484,Alessandro,Chukwu,Alessandro.Chukwu@BiTermTest.com,Alessandro.Chukwu@BiTermTest.com,Active,Employee,2025-08-25,2027-12-31,Customer Care Associate,Customer Service,United States,Beatriz.Haile@BiTermTest.com
21616,Alessandro,Dang,Alessandro.Dang@BiTermTest.com,Alessandro.Dang@BiTermTest.com,Active,Contractor,2011-03-14,,Fleet Planner,Fleet,United States,Teodora.Jankowski@BiTermTest.com
73032227,Alessandro,Engstrom,Alessandro.Engstrom@BiTermTest.com,Alessandro.Engstrom@BiTermTest.com,Active,Employee,2022-12-19,,Customer Security Representative II CDL,Customer Service,Canada,Itzel.Piotrowski@BiTermTest.com
36693,Alessandro,Fakhoury,Alessandro.Fakhoury@BiTermTest.com,Alessandro.Fakhoury@BiTermTest.com,Active,Contractor,2018-06-01,,Benefits Analyst,Human Resources,Canada,Mahmoud.Tesfaye@BiTermTest.com
10004870,Alessandro,Haddad,Alessandro.Haddad@BiTermTest.com,Alessandro.Haddad@BiTermTest.com,Active,Employee,2006-02-24,,Recruiter,Human Resources,Canada,Nemanja.Duong@BiTermTest.com
14317,Alessandro,Takahashi,Alessandro.Takahashi@BiTermTest.com,Alessandro.Takahashi@BiTermTest.com,Active,Employee,2015-01-01,,Platform Administrator,IT,United States,Roisin.Hoshino@BiTermTest.com
13471,Alessandro,Vandenberg,Alessandro.Vandenberg@BiTermTest.com,Alessandro.Vandenberg@BiTermTest.com,Active,Employee,2015-01-01,,Fleet Maintenance Technician,Fleet,United States,Aoife.Bosman@BiTermTest.com
73041109,Amaia,Dang,Amaia.Dang@BiTermTest.com,Amaia.Dang@BiTermTest.com,Active,Employee,2024-01-02,,Physical Security Officer,Security,Canada,Parvin.Mekonnen@BiTermTest.com
73015700,Amaia,Diallo,Amaia.Diallo@BiTermTest.com,Amaia.Diallo@BiTermTest.com,Active,Employee,2021-06-07,,Security Analyst,Security,United States,Gita.Meijer@BiTermTest.com
73033925,Amaia,Fonseca,Amaia.Fonseca@BiTermTest.com,Amaia.Fonseca@BiTermTest.com,Active,Employee,2023-01-30,,Route Driver,Fleet,United States,Willem.Kuroda@BiTermTest.com
73021461,Amaia,Hendriks,Amaia.Hendriks@BiTermTest.com,Amaia.Hendriks@BiTermTest.com,Active,Contractor,2021-10-25,,Fleet Maintenance Technician,Fleet,United States,Hui.Amari@BiTermTest.com
10631,Amaia,Jankowski,Amaia.Jankowski@BiTermTest.com,Amaia.Jankowski@BiTermTest.com,Active,Employee,2010-08-30,,Physical Security Officer,Security,United States,Ilya.Wozniak@BiTermTest.com
73006563,Amaia,Kowalski,Amaia.Kowalski@BiTermTest.com,Amaia.Kowalski@BiTermTest.com,Active,Employee,2020-08-31,,HR Business Partner,Human Resources,United States,Cuauhtemoc.Kapoor@BiTermTest.com
18931,Amaia,Lindqvist,Amaia.Lindqvist@BiTermTest.com,Amaia.Lindqvist@BiTermTest.com,Active,Employee,2016-05-30,,Fleet Planner,Fleet,United States,Teodora.Jankowski@BiTermTest.com
10003122,Amaia,Mekonnen,Amaia.Mekonnen@BiTermTest.com,Amaia.Mekonnen@BiTermTest.com,Active,Employee,2014-10-13,,GRC Analyst,Security,United States,Anwar.Fedorov@BiTermTest.com
13733,Amaia,Mulder,Amaia.Mulder@BiTermTest.com,Amaia.Mulder@BiTermTest.com,Active,Employee,2015-01-01,,Fleet Planner,Fleet,Canada,Jeroen.Petrovic@BiTermTest.com
19554,Amaia,Ohtani,Amaia.Ohtani@BiTermTest.com,Amaia.Ohtani@BiTermTest.com,Active,Employee,2001-01-29,,Sales Operations Analyst,Sales,Canada,Niamh.Rahal@BiTermTest.com
25602,Amaia,Owusu,Amaia.Owusu@BiTermTest.com,Amaia.Owusu@BiTermTest.com,Active,Employee,2009-01-26,,Route Driver,Fleet,United States,Gorka.Celik@BiTermTest.com
10002518,Amaia,Polat,Amaia.Polat@BiTermTest.com,Amaia.Polat@BiTermTest.com,Active,Employee,2013-09-02,,Route Driver,Fleet,United States,Teodora.Jankowski@BiTermTest.com
73050411,Amaia,Rossi,Amaia.Rossi@BiTermTest.com,Amaia.Rossi@BiTermTest.com,Active,Employee,2025-02-06,,Security Analyst,Security,United States,Zainab.Holmgren@BiTermTest.com
23607,Amaia,Trivedi,Amaia.Trivedi@BiTermTest.com,Amaia.Trivedi@BiTermTest.com,Active,Employee,2016-01-25,,Customer Care Associate,Customer Service,Canada,Willem.Chopra@BiTermTest.com
26194,Amaia,Varma,Amaia.Varma@BiTermTest.com,Amaia.Varma@BiTermTest.com,Active,Employee,2015-03-02,,Account Executive,Sales,United States,Matteo.Malhotra@BiTermTest.com
149,Amaia,Watanabe,Amaia.Watanabe@BiTermTest.com,Amaia.Watanabe@BiTermTest.com,Active,Employee,2001-10-12,,Accounts Payable Clerk,Finance,United States,Fernanda.Rahal@BiTermTest.com
10003591,Amaia,Yilmaz,Amaia.Yilmaz@BiTermTest.com,Amaia.Yilmaz@BiTermTest.com,Active,Employee,2012-12-17,,Security Analyst,Security,United States,Jisoo.Menon@BiTermTest.com
27637,Amara,Esposito,Amara.Esposito@BiTermTest.com,Amara.Esposito@BiTermTest.com,Active,Employee,2003-01-01,,Route Driver,Fleet,United States,Tariq.Zammit@BiTermTest.com
31387,Amara,Fedorov,Amara.Fedorov@BiTermTest.com,Amara.Fedorov@BiTermTest.com,Active,Contractor,2017-05-01,,GRC Analyst,Security,United States,Eneko.Zielinski@BiTermTest.com
21722,Amara,Grech,Amara.Grech@BiTermTest.com,Amara.Grech@BiTermTest.com,Active,Employee,2011-09-19,,Customer Care Associate,Customer Service,United States,Eshan.Farrugia@BiTermTest.com
20003201,Amara,Kocak,Amara.Kocak@BiTermTest.com,Amara.Kocak@BiTermTest.com,Active,Employee,2021-12-17,,Platform Administrator,IT,United States,Katya.Horvat@BiTermTest.com
73043876,Amara,Malhotra,Amara.Malhotra@BiTermTest.com,Amara.Malhotra@BiTermTest.com,Active,Employee,2024-03-28,2026-12-31,Systems Engineer,IT,United States,Deniz.Mulder@BiTermTest.com
73018413,Amara,Markovic,Amara.Markovic@BiTermTest.com,Amara.Markovic@BiTermTest.com,Terminated,Contractor,2021-07-20,2026-03-23,Sales Operations Analyst,Sales,United States,Elif.Jankowski@BiTermTest.com
13358,Amara,Ohtani,Amara.Ohtani@BiTermTest.com,Amara.Ohtani@BiTermTest.com,Active,Employee,2015-01-01,,Operations Analyst,Operations,United States,Firuza.Bekele@BiTermTest.com
26628,Amara,Orlov,Amara.Orlov@BiTermTest.com,Amara.Orlov@BiTermTest.com,Active,Employee,2013-12-02,,Security Analyst,Security,United States,Chidi.Chopra@BiTermTest.com
25220,Amara,Rahal,Amara.Rahal@BiTermTest.com,Amara.Rahal@BiTermTest.com,Active,Employee,2013-11-25,,Fleet Planner,Fleet,Canada,Teodora.Jankowski@BiTermTest.com
18345,Amara,Sakamoto,Amara.Sakamoto@BiTermTest.com,Amara.Sakamoto@BiTermTest.com,Active,Employee,1987-09-23,,Site Coordinator,Operations,United States,Priya.Ribeiro@BiTermTest.com
40261,Amara,Sleiman,Amara.Sleiman@BiTermTest.com,Amara.Sleiman@BiTermTest.com,Active,Employee,2019-06-10,,Fleet Maintenance Technician,Fleet,United States,Gorka.Celik@BiTermTest.com
73012818,Amara,Teixeira,Amara.Teixeira@BiTermTest.com,Amara.Teixeira@BiTermTest.com,Active,Employee,2021-03-08,,Benefits Analyst,Human Resources,United States,Rashida.Jankowski@BiTermTest.com
73022005,Amina,Boateng,Amina.Boateng@BiTermTest.com,Amina.Boateng@BiTermTest.com,Active,Employee,2021-11-08,,Service Desk Analyst,IT,United States,Emre.Kobayashi@BiTermTest.com
23780,Amina,Carvalho,Amina.Carvalho@BiTermTest.com,Amina.Carvalho@BiTermTest.com,Active,Employee,2011-05-09,,Account Executive,Sales,United States,Ilya.Meijer@BiTermTest.com
31256,Amina,Fedorov,Amina.Fedorov@BiTermTest.com,Amina.Fedorov@BiTermTest.com,Active,Employee,2017-04-24,,Customer Security Representative II CDL,Customer Service,United States,Tomasz.Ozturk@BiTermTest.com
73039372,Amina,Ferrari,Amina.Ferrari@BiTermTest.com,Amina.Ferrari@BiTermTest.com,Active,Employee,2023-08-25,2026-12-31,Benefits Analyst,Human Resources,United States,Xochitl.Wojcik@BiTermTest.com
13552,Amina,Forsberg,Amina.Forsberg@BiTermTest.com,Amina.Forsberg@BiTermTest.com,Terminated,Employee,2015-01-01,2026-03-23,Recruiter,Human Resources,Canada,Rashida.Jankowski@BiTermTest.com
24545,Amina,Kilic,Amina.Kilic@BiTermTest.com,Amina.Kilic@BiTermTest.com,Active,Contractor,2014-04-14,,Recruiter,Human Resources,United States,Cuauhtemoc.Kapoor@BiTermTest.com
27413,Amina,Lindqvist,Amina.Lindqvist@BiTermTest.com,Amina.Lindqvist@BiTermTest.com,Active,Employee,1993-10-18,,Customer Care Associate,Customer Service,United States,Anahi.Esposito@BiTermTest.com
73051856,Amina,Meijer,Amina.Meijer@BiTermTest.com,Amina.Meijer@BiTermTest.com,Active,Contractor,2025-05-09,,Customer Care Associate,Customer Service,United States,Tomasz.Ozturk@BiTermTest.com
20426,Amina,Novikov,Amina.Novikov@BiTermTest.com,Amina.Novikov@BiTermTest.com,Active,Employee,2014-09-15,,Controller,Finance,Canada,Parvin.Wisniewski@BiTermTest.com
73023767,Amina,Owusu,Amina.Owusu@BiTermTest.com,Amina.Owusu@BiTermTest.com,Active,Employee,2022-01-10,,Account Support Lead,Customer Service,United States,Tomasz.Ozturk@BiTermTest.com
16966,Amina,Petrov,Amina.Petrov@BiTermTest.com,Amina.Petrov@BiTermTest.com,Active,Employee,2016-01-12,,Account Support Lead,Customer Service,United States,Lorenzo.Kebede@BiTermTest.com
26477,Amina,Petrovic,Amina.Petrovic@BiTermTest.com,Amina.Petrovic@BiTermTest.com,Active,Employee,2014-03-03,,HR Business Partner,Human Resources,United States,Ren.Mazur@BiTermTest.com
73001543,Amina,Polat,Amina.Polat@BiTermTest.com,Amina.Polat@BiTermTest.com,Active,Employee,2020-02-24,,Systems Engineer,IT,United States,Mahmoud.Nakamura@BiTermTest.com
42488,Amina,Seo,Amina.Seo@BiTermTest.com,Amina.Seo@BiTermTest.com,Active,Employee,2019-11-11,,Physical Security Officer,Security,United States,Ilya.Wozniak@BiTermTest.com
73010418,Anahi,Agarwal,Anahi.Agarwal@BiTermTest.com,Anahi.Agarwal@BiTermTest.com,Active,Employee,2020-12-28,,Systems Engineer,IT,United States,Xiu.Carvalho@BiTermTest.com
11221,Anahi,Chukwu,Anahi.Chukwu@BiTermTest.com,Anahi.Chukwu@BiTermTest.com,Active,Employee,2011-07-25,,Site Coordinator,Operations,United States,Soren.Banerjee@BiTermTest.com
73046948,Anahi,Conti,Anahi.Conti@BiTermTest.com,Anahi.Conti@BiTermTest.com,Active,Employee,2024-10-07,,Operations Analyst,Operations,United States,Priya.Ribeiro@BiTermTest.com
10007125,Anahi,Desta,Anahi.Desta@BiTermTest.com,Anahi.Desta@BiTermTest.com,Active,Employee,2018-11-19,,Physical Security Officer,Security,United States,Chidi.Chopra@BiTermTest.com
37594,Anahi,Devries,Anahi.Devries@BiTermTest.com,Anahi.Devries@BiTermTest.com,Active,Employee,2018-10-29,,Physical Security Officer,Security,United States,Anouk.Desta@BiTermTest.com
24480,Anahi,Esposito,Anahi.Esposito@BiTermTest.com,Anahi.Esposito@BiTermTest.com,Active,Employee,2012-02-27,,Customer Care Associate,Customer Service,United States,Qasim.Engstrom@BiTermTest.com
27487,Anahi,Greco,Anahi.Greco@BiTermTest.com,Anahi.Greco@BiTermTest.com,Active,Employee,2005-08-11,,HR Business Partner,Human Resources,Canada,Mahmoud.Tesfaye@BiTermTest.com
22025,Anahi,Gupta,Anahi.Gupta@BiTermTest.com,Anahi.Gupta@BiTermTest.com,Active,Employee,2008-06-02,,Operations Supervisor,Operations,Canada,Valentina.Kebede@BiTermTest.com
22883,Anahi,Kobayashi,Anahi.Kobayashi@BiTermTest.com,Anahi.Kobayashi@BiTermTest.com,Active,Employee,2007-10-15,,Fleet Planner,Fleet,United States,Yusuf.Kaminski@BiTermTest.com
20349,Anahi,Lindqvist,Anahi.Lindqvist@BiTermTest.com,Anahi.Lindqvist@BiTermTest.com,Active,Employee,2016-02-29,,Customer Security Representative II CDL,Customer Service,United States,Rafael.Kuroda@BiTermTest.com
25291,Anahi,Vandenberg,Anahi.Vandenberg@BiTermTest.com,Anahi.Vandenberg@BiTermTest.com,Terminated,Employee,2013-11-04,2026-03-13,Sales Operations Analyst,Sales,United States,Tariq.Borg@BiTermTest.com
73044787,Anahi,Vosberg,Anahi.Vosberg@BiTermTest.com,Anahi.Vosberg@BiTermTest.com,Active,Employee,2024-05-22,2026-05-22,Security Analyst,Security,Canada,Ilya.Wozniak@BiTermTest.com
22589,Anahi,Zammit,Anahi.Zammit@BiTermTest.com,Anahi.Zammit@BiTermTest.com,Active,Employee,2008-07-28,,GRC Analyst,Security,Canada,Amaia.Yilmaz@BiTermTest.com
73024968,Andres,Afolabi,Andres.Afolabi@BiTermTest.com,Andres.Afolabi@BiTermTest.com,Active,Employee,2022-01-31,,Platform Administrator,IT,United States,Hana.Borg@BiTermTest.com
19974,Andres,Fujimoto,Andres.Fujimoto@BiTermTest.com,Andres.Fujimoto@BiTermTest.com,Active,Employee,2001-02-06,,Benefits Analyst,Human Resources,United States,Iker.Lewandowski@BiTermTest.com
23644,Andres,Greco,Andres.Greco@BiTermTest.com,Andres.Greco@BiTermTest.com,Active,Employee,2009-05-18,,Systems Engineer,IT,United States,Sakura.Vuong@BiTermTest.com
25602,Andres,Gupta,Andres.Gupta@BiTermTest.com,Andres.Gupta@BiTermTest.com,Active,Employee,2009-01-26,,Financial Analyst,Finance,United States,Sanne.Desta@BiTermTest.com
28298,Andres,Horvat,Andres.Horvat@BiTermTest.com,Andres.Horvat@BiTermTest.com,Active,Employee,2021-11-01,,Fleet Maintenance Technician,Fleet,United States,Willem.Kuroda@BiTermTest.com
42333,Andres,Kovac,Andres.Kovac@BiTermTest.com,Andres.Kovac@BiTermTest.com,Active,Employee,2019-11-04,,Sales Operations Analyst,Sales,Canada,Piotr.Malhotra@BiTermTest.com
20164,Andres,Mulder,Andres.Mulder@BiTermTest.com,Andres.Mulder@BiTermTest.com,Active,Employee,1996-06-01,,GRC Analyst,Security,United States,Ines.Kulkarni@BiTermTest.com
24239,Andres,Ozturk,Andres.Ozturk@BiTermTest.com,Andres.Ozturk@BiTermTest.com,Terminated,Employee,2012-06-25,2026-03-23,Platform Administrator,IT,United States,Hana.Borg@BiTermTest.com
24478,Andres,Sakamoto,Andres.Sakamoto@BiTermTest.com,Andres.Sakamoto@BiTermTest.com,Active,Employee,2012-02-27,,Controller,Finance,United States,Cuauhtemoc.Zielinski@BiTermTest.com
73034880,Andres,Volkov,Andres.Volkov@BiTermTest.com,Andres.Volkov@BiTermTest.com,Active,Employee,2023-03-20,,Benefits Analyst,Human Resources,United States,Ren.Mazur@BiTermTest.com
10007616,Andres,Vuong,Andres.Vuong@BiTermTest.com,Andres.Vuong@BiTermTest.com,Active,Employee,2019-11-18,,Financial Analyst,Finance,United States,Astrid.Micallef@BiTermTest.com
27373,Andres,Wisniewski,Andres.Wisniewski@BiTermTest.com,Andres.Wisniewski@BiTermTest.com,Active,Employee,1994-12-20,,Physical Security Officer,Security,United States,Ines.Kulkarni@BiTermTest.com
14564,Anika,Desai,Anika.Desai@BiTermTest.com,Anika.Desai@BiTermTest.com,Active,Employee,2015-01-01,,Account Executive,Sales,United States,Jing.Owusu@BiTermTest.com
73032556,Anika,Ishikawa,Anika.Ishikawa@BiTermTest.com,Anika.Ishikawa@BiTermTest.com,Active,Employee,2022-12-19,2035-12-31,Fleet Planner,Fleet,United States,Tariq.Zammit@BiTermTest.com
21722,Anika,Kocak,Anika.Kocak@BiTermTest.com,Anika.Kocak@BiTermTest.com,Active,Employee,2011-09-19,,Operations Supervisor,Operations,United States,Vandana.Forsberg@BiTermTest.com
40070,Anika,Marino,Anika.Marino@BiTermTest.com,Anika.Marino@BiTermTest.com,Active,Employee,2019-05-06,,Fleet Maintenance Technician,Fleet,United States,Sanne.Iyer@BiTermTest.com
24297,Anika,Mehta,Anika.Mehta@BiTermTest.com,Anika.Mehta@BiTermTest.com,Active,Employee,2013-07-29,,Platform Administrator,IT,United States,Renata.Mukherjee@BiTermTest.com
21473,Anika,Micallef,Anika.Micallef@BiTermTest.com,Anika.Micallef@BiTermTest.com,Active,Employee,2011-07-05,,Site Coordinator,Operations,United States,Dalia.Kozlowski@BiTermTest.com
32390,Anika,Nakamura,Anika.Nakamura@BiTermTest.com,Anika.Nakamura@BiTermTest.com,Terminated,Employee,2017-07-24,2026-03-23,Platform Administrator,IT,United States,Emre.Kobayashi@BiTermTest.com
19169,Anika,Yilmaz,Anika.Yilmaz@BiTermTest.com,Anika.Yilmaz@BiTermTest.com,Active,Employee,2016-02-29,,Controller,Finance,United States,Parvin.Wisniewski@BiTermTest.com
27649,Anouk,Adeyemi,Anouk.Adeyemi@BiTermTest.com,Anouk.Adeyemi@BiTermTest.com,Active,Employee,2004-09-27,,Account Executive,Sales,United States,Volkan.Kocak@BiTermTest.com
73046418,Anouk,Almeida,Anouk.Almeida@BiTermTest.com,Anouk.Almeida@BiTermTest.com,Unpaid Leave,Employee,2024-09-09,,GRC Analyst,Security,United States,Amaia.Yilmaz@BiTermTest.com
37939,Anouk,Azevedo,Anouk.Azevedo@BiTermTest.com,Anouk.Azevedo@BiTermTest.com,Active,Contractor,2018-11-26,,Site Coordinator,Operations,United States,Hamid.Krawczyk@BiTermTest.com
73038997,Anouk,Celik,Anouk.Celik@BiTermTest.com,Anouk.Celik@BiTermTest.com,Active,Employee,2023-08-14,,Financial Analyst,Finance,United States,Parvin.Wisniewski@BiTermTest.com
39447,Anouk,Desta,Anouk.Desta@BiTermTest.com,Anouk.Desta@BiTermTest.com,Active,Employee,2019-04-01,,Physical Security Officer,Security,United States,Zainab.Holmgren@BiTermTest.com
10003600,Anouk,Devries,Anouk.Devries@BiTermTest.com,Anouk.Devries@BiTermTest.com,Active,Employee,2001-07-03,,GRC Analyst,Security,Canada,Lan.Vosberg@BiTermTest.com
19994,Anouk,Ferrari,Anouk.Ferrari@BiTermTest.com,Anouk.Ferrari@BiTermTest.com,Active,Employee,2000-04-03,,Operations Analyst,Operations,United States,Jovana.Baraka@BiTermTest.com
42333,Anouk,Ishikawa,Anouk.Ishikawa@BiTermTest.com,Anouk.Ishikawa@BiTermTest.com,Active,Employee,2019-11-04,,Systems Engineer,IT,United States,Sigrid.Ndiaye@BiTermTest.com
73045541,Anouk,Mazur,Anouk.Mazur@BiTermTest.com,Anouk.Mazur@BiTermTest.com,Active,Contractor,2024-07-08,,Accounts Payable Clerk,Finance,United States,Gorka.Desta@BiTermTest.com
73007628,Anouk,Ozturk,Anouk.Ozturk@BiTermTest.com,Anouk.Ozturk@BiTermTest.com,Active,Contractor,2020-09-08,,Financial Analyst,Finance,United States,Gorka.Desta@BiTermTest.com
73027897,Anouk,Petrov,Anouk.Petrov@BiTermTest.com,Anouk.Petrov@BiTermTest.com,Active,Employee,2022-07-05,,Recruiter,Human Resources,United States,Cuauhtemoc.Kapoor@BiTermTest.com
21944,Anouk,Sokolov,Anouk.Sokolov@BiTermTest.com,Anouk.Sokolov@BiTermTest.com,Active,Employee,2012-06-11,,Systems Engineer,IT,United States,Daan.Uchida@BiTermTest.com
13510,Anouk,Takahashi,Anouk.Takahashi@BiTermTest.com,Anouk.Takahashi@BiTermTest.com,Active,Employee,2015-01-01,,Physical Security Officer,Security,United States,Jisoo.Menon@BiTermTest.com
73026941,Anouk,Titov,Anouk.Titov@BiTermTest.com,Anouk.Titov@BiTermTest.com,Active,Contractor,2022-04-11,,Security Analyst,Security,United States,Marisol.Asante@BiTermTest.com
26475,Anouk,Visser,Anouk.Visser@BiTermTest.com,Anouk.Visser@BiTermTest.com,Active,Employee,2014-03-03,,Fleet Planner,Fleet,United States,Willem.Kuroda@BiTermTest.com
8897,Anwar,Attard,Anwar.Attard@BiTermTest.com,Anwar.Attard@BiTermTest.com,Active,Employee,2007-08-30,,Platform Administrator,IT,United States,Diego.Azevedo@BiTermTest.com
21901,Anwar,Axelsson,Anwar.Axelsson@BiTermTest.com,Anwar.Axelsson@BiTermTest.com,Active,Employee,2009-05-19,,Regional Sales Manager,Sales,United States,Elif.Jankowski@BiTermTest.com
27968,Anwar,Bui,Anwar.Bui@BiTermTest.com,Anwar.Bui@BiTermTest.com,Active,Employee,2015-10-05,,Account Support Lead,Customer Service,United States,Jovana.Mifsud@BiTermTest.com
40657,Anwar,Fedorov,Anwar.Fedorov@BiTermTest.com,Anwar.Fedorov@BiTermTest.com,Active,Employee,2019-06-24,,Security Analyst,Security,United States,Teodora.Rossi@BiTermTest.com
73047921,Anwar,Grech,Anwar.Grech@BiTermTest.com,Anwar.Grech@BiTermTest.com,Active,Employee,2024-12-09,,Systems Engineer,IT,United States,Maialen.Sleiman@BiTermTest.com
73006474,Anwar,Kobayashi,Anwar.Kobayashi@BiTermTest.com,Anwar.Kobayashi@BiTermTest.com,Active,Employee,2020-08-17,,Controller,Finance,United States,Naoko.Jeong@BiTermTest.com
73050392,Anwar,Ngo,Anwar.Ngo@BiTermTest.com,Anwar.Ngo@BiTermTest.com,Active,Employee,2025-02-06,,Fleet Maintenance Technician,Fleet,Canada,Sanne.Iyer@BiTermTest.com
73013574,Anwar,Pillai,Anwar.Pillai@BiTermTest.com,Anwar.Pillai@BiTermTest.com,Active,Employee,2021-03-16,2035-12-31,Account Executive,Sales,United States,Mateo.Pillai@BiTermTest.com
73043827,Anwar,Vandenberg,Anwar.Vandenberg@BiTermTest.com,Anwar.Vandenberg@BiTermTest.com,Active,Contractor,2024-04-08,,Controller,Finance,United States,Teodora.Menon@BiTermTest.com
435,Anwar,Zielinski,Anwar.Zielinski@BiTermTest.com,Anwar.Zielinski@BiTermTest.com,Active,Contractor,2003-03-31,,Site Coordinator,Operations,United States,Anouk.Azevedo@BiTermTest.com
42333,Aoi,Aslan,Aoi.Aslan@BiTermTest.com,Aoi.Aslan@BiTermTest.com,Active,Employee,2019-11-04,,Benefits Analyst,Human Resources,United States,Jisoo.Jeong@BiTermTest.com
7935,Aoi,Banerjee,Aoi.Banerjee@BiTermTest.com,Aoi.Banerjee@BiTermTest.com,Active,Employee,2014-10-06,,Security Analyst,Security,Canada,Anwar.Fedorov@BiTermTest.com
25075,Aoi,Ghanem,Aoi.Ghanem@BiTermTest.com,Aoi.Ghanem@BiTermTest.com,Active,Employee,2011-10-24,,Recruiter,Human Resources,United States,Sanne.Khoury@BiTermTest.com
73047533,Aoi,Grabowski,Aoi.Grabowski@BiTermTest.com,Aoi.Grabowski@BiTermTest.com,Active,Employee,2024-11-11,,Route Driver,Fleet,Canada,Sanne.Iyer@BiTermTest.com
16567,Aoi,Ivanov,Aoi.Ivanov@BiTermTest.com,Aoi.Ivanov@BiTermTest.com,Active,Employee,2017-02-01,,Service Desk Analyst,IT,United States,Bjorn.Dabrowski@BiTermTest.com
73024147,Aoi,Kebede,Aoi.Kebede@BiTermTest.com,Aoi.Kebede@BiTermTest.com,Active,Employee,2022-01-24,,Service Desk Analyst,IT,United States,Gorka.Egorov@BiTermTest.com
33125,Aoi,Krawczyk,Aoi.Krawczyk@BiTermTest.com,Aoi.Krawczyk@BiTermTest.com,Active,Employee,2017-09-25,,Platform Administrator,IT,Canada,Emre.Kobayashi@BiTermTest.com
22332,Aoi,Mukherjee,Aoi.Mukherjee@BiTermTest.com,Aoi.Mukherjee@BiTermTest.com,Active,Employee,2003-07-11,,Site Coordinator,Operations,United States,Kofi.Obiora@BiTermTest.com
27039,Aoi,Ozturk,Aoi.Ozturk@BiTermTest.com,Aoi.Ozturk@BiTermTest.com,Active,Employee,2013-07-29,,Controller,Finance,United States,Teodora.Menon@BiTermTest.com
25481,Aoi,Ricci,Aoi.Ricci@BiTermTest.com,Aoi.Ricci@BiTermTest.com,Active,Employee,2010-09-01,,Regional Sales Manager,Sales,United States,Bram.Aslan@BiTermTest.com
73033893,Aoi,Sleiman,Aoi.Sleiman@BiTermTest.com,Aoi.Sleiman@BiTermTest.com,Active,Employee,2023-02-20,,Financial Analyst,Finance,Canada,Gorka.Desta@BiTermTest.com
24204,Aoi,Takahashi,Aoi.Takahashi@BiTermTest.com,Aoi.Takahashi@BiTermTest.com,Active,Employee,2012-11-26,,GRC Analyst,Security,United States,Firuza.Mulder@BiTermTest.com
20831,Aoi,Uchida,Aoi.Uchida@BiTermTest.com,Aoi.Uchida@BiTermTest.com,Active,Employee,2013-09-03,,Service Desk Analyst,IT,United States,Gorka.Egorov@BiTermTest.com
73007786,Aoi,Visser,Aoi.Visser@BiTermTest.com,Aoi.Visser@BiTermTest.com,Active,Employee,2020-09-21,,Sales Operations Analyst,Sales,United States,Mateo.Pillai@BiTermTest.com
26093,Aoife,Aydin,Aoife.Aydin@BiTermTest.com,Aoife.Aydin@BiTermTest.com,Active,Employee,2014-05-12,,Account Executive,Sales,United States,Bram.Aslan@BiTermTest.com
39768,Aoife,Bae,Aoife.Bae@BiTermTest.com,Aoife.Bae@BiTermTest.com,Active,Employee,2019-04-15,,Fleet Maintenance Technician,Fleet,United States,Ximena.Worku@BiTermTest.com
19590,Aoife,Baraka,Aoife.Baraka@BiTermTest.com,Aoife.Baraka@BiTermTest.com,Active,Employee,1993-12-01,,Customer Care Associate,Customer Service,United States,Minh.Sakamoto@BiTermTest.com
19458,Aoife,Bosman,Aoife.Bosman@BiTermTest.com,Aoife.Bosman@BiTermTest.com,Active,Contractor,1999-08-30,,Fleet Planner,Fleet,United States,Jeroen.Petrovic@BiTermTest.com
73000540,Aoife,Bui,Aoife.Bui@BiTermTest.com,Aoife.Bui@BiTermTest.com,Active,Employee,2020-01-06,,Site Coordinator,Operations,United States,Valentina.Kebede@BiTermTest.com
73036827,Aoife,Esposito,Aoife.Esposito@BiTermTest.com,Aoife.Esposito@BiTermTest.com,Active,Contractor,2023-05-22,,Benefits Analyst,Human Resources,United States,Xochitl.Wojcik@BiTermTest.com
73006067,Aoife,Ezeani,Aoife.Ezeani@BiTermTest.com,Aoife.Ezeani@BiTermTest.com,Active,Employee,2020-07-27,,Operations Supervisor,Operations,United States,Priya.Ribeiro@BiTermTest.com
33861,Aoife,Gallo,Aoife.Gallo@BiTermTest.com,Aoife.Gallo@BiTermTest.com,Active,Employee,2017-12-04,,Platform Administrator,IT,United States,Sakura.Vuong@BiTermTest.com
23116,Aoife,Kaya,Aoife.Kaya@BiTermTest.com,Aoife.Kaya@BiTermTest.com,Active,Employee,2009-10-27,,Accounts Payable Clerk,Finance,Canada,Xochitl.Kapoor@BiTermTest.com
25394,Aoife,Morozov,Aoife.Morozov@BiTermTest.com,Aoife.Morozov@BiTermTest.com,Active,Employee,1995-04-01,,Operations Analyst,Operations,United States,Suleiman.Seo@BiTermTest.com
31133,Aoife,Ngo,Aoife.Ngo@BiTermTest.com,Aoife.Ngo@BiTermTest.com,Active,Employee,2017-04-18,,Account Support Lead,Customer Service,United States,Jovana.Mifsud@BiTermTest.com
25592,Aoife,Polat,Aoife.Polat@BiTermTest.com,Aoife.Polat@BiTermTest.com,Active,Employee,2008-12-01,,Financial Analyst,Finance,United States,Deniz.Marino@BiTermTest.com
73009960,Aoife,Ricci,Aoife.Ricci@BiTermTest.com,Aoife.Ricci@BiTermTest.com,Active,Employee,2020-12-01,,Site Coordinator,Operations,United States,Priya.Ribeiro@BiTermTest.com
73055078,Aoife,Stojanovic,Aoife.Stojanovic@BiTermTest.com,Aoife.Stojanovic@BiTermTest.com,Active,Employee,2025-12-29,2027-12-31,Site Coordinator,Operations,United States,Kofi.Obiora@BiTermTest.com
27047,Aoife,Vosberg,Aoife.Vosberg@BiTermTest.com,Aoife.Vosberg@BiTermTest.com,Active,Employee,2013-07-29,,Security Analyst,Security,Canada,Anwar.Fedorov@BiTermTest.com
40858,Aoife,Yilmaz,Aoife.Yilmaz@BiTermTest.com,Aoife.Yilmaz@BiTermTest.com,Active,Contractor,2019-07-15,,Recruiter,Human Resources,Canada,Citlali.Ngo@BiTermTest.com
23432,Aorlov,User,AOrlov@BiTermTest.com,AOrlov@BiTermTest.com,Active,Employee,2009-08-31,,Regional Sales Manager,Sales,United States,Mateo.Pillai@BiTermTest.com
73021936,Arjun,Almeida,Arjun.Almeida@BiTermTest.com,Arjun.Almeida@BiTermTest.com,Active,Employee,2021-11-01,,Security Analyst,Security,United States,Amaia.Diallo@BiTermTest.com
10003591,Arjun,Attard,Arjun.Attard@BiTermTest.com,Arjun.Attard@BiTermTest.com,Active,Employee,2012-12-17,,Account Executive,Sales,United States,Bram.Aslan@BiTermTest.com
28744,Arjun,Balogun,Arjun.Balogun@BiTermTest.com,Arjun.Balogun@BiTermTest.com,Active,Contractor,2016-01-11,,Route Driver,Fleet,United States,Amara.Sleiman@BiTermTest.com
34877,Arjun,Engstrom,Arjun.Engstrom@BiTermTest.com,Arjun.Engstrom@BiTermTest.com,Active,Employee,2018-02-26,,Account Support Lead,Customer Service,United States,Beatriz.Haile@BiTermTest.com
73000680,Arjun,Ezeani,Arjun.Ezeani@BiTermTest.com,Arjun.Ezeani@BiTermTest.com,Active,Employee,2020-01-20,,Service Desk Analyst,IT,United States,Ren.Desta@BiTermTest.com
13733,Arjun,Forsberg,Arjun.Forsberg@BiTermTest.com,Arjun.Forsberg@BiTermTest.com,Active,Employee,2015-01-01,,Customer Care Associate,Customer Service,United States,Anahi.Esposito@BiTermTest.com
73035284,Arjun,Ivanov,Arjun.Ivanov@BiTermTest.com,Arjun.Ivanov@BiTermTest.com,Active,Employee,2023-03-27,2035-12-31,Account Executive,Sales,United States,Jing.Owusu@BiTermTest.com
24840,Arjun,Okonkwo,Arjun.Okonkwo@BiTermTest.com,Arjun.Okonkwo@BiTermTest.com,Active,Employee,2013-03-06,,Service Desk Analyst,IT,United States,Katya.Horvat@BiTermTest.com
73013574,Arjun,Saxena,Arjun.Saxena@BiTermTest.com,Arjun.Saxena@BiTermTest.com,Active,Employee,2021-03-16,2035-12-31,Financial Analyst,Finance,United States,Astrid.Fofana@BiTermTest.com
14573,Arjun,Teixeira,Arjun.Teixeira@BiTermTest.com,Arjun.Teixeira@BiTermTest.com,Active,Employee,2015-01-01,,Security Analyst,Security,United States,Parvin.Mekonnen@BiTermTest.com
73009404,Arjun,Trivedi,Arjun.Trivedi@BiTermTest.com,Arjun.Trivedi@BiTermTest.com,Active,Contractor,2020-11-16,,Customer Care Associate,Customer Service,United States,Itzel.Piotrowski@BiTermTest.com
73000307,Astrid,Camara,Astrid.Camara@BiTermTest.com,Astrid.Camara@BiTermTest.com,Active,Employee,2020-01-06,,Customer Security Representative II CDL,Customer Service,United States,Anahi.Esposito@BiTermTest.com
20270,Astrid,Fedorov,Astrid.Fedorov@BiTermTest.com,Astrid.Fedorov@BiTermTest.com,Active,Employee,2000-07-05,,GRC Analyst,Security,United States,Ines.Kulkarni@BiTermTest.com
10000942,Astrid,Fofana,Astrid.Fofana@BiTermTest.com,Astrid.Fofana@BiTermTest.com,Active,Employee,2007-07-12,,Controller,Finance,United States,Sanne.Desta@BiTermTest.com
14574,Astrid,Jovanovic,Astrid.Jovanovic@BiTermTest.com,Astrid.Jovanovic@BiTermTest.com,Active,Employee,2014-08-25,,Route Driver,Fleet,United States,Thiago.Barone@BiTermTest.com
27016,Astrid,Mensah,Astrid.Mensah@BiTermTest.com,Astrid.Mensah@BiTermTest.com,Active,Employee,2008-11-24,,Benefits Analyst,Human Resources,United States,Nemanja.Duong@BiTermTest.com
13135,Astrid,Micallef,Astrid.Micallef@BiTermTest.com,Astrid.Micallef@BiTermTest.com,Active,Contractor,2015-01-01,,Accounts Payable Clerk,Finance,United States,Soren.Ferreira@BiTermTest.com
20374,Astrid,Mifsud,Astrid.Mifsud@BiTermTest.com,Astrid.Mifsud@BiTermTest.com,Active,Contractor,2014-10-20,,Customer Care Associate,Customer Service,United States,Duc.Joshi@BiTermTest.com
24478,Astrid,Reddy,Astrid.Reddy@BiTermTest.com,Astrid.Reddy@BiTermTest.com,Active,Employee,2012-02-27,,Platform Administrator,IT,United States,Renata.Mukherjee@BiTermTest.com
21728,Atraore,User,ATraore@BiTermTest.com,ATraore@BiTermTest.com,Active,Employee,2010-11-08,,Route Driver,Fleet,United States,Ximena.Worku@BiTermTest.com
73006225,Aylin,Attard,Aylin.Attard@BiTermTest.com,Aylin.Attard@BiTermTest.com,Active,Employee,2020-07-27,,Fleet Planner,Fleet,United States,Petro.Attard@BiTermTest.com
73051836,Aylin,Aydin,Aylin.Aydin@BiTermTest.com,Aylin.Aydin@BiTermTest.com,Active,Employee,2025-05-11,,Benefits Analyst,Human Resources,United States,Henryk.Yamamoto@BiTermTest.com
27968,Aylin,Balogun,Aylin.Balogun@BiTermTest.com,Aylin.Balogun@BiTermTest.com,Active,Employee,2015-10-05,,Financial Analyst,Finance,United States,Teodora.Menon@BiTermTest.com
27250,Aylin,Chopra,Aylin.Chopra@BiTermTest.com,Aylin.Chopra@BiTermTest.com,Active,Employee,2015-06-30,,Financial Analyst,Finance,United States,Teodora.Menon@BiTermTest.com
22574,Aylin,Fujimoto,Aylin.Fujimoto@BiTermTest.com,Aylin.Fujimoto@BiTermTest.com,Active,Employee,2010-04-12,,Security Analyst,Security,Canada,Jisoo.Menon@BiTermTest.com
73006865,Aylin,Iyer,Aylin.Iyer@BiTermTest.com,Aylin.Iyer@BiTermTest.com,Active,Employee,2020-08-24,,Controller,Finance,United States,Quang.Jankowski@BiTermTest.com
73013574,Aylin,Kilic,Aylin.Kilic@BiTermTest.com,Aylin.Kilic@BiTermTest.com,Active,Employee,2021-03-16,2035-12-31,Financial Analyst,Finance,United States,Femi.Krawczyk@BiTermTest.com
73032664,Aylin,Kirigaya,Aylin.Kirigaya@BiTermTest.com,Aylin.Kirigaya@BiTermTest.com,Active,Employee,2023-01-09,,Customer Security Representative II CDL,Customer Service,United States,Anahi.Esposito@BiTermTest.com
19265,Aylin,Mukherjee,Aylin.Mukherjee@BiTermTest.com,Aylin.Mukherjee@BiTermTest.com,Active,Employee,2016-01-18,,Accounts Payable Clerk,Finance,United States,Xochitl.Kapoor@BiTermTest.com
20938,Aylin,Ndiaye,Aylin.Ndiaye@BiTermTest.com,Aylin.Ndiaye@BiTermTest.com,Active,Employee,2015-05-18,,Account Executive,Sales,United States,Bram.Aslan@BiTermTest.com
39768,Aylin,Rao,Aylin.Rao@BiTermTest.com,Aylin.Rao@BiTermTest.com,Active,Employee,2019-04-15,,Fleet Maintenance Technician,Fleet,United States,Alessandro.Vandenberg@BiTermTest.com
15706,Aylin,Rossi,Aylin.Rossi@BiTermTest.com,Aylin.Rossi@BiTermTest.com,Active,Employee,2015-01-26,,Benefits Analyst,Human Resources,United States,Iker.Lewandowski@BiTermTest.com
16507,Aylin,Saliba,Aylin.Saliba@BiTermTest.com,Aylin.Saliba@BiTermTest.com,Active,Employee,2015-08-11,,Operations Analyst,Operations,United States,Roisin.Kozlowski@BiTermTest.com
73008392,Aylin,Traore,Aylin.Traore@BiTermTest.com,Aylin.Traore@BiTermTest.com,Active,Employee,2020-10-19,,Accounts Payable Clerk,Finance,United States,Naoko.Jeong@BiTermTest.com
25257,Aylin,Visser,Aylin.Visser@BiTermTest.com,Aylin.Visser@BiTermTest.com,Active,Employee,2004-12-01,,Security Analyst,Security,Canada,Unai.Nassar@BiTermTest.com
13482,Aylin,Zielinski,Aylin.Zielinski@BiTermTest.com,Aylin.Zielinski@BiTermTest.com,Active,Employee,2015-01-01,,Account Support Lead,Customer Service,United States,Duc.Traore@BiTermTest.com
22574,Azielinski,User,AZielinski@BiTermTest.com,AZielinski@BiTermTest.com,Active,Employee,2010-04-12,,Account Support Lead,Customer Service,United States,Qasim.Engstrom@BiTermTest.com
21489,Bao,Camilleri,Bao.Camilleri@BiTermTest.com,Bao.Camilleri@BiTermTest.com,Active,Employee,2012-11-05,,Benefits Analyst,Human Resources,United States,Jisoo.Jeong@BiTermTest.com
10003957,Bao,Conti,Bao.Conti@BiTermTest.com,Bao.Conti@BiTermTest.com,Active,Employee,2009-04-13,,Controller,Finance,United States,Astrid.Micallef@BiTermTest.com
27367,Bao,Dogan,Bao.Dogan@BiTermTest.com,Bao.Dogan@BiTermTest.com,Active,Employee,1995-10-09,,Operations Supervisor,Operations,United States,Katya.Nair@BiTermTest.com
13600,Bao,Egorov,Bao.Egorov@BiTermTest.com,Bao.Egorov@BiTermTest.com,Active,Employee,2015-01-01,,Platform Administrator,IT,United States,Sakura.Vuong@BiTermTest.com
38191,Bao,Grech,Bao.Grech@BiTermTest.com,Bao.Grech@BiTermTest.com,Active,Employee,2021-11-01,,Route Driver,Fleet,United States,Amara.Sleiman@BiTermTest.com
27367,Bao,Greco,Bao.Greco@BiTermTest.com,Bao.Greco@BiTermTest.com,Active,Employee,1995-10-09,,Physical Security Officer,Security,United States,Ming.Owusu@BiTermTest.com
28805,Bao,Horvat,Bao.Horvat@BiTermTest.com,Bao.Horvat@BiTermTest.com,Active,Employee,2016-01-04,,Operations Analyst,Operations,United States,Vandana.Forsberg@BiTermTest.com
10092,Bao,Kilic,Bao.Kilic@BiTermTest.com,Bao.Kilic@BiTermTest.com,Terminated,Employee,2017-03-27,2026-03-23,Financial Analyst,Finance,United States,Parvin.Mehta@BiTermTest.com
27735,Bao,Kovac,Bao.Kovac@BiTermTest.com,Bao.Kovac@BiTermTest.com,Active,Contractor,2007-08-20,,Site Coordinator,Operations,United States,Rafael.Kozlowski@BiTermTest.com
23656,Bao,Mensah,Bao.Mensah@BiTermTest.com,Bao.Mensah@BiTermTest.com,Active,Employee,2009-05-18,,Security Analyst,Security,Canada,Imani.Baraka@BiTermTest.com
19821,Bao,Nwosu,Bao.Nwosu@BiTermTest.com,Bao.Nwosu@BiTermTest.com,Active,Employee,2015-03-24,,Site Coordinator,Operations,United States,Katya.Nair@BiTermTest.com
73026484,Bao,Traore,Bao.Traore@BiTermTest.com,Bao.Traore@BiTermTest.com,Active,Employee,2022-04-04,,Site Coordinator,Operations,Canada,Kofi.Obiora@BiTermTest.com
73031302,Bao,Vella,Bao.Vella@BiTermTest.com,Bao.Vella@BiTermTest.com,Active,Employee,2022-12-09,,Customer Security Representative II CDL,Customer Service,United States,Jovana.Mifsud@BiTermTest.com
34336,Bao,Visser,Bao.Visser@BiTermTest.com,Bao.Visser@BiTermTest.com,Active,Employee,2018-01-22,,Platform Administrator,IT,United States,Mahmoud.Worku@BiTermTest.com
27280,Bao,Volkov,Bao.Volkov@BiTermTest.com,Bao.Volkov@BiTermTest.com,Active,Employee,2014-10-13,,Physical Security Officer,Security,United States,Diego.Nakamura@BiTermTest.com
73002313,Bao,Worku,Bao.Worku@BiTermTest.com,Bao.Worku@BiTermTest.com,Active,Employee,2020-03-16,,GRC Analyst,Security,Canada,Anwar.Fedorov@BiTermTest.com
73012818,Baran,Carvalho,Baran.Carvalho@BiTermTest.com,Baran.Carvalho@BiTermTest.com,Active,Contractor,2021-03-08,,Customer Security Representative II CDL,Customer Service,United States,Eshan.Farrugia@BiTermTest.com
10006769,Baran,Desta,Baran.Desta@BiTermTest.com,Baran.Desta@BiTermTest.com,Active,Employee,2018-03-19,,Sales Operations Analyst,Sales,United States,Jisoo.Almeida@BiTermTest.com
20256,Baran,Fedorov,Baran.Fedorov@BiTermTest.com,Baran.Fedorov@BiTermTest.com,Active,Contractor,1996-03-01,,Service Desk Analyst,IT,Canada,Katya.Horvat@BiTermTest.com
25340,Baran,Hwang,Baran.Hwang@BiTermTest.com,Baran.Hwang@BiTermTest.com,Active,Employee,1989-09-22,,Operations Supervisor,Operations,United States,Katya.Nair@BiTermTest.com
31871,Basim,Aydin,Basim.Aydin@BiTermTest.com,Basim.Aydin@BiTermTest.com,Active,Employee,2017-06-12,,Accounts Payable Clerk,Finance,United States,Aylin.Mukherjee@BiTermTest.com
73026251,Basim,Bekele,Basim.Bekele@BiTermTest.com,Basim.Bekele@BiTermTest.com,Active,Employee,2022-03-21,,Systems Engineer,IT,United States,Thabo.Hwang@BiTermTest.com
73014244,Basim,Dekker,Basim.Dekker@BiTermTest.com,Basim.Dekker@BiTermTest.com,Active,Employee,2021-04-19,,Customer Security Representative II CDL,Customer Service,United States,Tomasz.Ozturk@BiTermTest.com
10001216,Basim,Demir,Basim.Demir@BiTermTest.com,Basim.Demir@BiTermTest.com,Active,Employee,2008-02-25,,Controller,Finance,United States,Soren.Ferreira@BiTermTest.com
73048141,Basim,Jeong,Basim.Jeong@BiTermTest.com,Basim.Jeong@BiTermTest.com,Active,Employee,2025-01-03,,Regional Sales Manager,Sales,United States,Laleh.Bekele@BiTermTest.com
13285,Basim,Mifsud,Basim.Mifsud@BiTermTest.com,Basim.Mifsud@BiTermTest.com,Active,Employee,2015-01-01,,Operations Supervisor,Operations,United States,Rafael.Kozlowski@BiTermTest.com
10005347,Basim,Ndiaye,Basim.Ndiaye@BiTermTest.com,Basim.Ndiaye@BiTermTest.com,Active,Employee,2010-05-25,,Sales Operations Analyst,Sales,Canada,Volkan.Kocak@BiTermTest.com
26749,Basim,Polat,Basim.Polat@BiTermTest.com,Basim.Polat@BiTermTest.com,Terminated,Employee,2011-11-08,2026-03-23,Service Desk Analyst,IT,United States,Volkan.Engstrom@BiTermTest.com
25130,Basim,Seo,Basim.Seo@BiTermTest.com,Basim.Seo@BiTermTest.com,Active,Employee,2008-10-20,,Sales Operations Analyst,Sales,United States,Laleh.Kulkarni@BiTermTest.com
73046448,Basim,Teixeira,Basim.Teixeira@BiTermTest.com,Basim.Teixeira@BiTermTest.com,Active,Employee,2024-10-01,,Site Coordinator,Operations,United States,Valentina.Kebede@BiTermTest.com
10004355,Basim,Uchida,Basim.Uchida@BiTermTest.com,Basim.Uchida@BiTermTest.com,Active,Employee,2015-09-15,,Accounts Payable Clerk,Finance,United States,Soren.Ferreira@BiTermTest.com
7,Beatriz,Abebe,Beatriz.Abebe@BiTermTest.com,Beatriz.Abebe@BiTermTest.com,Active,Employee,1995-07-01,,Customer Care Associate,Customer Service,United States,Anahi.Esposito@BiTermTest.com
15834,Beatriz,Balogun,Beatriz.Balogun@BiTermTest.com,Beatriz.Balogun@BiTermTest.com,Active,Employee,2015-03-16,,Accounts Payable Clerk,Finance,United States,Chiara.Demir@BiTermTest.com
10004331,Beatriz,Bekele,Beatriz.Bekele@BiTermTest.com,Beatriz.Bekele@BiTermTest.com,Active,Employee,2015-03-02,,Account Executive,Sales,United States,Ilya.Meijer@BiTermTest.com
14316,Beatriz,Farrugia,Beatriz.Farrugia@BiTermTest.com,Beatriz.Farrugia@BiTermTest.com,Active,Employee,2015-01-01,,GRC Analyst,Security,United States,Naoko.Desai@BiTermTest.com
24478,Beatriz,Haile,Beatriz.Haile@BiTermTest.com,Beatriz.Haile@BiTermTest.com,Active,Employee,2012-02-27,,Customer Care Associate,Customer Service,United States,Duc.Traore@BiTermTest.com
73054693,Beatriz,Hoshino,Beatriz.Hoshino@BiTermTest.com,Beatriz.Hoshino@BiTermTest.com,Active,Employee,2025-11-18,2027-12-31,Accounts Payable Clerk,Finance,United States,Chiara.Demir@BiTermTest.com
26600,Beatriz,Khoury,Beatriz.Khoury@BiTermTest.com,Beatriz.Khoury@BiTermTest.com,Active,Employee,2013-01-21,,Operations Analyst,Operations,United States,OMoretti1@BiTermTest.com
42117,Beatriz,Kobayashi,Beatriz.Kobayashi@BiTermTest.com,Beatriz.Kobayashi@BiTermTest.com,Active,Employee,2019-10-21,,Recruiter,Human Resources,United States,Sanne.Khoury@BiTermTest.com
73015740,Beatriz,Malhotra,Beatriz.Malhotra@BiTermTest.com,Beatriz.Malhotra@BiTermTest.com,Active,Employee,2021-06-14,,Account Support Lead,Customer Service,United States,Beatriz.Haile@BiTermTest.com
31928,Beatriz,Meijer,Beatriz.Meijer@BiTermTest.com,Beatriz.Meijer@BiTermTest.com,Active,Employee,2017-06-12,,Customer Security Representative II CDL,Customer Service,United States,Minh.Sakamoto@BiTermTest.com
10003915,Beatriz,Menon,Beatriz.Menon@BiTermTest.com,Beatriz.Menon@BiTermTest.com,Active,Employee,2013-04-01,,Account Support Lead,Customer Service,United States,Minh.Sakamoto@BiTermTest.com
21728,Beatriz,Moretti,Beatriz.Moretti@BiTermTest.com,Beatriz.Moretti@BiTermTest.com,Active,Employee,2010-11-08,,Site Coordinator,Operations,United States,Lars.Boateng@BiTermTest.com
73000813,Beatriz,Ngo,Beatriz.Ngo@BiTermTest.com,Beatriz.Ngo@BiTermTest.com,Active,Employee,2020-01-20,,Customer Security Representative II CDL,Customer Service,United States,Duc.Joshi@BiTermTest.com
73040945,Beatriz,Sahin,Beatriz.Sahin@BiTermTest.com,Beatriz.Sahin@BiTermTest.com,Active,Employee,2023-11-06,,Account Support Lead,Customer Service,United States,Tariq.Kobayashi@BiTermTest.com
10005246,Beatriz,Tesfaye,Beatriz.Tesfaye@BiTermTest.com,Beatriz.Tesfaye@BiTermTest.com,Active,Employee,2008-12-08,,Controller,Finance,United States,Basim.Aydin@BiTermTest.com
10007550,Bianca,Afolabi,Bianca.Afolabi@BiTermTest.com,Bianca.Afolabi@BiTermTest.com,Active,Employee,2019-09-23,,Account Support Lead,Customer Service,United States,Naoko.Ferreira@BiTermTest.com
73051891,Bianca,Desai,Bianca.Desai@BiTermTest.com,Bianca.Desai@BiTermTest.com,Active,Employee,2025-05-19,,Accounts Payable Clerk,Finance,United States,Gorka.Desta@BiTermTest.com
32101,Bianca,Djordjevic,Bianca.Djordjevic@BiTermTest.com,Bianca.Djordjevic@BiTermTest.com,Active,Employee,2017-06-26,,Systems Engineer,IT,Canada,Anwar.Attard@BiTermTest.com
73050653,Bianca,Kirigaya,Bianca.Kirigaya@BiTermTest.com,Bianca.Kirigaya@BiTermTest.com,Active,Employee,2025-02-19,,Operations Supervisor,Operations,United States,Ngozi.Mehta@BiTermTest.com
10001967,Bianca,Kowalski,Bianca.Kowalski@BiTermTest.com,Bianca.Kowalski@BiTermTest.com,Active,Employee,2010-07-26,,GRC Analyst,Security,United States,Teodora.Rossi@BiTermTest.com
73037781,Bianca,Malhotra,Bianca.Malhotra@BiTermTest.com,Bianca.Malhotra@BiTermTest.com,Active,Employee,2023-06-27,,Customer Security Representative II CDL,Customer Service,Canada,Beatriz.Sahin@BiTermTest.com
73002078,Bianca,Menon,Bianca.Menon@BiTermTest.com,Bianca.Menon@BiTermTest.com,Active,Employee,2020-03-23,,Customer Care Associate,Customer Service,United States,Naoko.Ferreira@BiTermTest.com
73001531,Bianca,Moretti,Bianca.Moretti@BiTermTest.com,Bianca.Moretti@BiTermTest.com,Active,Employee,2020-02-24,,HR Business Partner,Human Resources,United States,Cuauhtemoc.Kapoor@BiTermTest.com
10004026,Bianca,Pham,Bianca.Pham@BiTermTest.com,Bianca.Pham@BiTermTest.com,Active,Employee,2011-06-13,,GRC Analyst,Security,United States,Anouk.Desta@BiTermTest.com
28046,Bianca,Piotrowski,Bianca.Piotrowski@BiTermTest.com,Bianca.Piotrowski@BiTermTest.com,Active,Employee,2015-03-02,,Account Executive,Sales,Canada,Jisoo.Almeida@BiTermTest.com
73044959,Bianca,Sakamoto,Bianca.Sakamoto@BiTermTest.com,Bianca.Sakamoto@BiTermTest.com,Active,Employee,2024-06-10,,Fleet Maintenance Technician,Fleet,United States,Petro.Attard@BiTermTest.com
19856,Bianca,Seo,Bianca.Seo@BiTermTest.com,Bianca.Seo@BiTermTest.com,Active,Employee,1995-01-31,,Financial Analyst,Finance,Canada,Basim.Aydin@BiTermTest.com
21261,Bianca,Zielinski,Bianca.Zielinski@BiTermTest.com,Bianca.Zielinski@BiTermTest.com,Active,Employee,2021-01-04,,Physical Security Officer,Security,Canada,Unai.Nassar@BiTermTest.com
29426,Bjorn,Almeida,Bjorn.Almeida@BiTermTest.com,Bjorn.Almeida@BiTermTest.com,Active,Employee,2017-01-17,,Account Support Lead,Customer Service,United States,Naoko.Ferreira@BiTermTest.com
39146,Bjorn,Barone,Bjorn.Barone@BiTermTest.com,Bjorn.Barone@BiTermTest.com,Active,Contractor,2019-02-25,,Operations Supervisor,Operations,United States,Anouk.Azevedo@BiTermTest.com
10897,Bjorn,Carvalho,Bjorn.Carvalho@BiTermTest.com,Bjorn.Carvalho@BiTermTest.com,Active,Employee,2011-01-31,,HR Business Partner,Human Resources,United States,Nemanja.Duong@BiTermTest.com
27852,Bjorn,Dabrowski,Bjorn.Dabrowski@BiTermTest.com,Bjorn.Dabrowski@BiTermTest.com,Active,Employee,2016-03-14,,Systems Engineer,IT,United States,Diego.Azevedo@BiTermTest.com
30432,Bjorn,Desai,Bjorn.Desai@BiTermTest.com,Bjorn.Desai@BiTermTest.com,Active,Employee,2017-03-21,,Controller,Finance,United States,Xochitl.Kapoor@BiTermTest.com
73043050,Bjorn,Devries,Bjorn.Devries@BiTermTest.com,Bjorn.Devries@BiTermTest.com,Active,Employee,2024-02-26,,Operations Supervisor,Operations,United States,Beatriz.Khoury@BiTermTest.com
73026233,Bjorn,Ghanem,Bjorn.Ghanem@BiTermTest.com,Bjorn.Ghanem@BiTermTest.com,Active,Employee,2022-03-21,,Recruiter,Human Resources,United States,Nemanja.Duong@BiTermTest.com
36515,Bjorn,Kocak,Bjorn.Kocak@BiTermTest.com,Bjorn.Kocak@BiTermTest.com,Active,Employee,2018-08-06,,Site Coordinator,Operations,United States,OMoretti1@BiTermTest.com
23960,Bjorn,Kuroda,Bjorn.Kuroda@BiTermTest.com,Bjorn.Kuroda@BiTermTest.com,Active,Employee,2009-04-08,,Regional Sales Manager,Sales,United States,Anwar.Axelsson@BiTermTest.com
24245,Bjorn,Mensah,Bjorn.Mensah@BiTermTest.com,Bjorn.Mensah@BiTermTest.com,Active,Employee,2012-06-18,,Sales Operations Analyst,Sales,United States,Anwar.Axelsson@BiTermTest.com
73001394,Bjorn,Okonkwo,Bjorn.Okonkwo@BiTermTest.com,Bjorn.Okonkwo@BiTermTest.com,Active,Employee,2020-03-02,,Customer Care Associate,Customer Service,United States,Eshan.Farrugia@BiTermTest.com
22102,Bjorn,Volkov,Bjorn.Volkov@BiTermTest.com,Bjorn.Volkov@BiTermTest.com,Active,Employee,2014-01-06,,Benefits Analyst,Human Resources,United States,Elzbieta.Barone@BiTermTest.com
73031747,Bjorn,Yoon,Bjorn.Yoon@BiTermTest.com,Bjorn.Yoon@BiTermTest.com,Active,Employee,2022-11-14,,Systems Engineer,IT,United States,Ren.Desta@BiTermTest.com
40113,Bogdan,Bae,Bogdan.Bae@BiTermTest.com,Bogdan.Bae@BiTermTest.com,Active,Employee,2019-05-13,,Benefits Analyst,Human Resources,United States,Cuauhtemoc.Kapoor@BiTermTest.com
37233,Bogdan,Deshpande,Bogdan.Deshpande@BiTermTest.com,Bogdan.Deshpande@BiTermTest.com,Active,Employee,2018-10-01,,Service Desk Analyst,IT,United States,Sigrid.Ndiaye@BiTermTest.com
73010418,Bogdan,Djordjevic,Bogdan.Djordjevic@BiTermTest.com,Bogdan.Djordjevic@BiTermTest.com,Active,Employee,2020-12-28,,Controller,Finance,United States,Parvin.Wisniewski@BiTermTest.com
12084,Bogdan,Farrugia,Bogdan.Farrugia@BiTermTest.com,Bogdan.Farrugia@BiTermTest.com,Active,Employee,2018-01-29,,Financial Analyst,Finance,Canada,Teodora.Menon@BiTermTest.com
73006966,Bogdan,Ferreira,Bogdan.Ferreira@BiTermTest.com,Bogdan.Ferreira@BiTermTest.com,Active,Employee,2020-08-17,,Account Support Lead,Customer Service,United States,Anahi.Esposito@BiTermTest.com
17997,Bogdan,Holmgren,Bogdan.Holmgren@BiTermTest.com,Bogdan.Holmgren@BiTermTest.com,Active,Employee,2016-09-19,,Operations Supervisor,Operations,United States,Soren.Banerjee@BiTermTest.com
39353,Bogdan,Kowalski,Bogdan.Kowalski@BiTermTest.com,Bogdan.Kowalski@BiTermTest.com,Active,Employee,2021-01-18,,Operations Analyst,Operations,United States,Cillian.Novikov@BiTermTest.com
21671,Bogdan,Lewandowski,Bogdan.Lewandowski@BiTermTest.com,Bogdan.Lewandowski@BiTermTest.com,Active,Employee,2010-10-25,,Site Coordinator,Operations,United States,Lan.Micallef@BiTermTest.com
19328,Bogdan,Mensah,Bogdan.Mensah@BiTermTest.com,Bogdan.Mensah@BiTermTest.com,Terminated,Employee,2007-01-29,2026-03-23,Customer Security Representative II CDL,Customer Service,United States,Maialen.Jankowski@BiTermTest.com
73011656,Bogdan,Visser,Bogdan.Visser@BiTermTest.com,Bogdan.Visser@BiTermTest.com,Active,Employee,2021-02-08,,Platform Administrator,IT,United States,Volkan.Engstrom@BiTermTest.com
73002277,Bogdan,Wozniak,Bogdan.Wozniak@BiTermTest.com,Bogdan.Wozniak@BiTermTest.com,Active,Employee,2020-03-16,,Route Driver,Fleet,United States,Tariq.Zammit@BiTermTest.com
10003905,Bogdan,Yamamoto,Bogdan.Yamamoto@BiTermTest.com,Bogdan.Yamamoto@BiTermTest.com,Active,Employee,2012-10-01,,Route Driver,Fleet,United States,Hui.Amari@BiTermTest.com
10004060,Bogdan,Yoon,Bogdan.Yoon@BiTermTest.com,Bogdan.Yoon@BiTermTest.com,Active,Employee,2010-11-29,,Customer Care Associate,Customer Service,United States,Itzel.Piotrowski@BiTermTest.com
26722,Bogdan,Zammit,Bogdan.Zammit@BiTermTest.com,Bogdan.Zammit@BiTermTest.com,Active,Employee,2014-05-19,,Operations Supervisor,Operations,United States,Priya.Ribeiro@BiTermTest.com
27603,Bpetrovic,User,BPetrovic@BiTermTest.com,BPetrovic@BiTermTest.com,Active,Contractor,2002-04-22,,Sales Operations Analyst,Sales,United States,Piotr.Malhotra@BiTermTest.com
22102,Bram,Alemu,Bram.Alemu@BiTermTest.com,Bram.Alemu@BiTermTest.com,Active,Employee,2014-01-06,,Platform Administrator,IT,United States,Oksana.Traore@BiTermTest.com
435,Bram,Aslan,Bram.Aslan@BiTermTest.com,Bram.Aslan@BiTermTest.com,Active,Employee,2003-03-31,,Regional Sales Manager,Sales,United States,Piotr.Malhotra@BiTermTest.com
33115,Bram,Azevedo,Bram.Azevedo@BiTermTest.com,Bram.Azevedo@BiTermTest.com,Active,Employee,2017-09-25,,GRC Analyst,Security,United States,Parvin.Mekonnen@BiTermTest.com
42769,Bram,Duong,Bram.Duong@BiTermTest.com,Bram.Duong@BiTermTest.com,Active,Contractor,2019-12-02,,Account Support Lead,Customer Service,United States,Minh.Sakamoto@BiTermTest.com
20701,Bram,Engstrom,Bram.Engstrom@BiTermTest.com,Bram.Engstrom@BiTermTest.com,Active,Employee,2013-11-11,,Recruiter,Human Resources,United States,Citlali.Ngo@BiTermTest.com
22694,Bram,Fonseca,Bram.Fonseca@BiTermTest.com,Bram.Fonseca@BiTermTest.com,Active,Employee,2015-08-03,,Controller,Finance,United States,Parvin.Wisniewski@BiTermTest.com
73025544,Bram,Galea,Bram.Galea@BiTermTest.com,Bram.Galea@BiTermTest.com,Active,Employee,2022-03-09,,Regional Sales Manager,Sales,United States,Laleh.Kulkarni@BiTermTest.com
15680,Bram,Kirigaya,Bram.Kirigaya@BiTermTest.com,Bram.Kirigaya@BiTermTest.com,Active,Employee,2015-01-07,,Benefits Analyst,Human Resources,United States,Jisoo.Jeong@BiTermTest.com
73007258,Bram,Kulkarni,Bram.Kulkarni@BiTermTest.com,Bram.Kulkarni@BiTermTest.com,Active,Employee,2020-09-14,,Account Executive,Sales,United States,Jisoo.Almeida@BiTermTest.com
73021048,Bram,Lundgren,Bram.Lundgren@BiTermTest.com,Bram.Lundgren@BiTermTest.com,Active,Employee,2021-10-04,,Platform Administrator,IT,Canada,Bjorn.Dabrowski@BiTermTest.com
27537,Bram,Novikov,Bram.Novikov@BiTermTest.com,Bram.Novikov@BiTermTest.com,Active,Employee,2009-12-21,,Security Analyst,Security,United States,Diego.Nakamura@BiTermTest.com
73041476,Bram,Okonkwo,Bram.Okonkwo@BiTermTest.com,Bram.Okonkwo@BiTermTest.com,Active,Employee,2023-11-14,2026-04-15,HR Business Partner,Human Resources,United States,Rashida.Jankowski@BiTermTest.com
73050651,Bram,Pillai,Bram.Pillai@BiTermTest.com,Bram.Pillai@BiTermTest.com,Active,Employee,2025-02-19,,Regional Sales Manager,Sales,United States,Matteo.Malhotra@BiTermTest.com
10005857,Bram,Uchida,Bram.Uchida@BiTermTest.com,Bram.Uchida@BiTermTest.com,Active,Employee,2016-08-08,,Recruiter,Human Resources,United States,Citlali.Ngo@BiTermTest.com
10003702,Bram,Wozniak,Bram.Wozniak@BiTermTest.com,Bram.Wozniak@BiTermTest.com,Active,Employee,2008-09-14,,Sales Operations Analyst,Sales,United States,Laleh.Kulkarni@BiTermTest.com
24297,Bram,Zielinski,Bram.Zielinski@BiTermTest.com,Bram.Zielinski@BiTermTest.com,Active,Employee,2013-07-29,,Controller,Finance,United States,Soren.Ferreira@BiTermTest.com
22705,Camila,Barbosa,Camila.Barbosa@BiTermTest.com,Camila.Barbosa@BiTermTest.com,Active,Employee,2008-04-14,,Systems Engineer,IT,United States,Sakura.Vuong@BiTermTest.com
14551,Camila,Boateng,Camila.Boateng@BiTermTest.com,Camila.Boateng@BiTermTest.com,Active,Employee,2015-01-01,,Account Support Lead,Customer Service,United States,Tariq.Kobayashi@BiTermTest.com
73001200,Camila,Bosman,Camila.Bosman@BiTermTest.com,Camila.Bosman@BiTermTest.com,Active,Employee,2020-02-03,,Operations Analyst,Operations,United States,Anouk.Azevedo@BiTermTest.com
35556,Camila,Ezeani,Camila.Ezeani@BiTermTest.com,Camila.Ezeani@BiTermTest.com,Active,Employee,2018-04-30,,Security Analyst,Security,United States,Parvin.Mekonnen@BiTermTest.com
40349,Camila,Gallo,Camila.Gallo@BiTermTest.com,Camila.Gallo@BiTermTest.com,Active,Employee,2019-05-28,,Service Desk Analyst,IT,United States,Deniz.Mulder@BiTermTest.com
41,Camila,Ghanem,Camila.Ghanem@BiTermTest.com,Camila.Ghanem@BiTermTest.com,Active,Employee,2019-12-02,,Physical Security Officer,Security,United States,Eneko.Zielinski@BiTermTest.com
22047,Camila,Keita,Camila.Keita@BiTermTest.com,Camila.Keita@BiTermTest.com,Active,Employee,2008-05-12,,Site Coordinator,Operations,United States,Firuza.Bekele@BiTermTest.com
73050653,Camila,Nakamura,Camila.Nakamura@BiTermTest.com,Camila.Nakamura@BiTermTest.com,Active,Contractor,2025-02-19,,Platform Administrator,IT,United States,Katya.Horvat@BiTermTest.com
27567,Camila,Okonkwo,Camila.Okonkwo@BiTermTest.com,Camila.Okonkwo@BiTermTest.com,Active,Employee,2003-05-05,,Customer Security Representative II CDL,Customer Service,United States,Rafael.Kuroda@BiTermTest.com
73053051,Camila,Oliveira,Camila.Oliveira@BiTermTest.com,Camila.Oliveira@BiTermTest.com,Active,Employee,2025-07-25,2027-12-31,Benefits Analyst,Human Resources,United States,Xochitl.Wojcik@BiTermTest.com
26658,Carslan,User,CArslan@BiTermTest.com,CArslan@BiTermTest.com,Active,Employee,2013-07-15,,Regional Sales Manager,Sales,United States,Tariq.Borg@BiTermTest.com
26742,Cem,Barone,Cem.Barone@BiTermTest.com,Cem.Barone@BiTermTest.com,Active,Employee,2014-04-03,,Accounts Payable Clerk,Finance,United States,Teodora.Menon@BiTermTest.com
14890,Cem,Bosman,Cem.Bosman@BiTermTest.com,Cem.Bosman@BiTermTest.com,Active,Employee,2015-01-01,,Customer Security Representative II CDL,Customer Service,United States,Willem.Chopra@BiTermTest.com
300,Cem,Conti,Cem.Conti@BiTermTest.com,Cem.Conti@BiTermTest.com,Active,Employee,2005-01-04,,Controller,Finance,Canada,Cuauhtemoc.Zielinski@BiTermTest.com
15284,Cem,Dekker,Cem.Dekker@BiTermTest.com,Cem.Dekker@BiTermTest.com,Active,Employee,2023-04-05,,Operations Analyst,Operations,United States,Cillian.Novikov@BiTermTest.com
25291,Cem,Fonseca,Cem.Fonseca@BiTermTest.com,Cem.Fonseca@BiTermTest.com,Terminated,Employee,2013-11-04,2026-03-13,Operations Supervisor,Operations,United States,Priya.Ribeiro@BiTermTest.com
22130,Cem,Fujimoto,Cem.Fujimoto@BiTermTest.com,Cem.Fujimoto@BiTermTest.com,Active,Employee,2013-01-28,,Systems Engineer,IT,United States,Thabo.Hwang@BiTermTest.com
33888,Cem,Hwang,Cem.Hwang@BiTermTest.com,Cem.Hwang@BiTermTest.com,Active,Employee,2017-12-04,,Fleet Maintenance Technician,Fleet,United States,Mei.Ozturk@BiTermTest.com
73023637,Cem,Marino,Cem.Marino@BiTermTest.com,Cem.Marino@BiTermTest.com,Active,Employee,2022-01-03,,Physical Security Officer,Security,Canada,Teodora.Rossi@BiTermTest.com
73047817,Cem,Mensah,Cem.Mensah@BiTermTest.com,Cem.Mensah@BiTermTest.com,Active,Contractor,2024-11-18,,Benefits Analyst,Human Resources,United States,Cuauhtemoc.Kapoor@BiTermTest.com
26938,Cem,Piotrowski,Cem.Piotrowski@BiTermTest.com,Cem.Piotrowski@BiTermTest.com,Active,Employee,2009-11-30,,Sales Operations Analyst,Sales,United States,Tariq.Borg@BiTermTest.com
40492,Cem,Reddy,Cem.Reddy@BiTermTest.com,Cem.Reddy@BiTermTest.com,Active,Employee,2019-06-10,,Operations Supervisor,Operations,United States,Kofi.Obiora@BiTermTest.com
39736,Cem,Sakamoto,Cem.Sakamoto@BiTermTest.com,Cem.Sakamoto@BiTermTest.com,Active,Employee,2019-04-15,,Customer Security Representative II CDL,Customer Service,United States,Duc.Traore@BiTermTest.com
73048171,Cem,Sowande,Cem.Sowande@BiTermTest.com,Cem.Sowande@BiTermTest.com,Cem Sowande,Employee,2024-12-09,,Platform Administrator,IT,United States,Anwar.Attard@BiTermTest.com
27086,Cem,Trivedi,Cem.Trivedi@BiTermTest.com,Cem.Trivedi@BiTermTest.com,Active,Contractor,2010-09-20,,Service Desk Analyst,IT,United States,Daan.Uchida@BiTermTest.com
23738,Cem,Truong,Cem.Truong@BiTermTest.com,Cem.Truong@BiTermTest.com,Active,Employee,2012-05-07,,HR Business Partner,Human Resources,United States,Citlali.Ngo@BiTermTest.com
19875,Chiara,Almeida,Chiara.Almeida@BiTermTest.com,Chiara.Almeida@BiTermTest.com,Active,Employee,2015-03-02,,Customer Security Representative II CDL,Customer Service,United States,Duc.Joshi@BiTermTest.com
23974,Chiara,Arslan,Chiara.Arslan@BiTermTest.com,Chiara.Arslan@BiTermTest.com,Active,Employee,2005-03-07,,Route Driver,Fleet,United States,Jeroen.Petrovic@BiTermTest.com
73003096,Chiara,Asante,Chiara.Asante@BiTermTest.com,Chiara.Asante@BiTermTest.com,Active,Employee,2020-04-06,2026-12-31,Service Desk Analyst,IT,United States,Xiu.Carvalho@BiTermTest.com
73027897,Chiara,Aslan,Chiara.Aslan@BiTermTest.com,Chiara.Aslan@BiTermTest.com,Active,Contractor,2022-07-05,,Service Desk Analyst,IT,United States,Joao.Pillai@BiTermTest.com
42734,Chiara,Axelsson,Chiara.Axelsson@BiTermTest.com,Chiara.Axelsson@BiTermTest.com,Active,Employee,2019-12-02,,Systems Engineer,IT,United States,Joao.Pillai@BiTermTest.com
8896,Chiara,Demir,Chiara.Demir@BiTermTest.com,Chiara.Demir@BiTermTest.com,Active,Employee,2007-08-30,,Financial Analyst,Finance,Canada,Gorka.Desta@BiTermTest.com
10007258,Chiara,Engstrom,Chiara.Engstrom@BiTermTest.com,Chiara.Engstrom@BiTermTest.com,Active,Employee,2019-02-19,,Systems Engineer,IT,United States,Roisin.Hoshino@BiTermTest.com
73051555,Chiara,Galea,Chiara.Galea@BiTermTest.com,Chiara.Galea@BiTermTest.com,Active,Employee,2025-04-21,,Regional Sales Manager,Sales,Canada,Jing.Owusu@BiTermTest.com
20069,Chiara,Haddad,Chiara.Haddad@BiTermTest.com,Chiara.Haddad@BiTermTest.com,Active,Employee,2006-08-07,,Regional Sales Manager,Sales,United States,Anwar.Axelsson@BiTermTest.com
16576,Chidi,Alemu,Chidi.Alemu@BiTermTest.com,Chidi.Alemu@BiTermTest.com,Active,Employee,2015-08-24,,Regional Sales Manager,Sales,United States,Jisoo.Almeida@BiTermTest.com
73027507,Chidi,Almeida,Chidi.Almeida@BiTermTest.com,Chidi.Almeida@BiTermTest.com,Active,Employee,2022-05-02,,Accounts Payable Clerk,Finance,United States,Astrid.Micallef@BiTermTest.com
24467,Chidi,Barbosa,Chidi.Barbosa@BiTermTest.com,Chidi.Barbosa@BiTermTest.com,Active,Employee,2014-03-03,,Account Support Lead,Customer Service,United States,Maialen.Jankowski@BiTermTest.com
14835,Chidi,Chopra,Chidi.Chopra@BiTermTest.com,Chidi.Chopra@BiTermTest.com,Active,Employee,2014-09-29,,GRC Analyst,Security,United States,Gita.Meijer@BiTermTest.com
8897,Chidi,Chukwu,Chidi.Chukwu@BiTermTest.com,Chidi.Chukwu@BiTermTest.com,Active,Contractor,2007-08-30,,Route Driver,Fleet,United States,Thiago.Barone@BiTermTest.com
28312,Chidi,Ferreira,Chidi.Ferreira@BiTermTest.com,Chidi.Ferreira@BiTermTest.com,Active,Contractor,2015-08-24,,Regional Sales Manager,Sales,United States,Laleh.Kulkarni@BiTermTest.com
28193,Chidi,Gallo,Chidi.Gallo@BiTermTest.com,Chidi.Gallo@BiTermTest.com,Active,Employee,2015-12-09,,Fleet Planner,Fleet,Canada,Teodora.Jankowski@BiTermTest.com
28791,Chidi,Kirigaya,Chidi.Kirigaya@BiTermTest.com,Chidi.Kirigaya@BiTermTest.com,Active,Employee,2016-05-16,,Accounts Payable Clerk,Finance,Canada,Sanne.Desta@BiTermTest.com
18990,Chidi,Moretti,Chidi.Moretti@BiTermTest.com,Chidi.Moretti@BiTermTest.com,Active,Employee,2016-12-12,,Customer Security Representative II CDL,Customer Service,United States,Beatriz.Haile@BiTermTest.com
25257,Chidi,Stojanovic,Chidi.Stojanovic@BiTermTest.com,Chidi.Stojanovic@BiTermTest.com,Active,Employee,2004-12-01,,Controller,Finance,United States,Cuauhtemoc.Zielinski@BiTermTest.com
10005945,Chidi,Traore,Chidi.Traore@BiTermTest.com,Chidi.Traore@BiTermTest.com,Active,Employee,2016-10-03,,Customer Care Associate,Customer Service,United States,Willem.Chopra@BiTermTest.com
12696,Chidi,Vella,Chidi.Vella@BiTermTest.com,Chidi.Vella@BiTermTest.com,Active,Employee,2014-02-17,,Customer Security Representative II CDL,Customer Service,United States,Beatriz.Sahin@BiTermTest.com
27506,Chidi,Visser,Chidi.Visser@BiTermTest.com,Chidi.Visser@BiTermTest.com,Active,Employee,2015-05-11,,HR Business Partner,Human Resources,United States,Mahmoud.Tesfaye@BiTermTest.com
73023691,Chidi,Zielinski,Chidi.Zielinski@BiTermTest.com,Chidi.Zielinski@BiTermTest.com,Active,Contractor,2022-01-03,,Fleet Planner,Fleet,United States,Mei.Ozturk@BiTermTest.com
73021775,Cillian,Celik,Cillian.Celik@BiTermTest.com,Cillian.Celik@BiTermTest.com,Active,Employee,2021-11-08,,GRC Analyst,Security,United States,Anouk.Desta@BiTermTest.com
14803,Cillian,Demir,Cillian.Demir@BiTermTest.com,Cillian.Demir@BiTermTest.com,Active,Employee,2014-09-29,,Account Executive,Sales,United States,Rashida.Polat@BiTermTest.com
73008505,Cillian,Fedorov,Cillian.Fedorov@BiTermTest.com,Cillian.Fedorov@BiTermTest.com,Active,Employee,2020-10-26,,Fleet Maintenance Technician,Fleet,United States,Willem.Kuroda@BiTermTest.com
27649,Cillian,Girma,Cillian.Girma@BiTermTest.com,Cillian.Girma@BiTermTest.com,Active,Employee,2004-09-27,,Financial Analyst,Finance,United States,Ingrid.Banerjee@BiTermTest.com
28984,Cillian,Jankowski,Cillian.Jankowski@BiTermTest.com,Cillian.Jankowski@BiTermTest.com,Active,Employee,2016-09-26,,Operations Supervisor,Operations,United States,Rafael.Kozlowski@BiTermTest.com
35556,Cillian,Markovic,Cillian.Markovic@BiTermTest.com,Cillian.Markovic@BiTermTest.com,Active,Employee,2018-04-30,,Fleet Planner,Fleet,United States,Mei.Ozturk@BiTermTest.com
73000149,Cillian,Matsuda,Cillian.Matsuda@BiTermTest.com,Cillian.Matsuda@BiTermTest.com,Active,Employee,2022-09-19,,HR Business Partner,Human Resources,United States,Nemanja.Duong@BiTermTest.com
10007125,Cillian,Nair,Cillian.Nair@BiTermTest.com,Cillian.Nair@BiTermTest.com,Active,Employee,2018-11-19,,Account Support Lead,Customer Service,United States,Willem.Chopra@BiTermTest.com
73015763,Cillian,Novikov,Cillian.Novikov@BiTermTest.com,Cillian.Novikov@BiTermTest.com,Active,Contractor,2021-06-01,,Operations Analyst,Operations,United States,Lars.Boateng@BiTermTest.com
10006776,Cillian,Owusu,Cillian.Owusu@BiTermTest.com,Cillian.Owusu@BiTermTest.com,Active,Employee,2018-03-12,,GRC Analyst,Security,United States,Naoko.Desai@BiTermTest.com
27873,Cillian,Saliba,Cillian.Saliba@BiTermTest.com,Cillian.Saliba@BiTermTest.com,Active,Employee,2014-09-29,,Fleet Planner,Fleet,United States,Petro.Attard@BiTermTest.com
73050791,Cillian,Takahashi,Cillian.Takahashi@BiTermTest.com,Cillian.Takahashi@BiTermTest.com,Active,Employee,2025-04-07,,Platform Administrator,IT,United States,Diego.Azevedo@BiTermTest.com
11722,Cillian,Tesfaye,Cillian.Tesfaye@BiTermTest.com,Cillian.Tesfaye@BiTermTest.com,Active,Contractor,2012-04-02,,Benefits Analyst,Human Resources,United States,Henryk.Yamamoto@BiTermTest.com
25674,Cillian,Wojcik,Cillian.Wojcik@BiTermTest.com,Cillian.Wojcik@BiTermTest.com,Active,Employee,2016-11-07,,Route Driver,Fleet,United States,Petro.Attard@BiTermTest.com
73047831,Cillian,Wozniak,Cillian.Wozniak@BiTermTest.com,Cillian.Wozniak@BiTermTest.com,Active,Employee,2024-11-18,,Financial Analyst,Finance,United States,Ingrid.Banerjee@BiTermTest.com
12926,Citlali,Balogun,Citlali.Balogun@BiTermTest.com,Citlali.Balogun@BiTermTest.com,Active,Employee,2015-01-01,,Systems Engineer,IT,United States,Anwar.Attard@BiTermTest.com
21412,Citlali,Dahlberg,Citlali.Dahlberg@BiTermTest.com,Citlali.Dahlberg@BiTermTest.com,Active,Employee,2014-04-25,,Platform Administrator,IT,United States,Anwar.Attard@BiTermTest.com
22157,Citlali,Dogan,Citlali.Dogan@BiTermTest.com,Citlali.Dogan@BiTermTest.com,Active,Employee,2007-06-04,,Customer Care Associate,Customer Service,United States,Rafael.Kuroda@BiTermTest.com
20141,Citlali,Ezeani,Citlali.Ezeani@BiTermTest.com,Citlali.Ezeani@BiTermTest.com,Active,Employee,1998-07-17,,Service Desk Analyst,IT,United States,Katya.Horvat@BiTermTest.com
73013812,Citlali,Farrugia,Citlali.Farrugia@BiTermTest.com,Citlali.Farrugia@BiTermTest.com,Active,Employee,2021-03-29,,Accounts Payable Clerk,Finance,United States,Quang.Jankowski@BiTermTest.com
23524,Citlali,Ferrari,Citlali.Ferrari@BiTermTest.com,Citlali.Ferrari@BiTermTest.com,Active,Employee,2007-01-12,,Physical Security Officer,Security,United States,Teodora.Rossi@BiTermTest.com
42476,Citlali,Kaya,Citlali.Kaya@BiTermTest.com,Citlali.Kaya@BiTermTest.com,Active,Employee,2019-12-04,,Security Analyst,Security,United States,Teodora.Rossi@BiTermTest.com
22332,Citlali,Kwon,Citlali.Kwon@BiTermTest.com,Citlali.Kwon@BiTermTest.com,Active,Employee,2003-07-11,,Recruiter,Human Resources,United States,Elzbieta.Barone@BiTermTest.com
73044492,Citlali,Moretti,Citlali.Moretti@BiTermTest.com,Citlali.Moretti@BiTermTest.com,Active,Employee,2024-09-09,,Fleet Maintenance Technician,Fleet,Canada,Ximena.Worku@BiTermTest.com
73033589,Citlali,Ngo,Citlali.Ngo@BiTermTest.com,Citlali.Ngo@BiTermTest.com,Active,Employee,2023-01-23,,Recruiter,Human Resources,United States,Sanne.Khoury@BiTermTest.com
8897,Citlali,Sowande,Citlali.Sowande@BiTermTest.com,Citlali.Sowande@BiTermTest.com,Active,Employee,2007-08-30,,Platform Administrator,IT,United States,Renata.Mukherjee@BiTermTest.com
24162,Citlali,Titov,Citlali.Titov@BiTermTest.com,Citlali.Titov@BiTermTest.com,Active,Employee,2011-09-26,,Customer Care Associate,Customer Service,United States,Tariq.Kobayashi@BiTermTest.com
73036753,Citlali,Traore,Citlali.Traore@BiTermTest.com,Citlali.Traore@BiTermTest.com,Active,Employee,2023-04-26,2026-04-24,Fleet Maintenance Technician,Fleet,United States,Tariq.Zammit@BiTermTest.com
36476,Citlali,Zammit,Citlali.Zammit@BiTermTest.com,Citlali.Zammit@BiTermTest.com,Active,Employee,2018-07-30,,Operations Analyst,Operations,Canada,Firuza.Moretti@BiTermTest.com
41747,Cuauhtemoc,Axelsson,Cuauhtemoc.Axelsson@BiTermTest.com,Cuauhtemoc.Axelsson@BiTermTest.com,Active,Employee,2019-09-23,,Systems Engineer,IT,Canada,Ren.Desta@BiTermTest.com
73022060,Cuauhtemoc,Baraka,Cuauhtemoc.Baraka@BiTermTest.com,Cuauhtemoc.Baraka@BiTermTest.com,Active,Employee,2022-04-04,,Operations Analyst,Operations,Canada,Jovana.Baraka@BiTermTest.com
73039370,Cuauhtemoc,Esposito,Cuauhtemoc.Esposito@BiTermTest.com,Cuauhtemoc.Esposito@BiTermTest.com,Active,Employee,2023-08-25,2026-12-31,Controller,Finance,United States,Iker.Traore@BiTermTest.com
27843,Cuauhtemoc,Ezeani,Cuauhtemoc.Ezeani@BiTermTest.com,Cuauhtemoc.Ezeani@BiTermTest.com,Active,Employee,2015-11-02,,Security Analyst,Security,United States,Imani.Baraka@BiTermTest.com
40858,Cuauhtemoc,Forsberg,Cuauhtemoc.Forsberg@BiTermTest.com,Cuauhtemoc.Forsberg@BiTermTest.com,Active,Employee,2019-07-15,,Accounts Payable Clerk,Finance,United States,Astrid.Micallef@BiTermTest.com
25542,Cuauhtemoc,Horvat,Cuauhtemoc.Horvat@BiTermTest.com,Cuauhtemoc.Horvat@BiTermTest.com,Active,Employee,2009-05-26,,Operations Supervisor,Operations,United States,Jovana.Baraka@BiTermTest.com
22157,Cuauhtemoc,Kapoor,Cuauhtemoc.Kapoor@BiTermTest.com,Cuauhtemoc.Kapoor@BiTermTest.com,Active,Employee,2007-06-04,,HR Business Partner,Human Resources,Canada,Rashida.Jankowski@BiTermTest.com
27843,Cuauhtemoc,Markovic,Cuauhtemoc.Markovic@BiTermTest.com,Cuauhtemoc.Markovic@BiTermTest.com,Active,Employee,2015-11-02,,Controller,Finance,United States,Soren.Ferreira@BiTermTest.com
15182,Cuauhtemoc,Nassar,Cuauhtemoc.Nassar@BiTermTest.com,Cuauhtemoc.Nassar@BiTermTest.com,Active,Employee,2015-01-01,,Route Driver,Fleet,United States,Mei.Ozturk@BiTermTest.com
73019080,Cuauhtemoc,Petrovic,Cuauhtemoc.Petrovic@BiTermTest.com,Cuauhtemoc.Petrovic@BiTermTest.com,Active,Employee,2021-08-10,,Sales Operations Analyst,Sales,United States,Anwar.Axelsson@BiTermTest.com
22450,Cuauhtemoc,Takahashi,Cuauhtemoc.Takahashi@BiTermTest.com,Cuauhtemoc.Takahashi@BiTermTest.com,Active,Employee,2005-06-06,,Account Support Lead,Customer Service,United States,Qasim.Engstrom@BiTermTest.com
20291,Cuauhtemoc,Traore,Cuauhtemoc.Traore@BiTermTest.com,Cuauhtemoc.Traore@BiTermTest.com,Active,Employee,1991-07-01,,Sales Operations Analyst,Sales,United States,Piotr.Malhotra@BiTermTest.com
73051703,Cuauhtemoc,Zielinski,Cuauhtemoc.Zielinski@BiTermTest.com,Cuauhtemoc.Zielinski@BiTermTest.com,Active,Employee,2025-04-30,,Financial Analyst,Finance,Canada,Ingrid.Banerjee@BiTermTest.com
10003915,Daan,Cassar,Daan.Cassar@BiTermTest.com,Daan.Cassar@BiTermTest.com,Active,Contractor,2013-04-01,,Platform Administrator,IT,United States,Eshan.Mulder@BiTermTest.com
27618,Daan,Ferreira,Daan.Ferreira@BiTermTest.com,Daan.Ferreira@BiTermTest.com,Active,Employee,2015-04-13,,Route Driver,Fleet,United States,Jeroen.Petrovic@BiTermTest.com
10007379,Daan,Kovac,Daan.Kovac@BiTermTest.com,Daan.Kovac@BiTermTest.com,Active,Employee,2019-05-20,,Fleet Planner,Fleet,United States,Jeroen.Petrovic@BiTermTest.com
73020328,Daan,Kozlowski,Daan.Kozlowski@BiTermTest.com,Daan.Kozlowski@BiTermTest.com,Active,Employee,2021-09-03,2027-12-31,Security Analyst,Security,United States,Chidi.Chopra@BiTermTest.com
22112,Daan,Mulder,Daan.Mulder@BiTermTest.com,Daan.Mulder@BiTermTest.com,Active,Employee,2006-07-17,,Systems Engineer,IT,United States,Sakura.Vuong@BiTermTest.com
73046418,Daan,Sahin,Daan.Sahin@BiTermTest.com,Daan.Sahin@BiTermTest.com,Daan Sahin,Employee,2024-09-09,,Operations Analyst,Operations,United States,Ines.Fofana@BiTermTest.com
73053121,Daan,Sandberg,Daan.Sandberg@BiTermTest.com,Daan.Sandberg@BiTermTest.com,Active,Employee,2025-07-30,2027-12-31,Operations Supervisor,Operations,United States,Katya.Nair@BiTermTest.com
73043895,Daan,Tesfaye,Daan.Tesfaye@BiTermTest.com,Daan.Tesfaye@BiTermTest.com,Active,Employee,2024-04-02,,Accounts Payable Clerk,Finance,United States,Sanne.Desta@BiTermTest.com
73010103,Daan,Truong,Daan.Truong@BiTermTest.com,Daan.Truong@BiTermTest.com,Active,Employee,2020-12-14,,Security Analyst,Security,United States,Parvin.Mekonnen@BiTermTest.com
73012521,Daan,Uchida,Daan.Uchida@BiTermTest.com,Daan.Uchida@BiTermTest.com,Active,Employee,2021-03-01,,Systems Engineer,IT,United States,Hana.Borg@BiTermTest.com
73051747,Daan,Yoon,Daan.Yoon@BiTermTest.com,Daan.Yoon@BiTermTest.com,Active,Employee,2025-05-02,2026-12-31,Operations Supervisor,Operations,United States,Anouk.Azevedo@BiTermTest.com
20291,Dalia,Adeyemi,Dalia.Adeyemi@BiTermTest.com,Dalia.Adeyemi@BiTermTest.com,Active,Employee,1991-07-01,,Accounts Payable Clerk,Finance,Canada,Ingrid.Banerjee@BiTermTest.com
73018147,Dalia,Dahlberg,Dalia.Dahlberg@BiTermTest.com,Dalia.Dahlberg@BiTermTest.com,Active,Employee,2021-07-26,,Regional Sales Manager,Sales,United States,Elif.Jankowski@BiTermTest.com
24099,Dalia,Hoshino,Dalia.Hoshino@BiTermTest.com,Dalia.Hoshino@BiTermTest.com,Active,Employee,2012-11-02,,Physical Security Officer,Security,United States,Lan.Vosberg@BiTermTest.com
41746,Dalia,Kozlowski,Dalia.Kozlowski@BiTermTest.com,Dalia.Kozlowski@BiTermTest.com,Active,Employee,2019-09-23,,Operations Supervisor,Operations,Canada,Firuza.Moretti@BiTermTest.com
73001456,Dalia,Meijer,Dalia.Meijer@BiTermTest.com,Dalia.Meijer@BiTermTest.com,Active,Employee,2020-02-17,,HR Business Partner,Human Resources,United States,Rashida.Jankowski@BiTermTest.com
41747,Dalia,Moretti,Dalia.Moretti@BiTermTest.com,Dalia.Moretti@BiTermTest.com,Active,Employee,2019-09-23,,Route Driver,Fleet,Canada,Tariq.Zammit@BiTermTest.com
27460,Dalia,Novak,Dalia.Novak@BiTermTest.com,Dalia.Novak@BiTermTest.com,Active,Contractor,2015-05-18,,Operations Analyst,Operations,Canada,Suleiman.Seo@BiTermTest.com
12703,Dalia,Novikov,Dalia.Novikov@BiTermTest.com,Dalia.Novikov@BiTermTest.com,Active,Employee,2014-02-10,,Sales Operations Analyst,Sales,United States,Rashida.Polat@BiTermTest.com
39146,Dalia,Sakamoto,Dalia.Sakamoto@BiTermTest.com,Dalia.Sakamoto@BiTermTest.com,Active,Contractor,2019-02-25,,Customer Care Associate,Customer Service,United States,Minh.Sakamoto@BiTermTest.com
73051321,Declan,Fonseca,Declan.Fonseca@BiTermTest.com,Declan.Fonseca@BiTermTest.com,Active,Employee,2025-04-04,,Service Desk Analyst,IT,United States,Mahmoud.Nakamura@BiTermTest.com
73037837,Declan,Greco,Declan.Greco@BiTermTest.com,Declan.Greco@BiTermTest.com,Active,Employee,2023-07-04,,Benefits Analyst,Human Resources,United States,Xochitl.Wojcik@BiTermTest.com
73039380,Declan,Ivanov,Declan.Ivanov@BiTermTest.com,Declan.Ivanov@BiTermTest.com,Active,Employee,2023-08-25,2026-12-31,Service Desk Analyst,IT,United States,Sigrid.Ndiaye@BiTermTest.com
21965,Declan,Iyer,Declan.Iyer@BiTermTest.com,Declan.Iyer@BiTermTest.com,Active,Employee,2008-10-06,,Financial Analyst,Finance,United States,Astrid.Fofana@BiTermTest.com
22971,Declan,Kuroda,Declan.Kuroda@BiTermTest.com,Declan.Kuroda@BiTermTest.com,Active,Employee,2007-08-06,,Systems Engineer,IT,Canada,Volkan.Engstrom@BiTermTest.com
35556,Declan,Petrovic,Declan.Petrovic@BiTermTest.com,Declan.Petrovic@BiTermTest.com,Active,Employee,2018-04-30,,Accounts Payable Clerk,Finance,Canada,Femi.Krawczyk@BiTermTest.com
73053357,Declan,Pillai,Declan.Pillai@BiTermTest.com,Declan.Pillai@BiTermTest.com,Active,Contractor,2025-08-19,2027-12-31,Physical Security Officer,Security,United States,Parvin.Mekonnen@BiTermTest.com
22589,Declan,Varma,Declan.Varma@BiTermTest.com,Declan.Varma@BiTermTest.com,Active,Employee,2008-07-28,,Route Driver,Fleet,United States,Yusuf.Kaminski@BiTermTest.com
73029324,Deniz,Alemu,Deniz.Alemu@BiTermTest.com,Deniz.Alemu@BiTermTest.com,Active,Contractor,2022-07-20,2026-12-31,Regional Sales Manager,Sales,Canada,Jisoo.Almeida@BiTermTest.com
27843,Deniz,Axelsson,Deniz.Axelsson@BiTermTest.com,Deniz.Axelsson@BiTermTest.com,Active,Employee,2015-11-02,,Platform Administrator,IT,United States,Emre.Kobayashi@BiTermTest.com
37331,Deniz,Barbosa,Deniz.Barbosa@BiTermTest.com,Deniz.Barbosa@BiTermTest.com,Active,Employee,2018-10-08,,GRC Analyst,Security,United States,Anouk.Desta@BiTermTest.com
30475,Deniz,Barone,Deniz.Barone@BiTermTest.com,Deniz.Barone@BiTermTest.com,Active,Employee,2020-03-16,,Customer Security Representative II CDL,Customer Service,United States,Maialen.Jankowski@BiTermTest.com
73044474,Deniz,Devries,Deniz.Devries@BiTermTest.com,Deniz.Devries@BiTermTest.com,Active,Employee,2024-05-28,,Route Driver,Fleet,United States,Tariq.Zammit@BiTermTest.com
73041475,Deniz,Kuroda,Deniz.Kuroda@BiTermTest.com,Deniz.Kuroda@BiTermTest.com,Active,Employee,2023-11-14,2026-04-15,GRC Analyst,Security,United States,Anwar.Fedorov@BiTermTest.com
23980,Deniz,Marino,Deniz.Marino@BiTermTest.com,Deniz.Marino@BiTermTest.com,Active,Employee,2005-02-23,,Controller,Finance,United States,Quang.Jankowski@BiTermTest.com
34840,Deniz,Mehta,Deniz.Mehta@BiTermTest.com,Deniz.Mehta@BiTermTest.com,Active,Employee,2018-02-26,,Physical Security Officer,Security,United States,Anouk.Desta@BiTermTest.com
73050958,Deniz,Menon,Deniz.Menon@BiTermTest.com,Deniz.Menon@BiTermTest.com,Active,Employee,2025-03-12,,Financial Analyst,Finance,United States,Ingrid.Banerjee@BiTermTest.com
18345,Deniz,Mulder,Deniz.Mulder@BiTermTest.com,Deniz.Mulder@BiTermTest.com,Active,Employee,1987-09-23,,Systems Engineer,IT,United States,Bjorn.Dabrowski@BiTermTest.com
39768,Deniz,Petrov,Deniz.Petrov@BiTermTest.com,Deniz.Petrov@BiTermTest.com,Active,Employee,2019-04-15,,HR Business Partner,Human Resources,United States,Henryk.Yamamoto@BiTermTest.com
41277,Deniz,Reddy,Deniz.Reddy@BiTermTest.com,Deniz.Reddy@BiTermTest.com,Active,Employee,2019-08-19,,Operations Analyst,Operations,Canada,Hamid.Krawczyk@BiTermTest.com
73035302,Deniz,Saliba,Deniz.Saliba@BiTermTest.com,Deniz.Saliba@BiTermTest.com,Active,Employee,2023-03-27,2035-12-31,Systems Engineer,IT,United States,Mahmoud.Worku@BiTermTest.com
73021910,Deniz,Tesfaye,Deniz.Tesfaye@BiTermTest.com,Deniz.Tesfaye@BiTermTest.com,Active,Employee,2021-11-08,,Regional Sales Manager,Sales,United States,Elif.Jankowski@BiTermTest.com
73039380,Deniz,Truong,Deniz.Truong@BiTermTest.com,Deniz.Truong@BiTermTest.com,Active,Employee,2023-08-25,2026-12-31,Operations Supervisor,Operations,United States,Kofi.Obiora@BiTermTest.com
29561,Deniz,Uchida,Deniz.Uchida@BiTermTest.com,Deniz.Uchida@BiTermTest.com,Active,Contractor,2017-01-23,,Operations Analyst,Operations,Canada,Beatriz.Khoury@BiTermTest.com
10004439,Deniz,Varma,Deniz.Varma@BiTermTest.com,Deniz.Varma@BiTermTest.com,Deniz Varma,Employee,2014-10-17,,Platform Administrator,IT,United States,Emre.Kobayashi@BiTermTest.com
14884,Deniz,Vella,Deniz.Vella@BiTermTest.com,Deniz.Vella@BiTermTest.com,Active,Employee,2015-01-01,,Financial Analyst,Finance,United States,Chiara.Demir@BiTermTest.com
22597,Dghanem2,User,DGhanem2@BiTermTest.com,DGhanem2@BiTermTest.com,Active,Employee,2008-07-28,,Security Analyst,Security,United States,Anwar.Fedorov@BiTermTest.com
27653,Diego,Aksoy,Diego.Aksoy@BiTermTest.com,Diego.Aksoy@BiTermTest.com,Active,Employee,2006-10-09,,Security Analyst,Security,United States,Amaia.Yilmaz@BiTermTest.com
10897,Diego,Arslan,Diego.Arslan@BiTermTest.com,Diego.Arslan@BiTermTest.com,Active,Employee,2011-01-31,,Regional Sales Manager,Sales,United States,Anwar.Axelsson@BiTermTest.com
10003030,Diego,Azevedo,Diego.Azevedo@BiTermTest.com,Diego.Azevedo@BiTermTest.com,Active,Employee,2014-08-05,,Service Desk Analyst,IT,United States,Joao.Pillai@BiTermTest.com
73035305,Diego,Babic,Diego.Babic@BiTermTest.com,Diego.Babic@BiTermTest.com,Active,Employee,2023-03-27,2035-12-31,Security Analyst,Security,United States,Unai.Nassar@BiTermTest.com
21805,Diego,Bae,Diego.Bae@BiTermTest.com,Diego.Bae@BiTermTest.com,Active,Contractor,2010-01-25,,GRC Analyst,Security,Canada,Meera.Rossi@BiTermTest.com
73025726,Diego,Dekker,Diego.Dekker@BiTermTest.com,Diego.Dekker@BiTermTest.com,Active,Contractor,2022-03-21,,Customer Security Representative II CDL,Customer Service,United States,Minh.Sakamoto@BiTermTest.com
73005979,Diego,Girma,Diego.Girma@BiTermTest.com,Diego.Girma@BiTermTest.com,Active,Employee,2020-07-13,,Regional Sales Manager,Sales,United States,Ilya.Meijer@BiTermTest.com
22347,Diego,Kirigaya,Diego.Kirigaya@BiTermTest.com,Diego.Kirigaya@BiTermTest.com,Active,Employee,2006-07-10,,Regional Sales Manager,Sales,United States,Laleh.Bekele@BiTermTest.com
23452,Diego,Krawczyk,Diego.Krawczyk@BiTermTest.com,Diego.Krawczyk@BiTermTest.com,Active,Employee,2009-09-01,,Regional Sales Manager,Sales,United States,Piotr.Malhotra@BiTermTest.com
20374,Diego,Morozov,Diego.Morozov@BiTermTest.com,Diego.Morozov@BiTermTest.com,Active,Employee,2014-10-20,,HR Business Partner,Human Resources,United States,Elzbieta.Barone@BiTermTest.com
23590,Diego,Mukherjee,Diego.Mukherjee@BiTermTest.com,Diego.Mukherjee@BiTermTest.com,Active,Employee,2011-08-01,,Customer Security Representative II CDL,Customer Service,United States,Maialen.Jankowski@BiTermTest.com
19950,Diego,Nakamura,Diego.Nakamura@BiTermTest.com,Diego.Nakamura@BiTermTest.com,Active,Contractor,1999-03-18,,Physical Security Officer,Security,United States,Imani.Baraka@BiTermTest.com
27985,Diego,Polat,Diego.Polat@BiTermTest.com,Diego.Polat@BiTermTest.com,Active,Employee,2015-06-22,,Route Driver,Fleet,United States,Sanne.Iyer@BiTermTest.com
14316,Diego,Saxena,Diego.Saxena@BiTermTest.com,Diego.Saxena@BiTermTest.com,Active,Employee,2015-01-01,,Operations Supervisor,Operations,United States,Anouk.Azevedo@BiTermTest.com
22347,Dmitri,Aksoy,Dmitri.Aksoy@BiTermTest.com,Dmitri.Aksoy@BiTermTest.com,Active,Employee,2006-07-10,,Physical Security Officer,Security,United States,Firuza.Mulder@BiTermTest.com
21793,Dmitri,Amari,Dmitri.Amari@BiTermTest.com,Dmitri.Amari@BiTermTest.com,Active,Employee,2010-02-05,,Benefits Analyst,Human Resources,United States,Oksana.Haddad@BiTermTest.com
26974,Dmitri,Bosman,Dmitri.Bosman@BiTermTest.com,Dmitri.Bosman@BiTermTest.com,Active,Employee,2007-12-03,,Account Executive,Sales,United States,Niamh.Rahal@BiTermTest.com
23419,Dmitri,Carvalho,Dmitri.Carvalho@BiTermTest.com,Dmitri.Carvalho@BiTermTest.com,Dmitri Carvalho,Employee,2016-07-25,,Accounts Payable Clerk,Finance,Canada,Quang.Jankowski@BiTermTest.com
73023867,Dmitri,Farrugia,Dmitri.Farrugia@BiTermTest.com,Dmitri.Farrugia@BiTermTest.com,Active,Employee,2022-01-18,,Service Desk Analyst,IT,United States,Mahmoud.Worku@BiTermTest.com
19461,Dmitri,Menon,Dmitri.Menon@BiTermTest.com,Dmitri.Menon@BiTermTest.com,Active,Employee,2024-05-13,,Fleet Planner,Fleet,United States,Alessandro.Vandenberg@BiTermTest.com
73039754,Dmitri,Mulder,Dmitri.Mulder@BiTermTest.com,Dmitri.Mulder@BiTermTest.com,Active,Employee,2023-09-13,2099-09-13,Fleet Maintenance Technician,Fleet,Canada,Thiago.Barone@BiTermTest.com
12673,Dmitri,Titov,Dmitri.Titov@BiTermTest.com,Dmitri.Titov@BiTermTest.com,Active,Employee,2014-02-03,,Sales Operations Analyst,Sales,United States,Matteo.Malhotra@BiTermTest.com
73037837,Dragan,Dogan,Dragan.Dogan@BiTermTest.com,Dragan.Dogan@BiTermTest.com,Active,Employee,2023-07-04,,Customer Security Representative II CDL,Customer Service,United States,Minh.Sakamoto@BiTermTest.com
73020859,Dragan,Girma,Dragan.Girma@BiTermTest.com,Dragan.Girma@BiTermTest.com,Active,Employee,2021-09-27,,Security Analyst,Security,United States,FDeshpande@BiTermTest.com
26801,Dragan,Gupta,Dragan.Gupta@BiTermTest.com,Dragan.Gupta@BiTermTest.com,Active,Employee,2015-01-05,,Sales Operations Analyst,Sales,United States,Piotr.Malhotra@BiTermTest.com
19169,Dragan,Kebede,Dragan.Kebede@BiTermTest.com,Dragan.Kebede@BiTermTest.com,Active,Employee,2016-02-29,,Platform Administrator,IT,United States,Gorka.Egorov@BiTermTest.com
73039316,Dragan,Morozov,Dragan.Morozov@BiTermTest.com,Dragan.Morozov@BiTermTest.com,Active,Employee,2023-09-05,,Accounts Payable Clerk,Finance,United States,Deniz.Marino@BiTermTest.com
22899,Dragan,Mulder,Dragan.Mulder@BiTermTest.com,Dragan.Mulder@BiTermTest.com,Active,Employee,2005-03-01,,HR Business Partner,Human Resources,United States,Elzbieta.Barone@BiTermTest.com
36715,Dragan,Novikov,Dragan.Novikov@BiTermTest.com,Dragan.Novikov@BiTermTest.com,Active,Employee,2018-06-01,,Accounts Payable Clerk,Finance,United States,Feng.Gallo@BiTermTest.com
27413,Dragan,Okonkwo,Dragan.Okonkwo@BiTermTest.com,Dragan.Okonkwo@BiTermTest.com,Active,Contractor,1993-10-18,,Accounts Payable Clerk,Finance,United States,Feng.Gallo@BiTermTest.com
22304,Dragan,Reddy,Dragan.Reddy@BiTermTest.com,Dragan.Reddy@BiTermTest.com,Active,Employee,1988-05-17,,Operations Supervisor,Operations,United States,Valentina.Kebede@BiTermTest.com
42024,Duc,Alemu,Duc.Alemu@BiTermTest.com,Duc.Alemu@BiTermTest.com,Active,Employee,2022-01-04,,Customer Security Representative II CDL,Customer Service,United States,Minh.Sakamoto@BiTermTest.com
33338,Duc,Demir,Duc.Demir@BiTermTest.com,Duc.Demir@BiTermTest.com,Active,Employee,2017-10-16,,Regional Sales Manager,Sales,United States,Anwar.Axelsson@BiTermTest.com
73035912,Duc,Devries,Duc.Devries@BiTermTest.com,Duc.Devries@BiTermTest.com,Active,Employee,2023-04-20,2026-12-31,Account Executive,Sales,United States,Bram.Aslan@BiTermTest.com
26801,Duc,Dogan,Duc.Dogan@BiTermTest.com,Duc.Dogan@BiTermTest.com,Active,Employee,2015-01-05,,Benefits Analyst,Human Resources,United States,Jisoo.Jeong@BiTermTest.com
73029752,Duc,Farrugia,Duc.Farrugia@BiTermTest.com,Duc.Farrugia@BiTermTest.com,Active,Employee,2022-08-22,,Financial Analyst,Finance,United States,Sanne.Desta@BiTermTest.com
24148,Duc,Fonseca,Duc.Fonseca@BiTermTest.com,Duc.Fonseca@BiTermTest.com,Active,Contractor,2012-01-10,,Operations Supervisor,Operations,United States,Vandana.Forsberg@BiTermTest.com
24119,Duc,Grech,Duc.Grech@BiTermTest.com,Duc.Grech@BiTermTest.com,Active,Employee,2012-10-16,,HR Business Partner,Human Resources,United States,Yaretzi.Aslan@BiTermTest.com
73044688,Duc,Jeong,Duc.Jeong@BiTermTest.com,Duc.Jeong@BiTermTest.com,Duc Jeong,Employee,2024-06-03,,Account Executive,Sales,United States,Mateo.Pillai@BiTermTest.com
19444,Duc,Joshi,Duc.Joshi@BiTermTest.com,Duc.Joshi@BiTermTest.com,Active,Employee,1998-06-15,,Customer Security Representative II CDL,Customer Service,United States,Tomasz.Ozturk@BiTermTest.com
73026712,Duc,Kaya,Duc.Kaya@BiTermTest.com,Duc.Kaya@BiTermTest.com,Active,Employee,2022-04-04,,Sales Operations Analyst,Sales,United States,Anwar.Axelsson@BiTermTest.com
11027,Duc,Mulder,Duc.Mulder@BiTermTest.com,Duc.Mulder@BiTermTest.com,Active,Employee,2011-03-28,,Accounts Payable Clerk,Finance,United States,Feng.Gallo@BiTermTest.com
73035092,Duc,Novikov,Duc.Novikov@BiTermTest.com,Duc.Novikov@BiTermTest.com,Active,Employee,2023-03-20,,Controller,Finance,United States,Gorka.Desta@BiTermTest.com
73036694,Duc,Pham,Duc.Pham@BiTermTest.com,Duc.Pham@BiTermTest.com,Active,Contractor,2023-04-24,2035-12-31,Physical Security Officer,Security,United States,Ming.Owusu@BiTermTest.com
10004062,Duc,Pillai,Duc.Pillai@BiTermTest.com,Duc.Pillai@BiTermTest.com,Active,Employee,2010-12-23,,Controller,Finance,United States,Cuauhtemoc.Zielinski@BiTermTest.com
26542,Duc,Traore,Duc.Traore@BiTermTest.com,Duc.Traore@BiTermTest.com,Active,Employee,2013-04-29,,Customer Care Associate,Customer Service,United States,Rafael.Kuroda@BiTermTest.com
19672,Eamon,Alemu,Eamon.Alemu@BiTermTest.com,Eamon.Alemu@BiTermTest.com,Active,Employee,2000-07-31,,Financial Analyst,Finance,United States,Iker.Traore@BiTermTest.com
73019129,Eamon,Aydin,Eamon.Aydin@BiTermTest.com,Eamon.Aydin@BiTermTest.com,Active,Employee,2021-09-07,,Fleet Maintenance Technician,Fleet,United States,Willem.Kuroda@BiTermTest.com
40806,Eamon,Bosman,Eamon.Bosman@BiTermTest.com,Eamon.Bosman@BiTermTest.com,Eamon Bosman,Employee,2019-07-08,,Customer Care Associate,Customer Service,United States,Eshan.Farrugia@BiTermTest.com
38702,Eamon,Bui,Eamon.Bui@BiTermTest.com,Eamon.Bui@BiTermTest.com,Active,Employee,2019-02-04,,Regional Sales Manager,Sales,United States,Mateo.Pillai@BiTermTest.com
73047250,Eamon,Cardoso,Eamon.Cardoso@BiTermTest.com,Eamon.Cardoso@BiTermTest.com,Active,Employee,2024-11-11,,Accounts Payable Clerk,Finance,United States,Deniz.Marino@BiTermTest.com
73000250,Eamon,Chatterjee,Eamon.Chatterjee@BiTermTest.com,Eamon.Chatterjee@BiTermTest.com,Active,Employee,2020-01-06,,GRC Analyst,Security,United States,Lars.Sakamoto@BiTermTest.com
22033,Eamon,Conti,Eamon.Conti@BiTermTest.com,Eamon.Conti@BiTermTest.com,Active,Employee,2008-05-27,,Accounts Payable Clerk,Finance,United States,Cuauhtemoc.Zielinski@BiTermTest.com
73053488,Eamon,Dekker,Eamon.Dekker@BiTermTest.com,Eamon.Dekker@BiTermTest.com,Active,Employee,2025-08-25,2026-12-31,Sales Operations Analyst,Sales,United States,Jing.Owusu@BiTermTest.com
28829,Eamon,Haile,Eamon.Haile@BiTermTest.com,Eamon.Haile@BiTermTest.com,Active,Employee,2016-05-09,,Site Coordinator,Operations,United States,Nemanja.Nikolic@BiTermTest.com
14890,Eamon,Kilic,Eamon.Kilic@BiTermTest.com,Eamon.Kilic@BiTermTest.com,Active,Employee,2015-01-01,,HR Business Partner,Human Resources,United States,Mahmoud.Tesfaye@BiTermTest.com
21277,Eamon,Morozov,Eamon.Morozov@BiTermTest.com,Eamon.Morozov@BiTermTest.com,Active,Employee,2012-05-14,,Customer Security Representative II CDL,Customer Service,United States,Qasim.Engstrom@BiTermTest.com
23694,Eamon,Vandenberg,Eamon.Vandenberg@BiTermTest.com,Eamon.Vandenberg@BiTermTest.com,Active,Employee,2006-05-09,,HR Business Partner,Human Resources,United States,Ren.Mazur@BiTermTest.com
25592,Eamon,Zielinski,Eamon.Zielinski@BiTermTest.com,Eamon.Zielinski@BiTermTest.com,Active,Contractor,2008-12-01,,HR Business Partner,Human Resources,United States,Citlali.Ngo@BiTermTest.com
21628,Elif,Babic,Elif.Babic@BiTermTest.com,Elif.Babic@BiTermTest.com,Active,Employee,2011-01-03,,Site Coordinator,Operations,United States,Lars.Boateng@BiTermTest.com
10006076,Elif,Dahlberg,Elif.Dahlberg@BiTermTest.com,Elif.Dahlberg@BiTermTest.com,Active,Employee,2016-12-12,,Operations Supervisor,Operations,United States,Nemanja.Nikolic@BiTermTest.com
73054271,Elif,Ferreira,Elif.Ferreira@BiTermTest.com,Elif.Ferreira@BiTermTest.com,Active,Employee,2025-10-20,,Route Driver,Fleet,United States,Sanne.Iyer@BiTermTest.com
73055086,Elif,Gallo,Elif.Gallo@BiTermTest.com,Elif.Gallo@BiTermTest.com,Active,Employee,2025-12-29,2027-12-31,Customer Security Representative II CDL,Customer Service,United States,Minh.Sakamoto@BiTermTest.com
42534,Elif,Haddad,Elif.Haddad@BiTermTest.com,Elif.Haddad@BiTermTest.com,Active,Employee,2019-11-25,,Site Coordinator,Operations,United States,Anouk.Azevedo@BiTermTest.com
73009142,Elif,Jankowski,Elif.Jankowski@BiTermTest.com,Elif.Jankowski@BiTermTest.com,Active,Employee,2020-11-30,,Sales Operations Analyst,Sales,United States,Volkan.Kocak@BiTermTest.com
23962,Elif,Keita,Elif.Keita@BiTermTest.com,Elif.Keita@BiTermTest.com,Active,Employee,2005-03-28,,Financial Analyst,Finance,United States,Chiara.Demir@BiTermTest.com
73039371,Elif,Kuroda,Elif.Kuroda@BiTermTest.com,Elif.Kuroda@BiTermTest.com,Active,Contractor,2023-08-25,2026-12-31,Sales Operations Analyst,Sales,United States,Niamh.Rahal@BiTermTest.com
33338,Elzbieta,Agarwal,Elzbieta.Agarwal@BiTermTest.com,Elzbieta.Agarwal@BiTermTest.com,Active,Employee,2017-10-16,,Site Coordinator,Operations,United States,Firuza.Moretti@BiTermTest.com
10472,Elzbieta,Amari,Elzbieta.Amari@BiTermTest.com,Elzbieta.Amari@BiTermTest.com,Active,Employee,2010-05-17,,Account Support Lead,Customer Service,United States,Eshan.Farrugia@BiTermTest.com
23718,Elzbieta,Barone,Elzbieta.Barone@BiTermTest.com,Elzbieta.Barone@BiTermTest.com,Active,Employee,2007-09-24,,HR Business Partner,Human Resources,United States,Xochitl.Wojcik@BiTermTest.com
27673,Elzbieta,Bekele,Elzbieta.Bekele@BiTermTest.com,Elzbieta.Bekele@BiTermTest.com,Active,Employee,2008-01-21,,Controller,Finance,United States,Vandana.Rahal@BiTermTest.com
24223,Elzbieta,Dang,Elzbieta.Dang@BiTermTest.com,Elzbieta.Dang@BiTermTest.com,Active,Employee,2008-11-24,,Service Desk Analyst,IT,Canada,Xiu.Carvalho@BiTermTest.com
27968,Elzbieta,Desta,Elzbieta.Desta@BiTermTest.com,Elzbieta.Desta@BiTermTest.com,Active,Employee,2015-10-05,,Fleet Maintenance Technician,Fleet,Canada,Jeroen.Petrovic@BiTermTest.com
73023767,Elzbieta,Horvat,Elzbieta.Horvat@BiTermTest.com,Elzbieta.Horvat@BiTermTest.com,Active,Employee,2022-01-10,,Customer Care Associate,Customer Service,United States,Eshan.Farrugia@BiTermTest.com
13552,Elzbieta,Krawczyk,Elzbieta.Krawczyk@BiTermTest.com,Elzbieta.Krawczyk@BiTermTest.com,Terminated,Employee,2015-01-01,2026-03-23,Fleet Maintenance Technician,Fleet,United States,Petro.Attard@BiTermTest.com
73047813,Elzbieta,Lemma,Elzbieta.Lemma@BiTermTest.com,Elzbieta.Lemma@BiTermTest.com,Active,Employee,2024-11-18,,Physical Security Officer,Security,United States,Lan.Vosberg@BiTermTest.com
40657,Elzbieta,Matsuda,Elzbieta.Matsuda@BiTermTest.com,Elzbieta.Matsuda@BiTermTest.com,Active,Employee,2019-06-24,,Physical Security Officer,Security,United States,Jisoo.Menon@BiTermTest.com
38436,Emre,Bae,Emre.Bae@BiTermTest.com,Emre.Bae@BiTermTest.com,Active,Contractor,2019-01-07,,Controller,Finance,United States,Parvin.Wisniewski@BiTermTest.com
73001200,Emre,Bekele,Emre.Bekele@BiTermTest.com,Emre.Bekele@BiTermTest.com,Active,Contractor,2020-02-03,,Controller,Finance,United States,Soren.Ferreira@BiTermTest.com
16474,Emre,Conti,Emre.Conti@BiTermTest.com,Emre.Conti@BiTermTest.com,Active,Employee,2015-08-10,,Service Desk Analyst,IT,United States,Sigrid.Ndiaye@BiTermTest.com
10005143,Emre,Ivanov,Emre.Ivanov@BiTermTest.com,Emre.Ivanov@BiTermTest.com,Active,Employee,2013-07-22,,Route Driver,Fleet,United States,Mei.Ozturk@BiTermTest.com
73035668,Emre,Kobayashi,Emre.Kobayashi@BiTermTest.com,Emre.Kobayashi@BiTermTest.com,Active,Employee,2023-04-26,,Platform Administrator,IT,United States,Renata.Mukherjee@BiTermTest.com
25844,Emre,Morozov,Emre.Morozov@BiTermTest.com,Emre.Morozov@BiTermTest.com,Active,Employee,2016-12-05,,Fleet Planner,Fleet,United States,Teodora.Jankowski@BiTermTest.com
10002868,Emre,Pham,Emre.Pham@BiTermTest.com,Emre.Pham@BiTermTest.com,Active,Employee,2014-03-17,,Service Desk Analyst,IT,United States,Diego.Azevedo@BiTermTest.com
27312,Emre,Rahal,Emre.Rahal@BiTermTest.com,Emre.Rahal@BiTermTest.com,Active,Employee,2015-06-15,,Accounts Payable Clerk,Finance,United States,Xochitl.Kapoor@BiTermTest.com
19338,Emre,Zielinski,Emre.Zielinski@BiTermTest.com,Emre.Zielinski@BiTermTest.com,Active,Employee,2004-04-19,,Fleet Planner,Fleet,Canada,Sanne.Iyer@BiTermTest.com
19424,Eneko,Aslan,Eneko.Aslan@BiTermTest.com,Eneko.Aslan@BiTermTest.com,Active,Employee,2003-11-24,,Security Analyst,Security,United States,Amaia.Diallo@BiTermTest.com
34817,Eneko,Chatterjee,Eneko.Chatterjee@BiTermTest.com,Eneko.Chatterjee@BiTermTest.com,Active,Employee,2018-02-26,,Financial Analyst,Finance,United States,Basim.Aydin@BiTermTest.com
10001099,Eneko,Ezeani,Eneko.Ezeani@BiTermTest.com,Eneko.Ezeani@BiTermTest.com,Active,Employee,2007-11-05,,HR Business Partner,Human Resources,United States,Xochitl.Wojcik@BiTermTest.com
19834,Eneko,Ivanov,Eneko.Ivanov@BiTermTest.com,Eneko.Ivanov@BiTermTest.com,Active,Employee,1999-12-27,,Site Coordinator,Operations,Canada,Xiomara.Holmgren@BiTermTest.com
27381,Eneko,Kebede,Eneko.Kebede@BiTermTest.com,Eneko.Kebede@BiTermTest.com,Active,Contractor,1988-12-05,,Regional Sales Manager,Sales,United States,Bram.Aslan@BiTermTest.com
10003389,Eneko,Ngo,Eneko.Ngo@BiTermTest.com,Eneko.Ngo@BiTermTest.com,Active,Employee,2015-07-16,,Route Driver,Fleet,United States,Hui.Amari@BiTermTest.com
7933,Eneko,Obiora,Eneko.Obiora@BiTermTest.com,Eneko.Obiora@BiTermTest.com,Active,Employee,2006-02-27,,Accounts Payable Clerk,Finance,United States,Chiara.Demir@BiTermTest.com
73009142,Eneko,Stojanovic,Eneko.Stojanovic@BiTermTest.com,Eneko.Stojanovic@BiTermTest.com,Active,Employee,2020-11-30,,Fleet Planner,Fleet,United States,Jeroen.Petrovic@BiTermTest.com
73055478,Eneko,Vuong,Eneko.Vuong@BiTermTest.com,Eneko.Vuong@BiTermTest.com,Active,Employee,2026-03-02,,Systems Engineer,IT,United States,Diego.Azevedo@BiTermTest.com
9590,Eneko,Zielinski,Eneko.Zielinski@BiTermTest.com,Eneko.Zielinski@BiTermTest.com,Active,Contractor,2008-08-18,,Security Analyst,Security,Canada,Unai.Nassar@BiTermTest.com
26510,Eshan,Aydin,Eshan.Aydin@BiTermTest.com,Eshan.Aydin@BiTermTest.com,Active,Employee,2013-05-28,,Recruiter,Human Resources,Canada,Oksana.Haddad@BiTermTest.com
15062,Eshan,Cardoso,Eshan.Cardoso@BiTermTest.com,Eshan.Cardoso@BiTermTest.com,Active,Employee,2015-01-01,,Account Support Lead,Customer Service,United States,Qasim.Engstrom@BiTermTest.com
25592,Eshan,Ezeani,Eshan.Ezeani@BiTermTest.com,Eshan.Ezeani@BiTermTest.com,Active,Employee,2008-12-01,,Account Support Lead,Customer Service,United States,Qasim.Engstrom@BiTermTest.com
73038339,Eshan,Farrugia,Eshan.Farrugia@BiTermTest.com,Eshan.Farrugia@BiTermTest.com,Active,Contractor,2023-07-31,,Customer Care Associate,Customer Service,United States,Maialen.Jankowski@BiTermTest.com
73001531,Eshan,Fofana,Eshan.Fofana@BiTermTest.com,Eshan.Fofana@BiTermTest.com,Active,Employee,2020-02-24,,HR Business Partner,Human Resources,United States,Elzbieta.Barone@BiTermTest.com
27511,Eshan,Holmgren,Eshan.Holmgren@BiTermTest.com,Eshan.Holmgren@BiTermTest.com,Active,Employee,2005-11-07,,Sales Operations Analyst,Sales,United States,Elif.Jankowski@BiTermTest.com
73015740,Eshan,Ishikawa,Eshan.Ishikawa@BiTermTest.com,Eshan.Ishikawa@BiTermTest.com,Active,Employee,2021-06-14,,Customer Security Representative II CDL,Customer Service,United States,Arjun.Forsberg@BiTermTest.com
42006,Eshan,Ivanov,Eshan.Ivanov@BiTermTest.com,Eshan.Ivanov@BiTermTest.com,Active,Employee,2019-10-14,,Physical Security Officer,Security,Canada,Gita.Meijer@BiTermTest.com
21261,Eshan,Jeong,Eshan.Jeong@BiTermTest.com,Eshan.Jeong@BiTermTest.com,Active,Contractor,2021-01-04,,Controller,Finance,United States,Cuauhtemoc.Zielinski@BiTermTest.com
73046513,Eshan,Kwon,Eshan.Kwon@BiTermTest.com,Eshan.Kwon@BiTermTest.com,Active,Employee,2024-09-09,,Site Coordinator,Operations,United States,Vandana.Forsberg@BiTermTest.com
27149,Eshan,Mifsud,Eshan.Mifsud@BiTermTest.com,Eshan.Mifsud@BiTermTest.com,Active,Employee,2010-03-15,,Platform Administrator,IT,United States,Gorka.Egorov@BiTermTest.com
21835,Eshan,Mulder,Eshan.Mulder@BiTermTest.com,Eshan.Mulder@BiTermTest.com,Active,Employee,2009-10-26,,Systems Engineer,IT,United States,Hana.Borg@BiTermTest.com
73023681,Eshan,Ndiaye,Eshan.Ndiaye@BiTermTest.com,Eshan.Ndiaye@BiTermTest.com,Active,Employee,2022-01-03,,Controller,Finance,United States,Ingrid.Banerjee@BiTermTest.com
31965,Eshan,Novak,Eshan.Novak@BiTermTest.com,Eshan.Novak@BiTermTest.com,Active,Employee,2017-06-12,,Fleet Maintenance Technician,Fleet,United States,Yusuf.Kaminski@BiTermTest.com
22148,Eshan,Nowak,Eshan.Nowak@BiTermTest.com,Eshan.Nowak@BiTermTest.com,Active,Employee,1998-06-29,,Fleet Planner,Fleet,United States,Willem.Kuroda@BiTermTest.com
26995,Eshan,Rao,Eshan.Rao@BiTermTest.com,Eshan.Rao@BiTermTest.com,Active,Contractor,2014-11-10,,Route Driver,Fleet,United States,Ximena.Worku@BiTermTest.com
73002434,Eshan,Ricci,Eshan.Ricci@BiTermTest.com,Eshan.Ricci@BiTermTest.com,Active,Employee,2020-03-16,,Controller,Finance,United States,Iker.Traore@BiTermTest.com
24223,Eshan,Stojanovic,Eshan.Stojanovic@BiTermTest.com,Eshan.Stojanovic@BiTermTest.com,Active,Employee,2008-11-24,,Platform Administrator,IT,United States,Diego.Azevedo@BiTermTest.com
27399,Ewatanabe1,User,ewatanabe1@BiTermTest.com,ewatanabe1@BiTermTest.com,Active,Employee,1992-08-03,,Controller,Finance,United States,Vandana.Rahal@BiTermTest.com
73034711,Farid,Banerjee,Farid.Banerjee@BiTermTest.com,Farid.Banerjee@BiTermTest.com,Active,Employee,2023-02-28,2027-12-31,Operations Supervisor,Operations,United States,Ngozi.Mehta@BiTermTest.com
73034221,Farid,Cardoso,Farid.Cardoso@BiTermTest.com,Farid.Cardoso@BiTermTest.com,Active,Employee,2023-03-01,,Fleet Maintenance Technician,Fleet,United States,Gorka.Celik@BiTermTest.com
20130,Farid,Ishikawa,Farid.Ishikawa@BiTermTest.com,Farid.Ishikawa@BiTermTest.com,Active,Contractor,1999-12-08,,Platform Administrator,IT,United States,Eshan.Mulder@BiTermTest.com
10006769,Farid,Lai,Farid.Lai@BiTermTest.com,Farid.Lai@BiTermTest.com,Active,Employee,2018-03-19,,Account Support Lead,Customer Service,United States,Itzel.Piotrowski@BiTermTest.com
27890,Farid,Ngo,Farid.Ngo@BiTermTest.com,Farid.Ngo@BiTermTest.com,Active,Employee,2016-05-16,,Platform Administrator,IT,United States,Volkan.Engstrom@BiTermTest.com
73044491,Farid,Nwosu,Farid.Nwosu@BiTermTest.com,Farid.Nwosu@BiTermTest.com,Active,Employee,2024-05-20,,Physical Security Officer,Security,Canada,Diego.Nakamura@BiTermTest.com
35844,Farid,Ozturk,Farid.Ozturk@BiTermTest.com,Farid.Ozturk@BiTermTest.com,Active,Employee,2018-05-29,,Operations Analyst,Operations,United States,Ines.Fofana@BiTermTest.com
73009404,Farid,Rossi,Farid.Rossi@BiTermTest.com,Farid.Rossi@BiTermTest.com,Active,Employee,2020-11-16,,Fleet Maintenance Technician,Fleet,United States,Thiago.Barone@BiTermTest.com
26464,Farid,Truong,Farid.Truong@BiTermTest.com,Farid.Truong@BiTermTest.com,Active,Contractor,2013-02-11,,Accounts Payable Clerk,Finance,United States,Rohan.Chukwu@BiTermTest.com
34314,Farid,Watanabe,Farid.Watanabe@BiTermTest.com,Farid.Watanabe@BiTermTest.com,Active,Employee,2018-01-22,,Operations Supervisor,Operations,United States,Lan.Micallef@BiTermTest.com
19806,Fdeshpande,User,FDeshpande@BiTermTest.com,FDeshpande@BiTermTest.com,Active,Employee,1995-04-17,,GRC Analyst,Security,United States,Amaia.Dang@BiTermTest.com
72000703,Femi,Arslan,Femi.Arslan@BiTermTest.com,Femi.Arslan@BiTermTest.com,Active,Employee,2019-12-09,2027-12-31,HR Business Partner,Human Resources,United States,Sanne.Khoury@BiTermTest.com
73009455,Femi,Azevedo,Femi.Azevedo@BiTermTest.com,Femi.Azevedo@BiTermTest.com,Active,Employee,2020-11-30,,Sales Operations Analyst,Sales,United States,Laleh.Kulkarni@BiTermTest.com
73023867,Femi,Deluca,Femi.Deluca@BiTermTest.com,Femi.Deluca@BiTermTest.com,Active,Employee,2022-01-18,,Customer Security Representative II CDL,Customer Service,United States,Eshan.Farrugia@BiTermTest.com
73006347,Femi,Fofana,Femi.Fofana@BiTermTest.com,Femi.Fofana@BiTermTest.com,Active,Employee,2020-07-20,2026-03-31,Service Desk Analyst,IT,United States,Mahmoud.Worku@BiTermTest.com
26085,Femi,Krawczyk,Femi.Krawczyk@BiTermTest.com,Femi.Krawczyk@BiTermTest.com,Active,Employee,2014-05-05,,Accounts Payable Clerk,Finance,United States,Gorka.Desta@BiTermTest.com
21610,Femi,Lai,Femi.Lai@BiTermTest.com,Femi.Lai@BiTermTest.com,Active,Employee,2015-07-20,,Controller,Finance,United States,Ingrid.Banerjee@BiTermTest.com
37928,Femi,Marino,Femi.Marino@BiTermTest.com,Femi.Marino@BiTermTest.com,Active,Employee,2018-11-26,,Operations Supervisor,Operations,United States,Ines.Fofana@BiTermTest.com
27890,Femi,Menon,Femi.Menon@BiTermTest.com,Femi.Menon@BiTermTest.com,Active,Employee,2016-05-16,,Fleet Planner,Fleet,United States,Willem.Kuroda@BiTermTest.com
10006769,Femi,Nwosu,Femi.Nwosu@BiTermTest.com,Femi.Nwosu@BiTermTest.com,Active,Employee,2018-03-19,,Service Desk Analyst,IT,United States,Daan.Uchida@BiTermTest.com
22087,Femi,Rahal,Femi.Rahal@BiTermTest.com,Femi.Rahal@BiTermTest.com,Active,Contractor,2008-01-28,,GRC Analyst,Security,United States,Firuza.Mulder@BiTermTest.com
73050425,Femi,Saxena,Femi.Saxena@BiTermTest.com,Femi.Saxena@BiTermTest.com,Active,Employee,2025-02-06,,Service Desk Analyst,IT,United States,Sigrid.Ndiaye@BiTermTest.com
73055063,Femi,Sowande,Femi.Sowande@BiTermTest.com,Femi.Sowande@BiTermTest.com,Active,Employee,2025-12-26,2027-12-31,HR Business Partner,Human Resources,United States,Elzbieta.Barone@BiTermTest.com
28298,Femi,Stojanovic,Femi.Stojanovic@BiTermTest.com,Femi.Stojanovic@BiTermTest.com,Active,Employee,2021-11-01,,Fleet Maintenance Technician,Fleet,United States,Mei.Ozturk@BiTermTest.com
37939,Femi,Vuong,Femi.Vuong@BiTermTest.com,Femi.Vuong@BiTermTest.com,Active,Employee,2018-11-26,,Accounts Payable Clerk,Finance,United States,Sanne.Desta@BiTermTest.com
16570,Femi,Worku,Femi.Worku@BiTermTest.com,Femi.Worku@BiTermTest.com,Active,Employee,2015-09-08,,Operations Supervisor,Operations,United States,Vandana.Forsberg@BiTermTest.com
72000093,Femke,Azevedo,Femke.Azevedo@BiTermTest.com,Femke.Azevedo@BiTermTest.com,Active,Employee,2019-12-09,2027-12-31,Customer Care Associate,Customer Service,United States,Qasim.Engstrom@BiTermTest.com
39071,Femke,Baraka,Femke.Baraka@BiTermTest.com,Femke.Baraka@BiTermTest.com,Active,Employee,2019-02-18,,GRC Analyst,Security,United States,Unai.Nassar@BiTermTest.com
21412,Femke,Carvalho,Femke.Carvalho@BiTermTest.com,Femke.Carvalho@BiTermTest.com,Active,Employee,2014-04-25,,Recruiter,Human Resources,United States,Oksana.Haddad@BiTermTest.com
22795,Femke,Forsberg,Femke.Forsberg@BiTermTest.com,Femke.Forsberg@BiTermTest.com,Active,Employee,2004-10-01,,Recruiter,Human Resources,United States,Sanne.Khoury@BiTermTest.com
20537,Femke,Haddad,Femke.Haddad@BiTermTest.com,Femke.Haddad@BiTermTest.com,Active,Employee,2014-07-11,,Fleet Planner,Fleet,United States,Amara.Sleiman@BiTermTest.com
36464,Femke,Jankowski,Femke.Jankowski@BiTermTest.com,Femke.Jankowski@BiTermTest.com,Active,Employee,2021-08-16,,Systems Engineer,IT,United States,Diego.Azevedo@BiTermTest.com
27230,Femke,Kebede,Femke.Kebede@BiTermTest.com,Femke.Kebede@BiTermTest.com,Active,Employee,2018-07-02,,Fleet Maintenance Technician,Fleet,Canada,Hui.Amari@BiTermTest.com
10006776,Femke,Keita,Femke.Keita@BiTermTest.com,Femke.Keita@BiTermTest.com,Active,Employee,2018-03-12,,Service Desk Analyst,IT,United States,Maialen.Sleiman@BiTermTest.com
13986,Femke,Lewandowski,Femke.Lewandowski@BiTermTest.com,Femke.Lewandowski@BiTermTest.com,Active,Contractor,2015-01-01,,GRC Analyst,Security,United States,Anwar.Fedorov@BiTermTest.com
27968,Femke,Pham,Femke.Pham@BiTermTest.com,Femke.Pham@BiTermTest.com,Active,Employee,2015-10-05,,Route Driver,Fleet,United States,Yusuf.Kaminski@BiTermTest.com
28227,Femke,Piotrowski,Femke.Piotrowski@BiTermTest.com,Femke.Piotrowski@BiTermTest.com,Active,Contractor,2016-02-01,,Recruiter,Human Resources,United States,Iker.Lewandowski@BiTermTest.com
23426,Femke,Saliba,Femke.Saliba@BiTermTest.com,Femke.Saliba@BiTermTest.com,Active,Employee,2009-08-31,,Financial Analyst,Finance,United States,Parvin.Mehta@BiTermTest.com
23778,Femke,Sandberg,Femke.Sandberg@BiTermTest.com,Femke.Sandberg@BiTermTest.com,Active,Employee,2011-05-16,,GRC Analyst,Security,United States,Anwar.Fedorov@BiTermTest.com
73002411,Femke,Wojcik,Femke.Wojcik@BiTermTest.com,Femke.Wojcik@BiTermTest.com,Active,Contractor,2020-03-16,,Route Driver,Fleet,United States,Aoife.Bosman@BiTermTest.com
40070,Feng,Ferreira,Feng.Ferreira@BiTermTest.com,Feng.Ferreira@BiTermTest.com,Active,Employee,2019-05-06,,Regional Sales Manager,Sales,United States,Niamh.Rahal@BiTermTest.com
23404,Feng,Gallo,Feng.Gallo@BiTermTest.com,Feng.Gallo@BiTermTest.com,Active,Employee,2009-09-29,,Controller,Finance,Canada,Sanne.Desta@BiTermTest.com
24992,Feng,Lewandowski,Feng.Lewandowski@BiTermTest.com,Feng.Lewandowski@BiTermTest.com,Active,Employee,2010-10-04,,Controller,Finance,United States,Astrid.Fofana@BiTermTest.com
73021520,Feng,Mifsud,Feng.Mifsud@BiTermTest.com,Feng.Mifsud@BiTermTest.com,Active,Contractor,2021-10-20,,Customer Care Associate,Customer Service,United States,Tariq.Kobayashi@BiTermTest.com
20789,Feng,Rossi,Feng.Rossi@BiTermTest.com,Feng.Rossi@BiTermTest.com,Active,Employee,2013-09-16,,Fleet Maintenance Technician,Fleet,Canada,Willem.Kuroda@BiTermTest.com
28307,Feng,Saxena,Feng.Saxena@BiTermTest.com,Feng.Saxena@BiTermTest.com,Active,Employee,2016-08-22,,Route Driver,Fleet,Canada,Hui.Amari@BiTermTest.com
13778,Feng,Sowande,Feng.Sowande@BiTermTest.com,Feng.Sowande@BiTermTest.com,Active,Employee,2015-01-01,,Sales Operations Analyst,Sales,United States,Jing.Owusu@BiTermTest.com
26890,Feng,Titov,Feng.Titov@BiTermTest.com,Feng.Titov@BiTermTest.com,Active,Employee,2009-11-16,,Systems Engineer,IT,United States,Ren.Desta@BiTermTest.com
10004608,Feng,Vuong,Feng.Vuong@BiTermTest.com,Feng.Vuong@BiTermTest.com,Active,Employee,2009-01-05,,Benefits Analyst,Human Resources,United States,Sanne.Khoury@BiTermTest.com
21912,Feng,Wojcik,Feng.Wojcik@BiTermTest.com,Feng.Wojcik@BiTermTest.com,Active,Employee,2011-11-14,,Security Analyst,Security,United States,Marisol.Asante@BiTermTest.com
73051930,Fernanda,Bergstrom,Fernanda.Bergstrom@BiTermTest.com,Fernanda.Bergstrom@BiTermTest.com,Active,Employee,2025-05-13,2027-12-31,Customer Care Associate,Customer Service,Canada,Lorenzo.Kebede@BiTermTest.com
21208,Fernanda,Cassar,Fernanda.Cassar@BiTermTest.com,Fernanda.Cassar@BiTermTest.com,Active,Employee,2013-08-26,,Recruiter,Human Resources,United States,Cuauhtemoc.Kapoor@BiTermTest.com
73052898,Fernanda,Desai,Fernanda.Desai@BiTermTest.com,Fernanda.Desai@BiTermTest.com,Active,Employee,2025-07-28,,Systems Engineer,IT,United States,Maialen.Sleiman@BiTermTest.com
25592,Fernanda,Diallo,Fernanda.Diallo@BiTermTest.com,Fernanda.Diallo@BiTermTest.com,Active,Employee,2008-12-01,,Recruiter,Human Resources,United States,Cuauhtemoc.Kapoor@BiTermTest.com
19208,Fernanda,Mehta,Fernanda.Mehta@BiTermTest.com,Fernanda.Mehta@BiTermTest.com,Active,Employee,2004-11-29,,Site Coordinator,Operations,Canada,Valentina.Kebede@BiTermTest.com
73014278,Fernanda,Mensah,Fernanda.Mensah@BiTermTest.com,Fernanda.Mensah@BiTermTest.com,Active,Employee,2021-04-12,,HR Business Partner,Human Resources,United States,Nemanja.Duong@BiTermTest.com
18931,Fernanda,Mulder,Fernanda.Mulder@BiTermTest.com,Fernanda.Mulder@BiTermTest.com,Active,Employee,2016-05-30,,Service Desk Analyst,IT,United States,Joao.Pillai@BiTermTest.com
22130,Fernanda,Rahal,Fernanda.Rahal@BiTermTest.com,Fernanda.Rahal@BiTermTest.com,Active,Employee,2013-01-28,,Controller,Finance,United States,Astrid.Fofana@BiTermTest.com
28307,Fernanda,Vuong,Fernanda.Vuong@BiTermTest.com,Fernanda.Vuong@BiTermTest.com,Active,Employee,2016-08-22,,Service Desk Analyst,IT,United States,Maialen.Sleiman@BiTermTest.com
73039206,Fernanda,Zammit,Fernanda.Zammit@BiTermTest.com,Fernanda.Zammit@BiTermTest.com,Active,Contractor,2023-08-21,,Controller,Finance,United States,Feng.Gallo@BiTermTest.com
73029951,Firuza,Adeyemi,Firuza.Adeyemi@BiTermTest.com,Firuza.Adeyemi@BiTermTest.com,Active,Employee,2022-08-29,,Platform Administrator,IT,Canada,Renata.Mukherjee@BiTermTest.com
10007083,Firuza,Agarwal,Firuza.Agarwal@BiTermTest.com,Firuza.Agarwal@BiTermTest.com,Active,Employee,2018-10-22,,Fleet Maintenance Technician,Fleet,United States,Teodora.Jankowski@BiTermTest.com
24207,Firuza,Babic,Firuza.Babic@BiTermTest.com,Firuza.Babic@BiTermTest.com,Active,Employee,2008-12-01,,Controller,Finance,United States,Femi.Krawczyk@BiTermTest.com
10003987,Firuza,Bae,Firuza.Bae@BiTermTest.com,Firuza.Bae@BiTermTest.com,Active,Employee,2015-05-11,,Systems Engineer,IT,United States,Gorka.Egorov@BiTermTest.com
73043827,Firuza,Bekele,Firuza.Bekele@BiTermTest.com,Firuza.Bekele@BiTermTest.com,Active,Employee,2024-04-08,,Operations Supervisor,Operations,United States,Valentina.Kebede@BiTermTest.com
17335,Firuza,Devries,Firuza.Devries@BiTermTest.com,Firuza.Devries@BiTermTest.com,Active,Employee,2016-04-21,,Sales Operations Analyst,Sales,United States,Jisoo.Almeida@BiTermTest.com
73000680,Firuza,Hoshino,Firuza.Hoshino@BiTermTest.com,Firuza.Hoshino@BiTermTest.com,Active,Employee,2020-01-20,,Operations Analyst,Operations,United States,Lan.Micallef@BiTermTest.com
20076,Firuza,Kobayashi,Firuza.Kobayashi@BiTermTest.com,Firuza.Kobayashi@BiTermTest.com,Active,Employee,2000-12-11,,Customer Security Representative II CDL,Customer Service,Canada,Tariq.Kobayashi@BiTermTest.com
33838,Firuza,Moretti,Firuza.Moretti@BiTermTest.com,Firuza.Moretti@BiTermTest.com,Active,Employee,2021-11-29,,Operations Supervisor,Operations,United States,Dalia.Kozlowski@BiTermTest.com
73029752,Firuza,Mulder,Firuza.Mulder@BiTermTest.com,Firuza.Mulder@BiTermTest.com,Active,Employee,2022-08-22,,GRC Analyst,Security,United States,Parvin.Mekonnen@BiTermTest.com
20319,Firuza,Nakamura,Firuza.Nakamura@BiTermTest.com,Firuza.Nakamura@BiTermTest.com,Active,Contractor,2001-03-27,,Security Analyst,Security,United States,Amaia.Yilmaz@BiTermTest.com
20778,Firuza,Okonkwo,Firuza.Okonkwo@BiTermTest.com,Firuza.Okonkwo@BiTermTest.com,Active,Employee,2014-10-13,,HR Business Partner,Human Resources,United States,Oksana.Haddad@BiTermTest.com
21001118,Firuza,Sandberg,Firuza.Sandberg@BiTermTest.com,Firuza.Sandberg@BiTermTest.com,Active,Employee,2012-08-06,,Fleet Planner,Fleet,United States,Sanne.Iyer@BiTermTest.com
73047050,Firuza,Sowande,Firuza.Sowande@BiTermTest.com,Firuza.Sowande@BiTermTest.com,Active,Employee,2024-10-14,,Sales Operations Analyst,Sales,United States,Matteo.Malhotra@BiTermTest.com
19338,Fpiotrowski,User,FPiotrowski@BiTermTest.com,FPiotrowski@BiTermTest.com,Active,Employee,2004-04-19,,Site Coordinator,Operations,United States,Lan.Micallef@BiTermTest.com
14482,Freja,Attard,Freja.Attard@BiTermTest.com,Freja.Attard@BiTermTest.com,Active,Employee,2015-01-01,,Account Support Lead,Customer Service,United States,Duc.Traore@BiTermTest.com
23373,Freja,Kebede,Freja.Kebede@BiTermTest.com,Freja.Kebede@BiTermTest.com,Active,Employee,2024-11-21,,Platform Administrator,IT,United States,Roisin.Hoshino@BiTermTest.com
22005,Freja,Kocak,Freja.Kocak@BiTermTest.com,Freja.Kocak@BiTermTest.com,Active,Employee,2008-08-25,,Accounts Payable Clerk,Finance,Canada,Femi.Krawczyk@BiTermTest.com
73039185,Freja,Kulkarni,Freja.Kulkarni@BiTermTest.com,Freja.Kulkarni@BiTermTest.com,Active,Employee,2023-08-21,,Account Support Lead,Customer Service,United States,Naoko.Ferreira@BiTermTest.com
22025,Freja,Mehta,Freja.Mehta@BiTermTest.com,Freja.Mehta@BiTermTest.com,Active,Contractor,2008-06-02,,Platform Administrator,IT,United States,Sakura.Vuong@BiTermTest.com
73031198,Freja,Varma,Freja.Varma@BiTermTest.com,Freja.Varma@BiTermTest.com,Active,Employee,2022-10-24,,Customer Security Representative II CDL,Customer Service,United States,Itzel.Piotrowski@BiTermTest.com
22443,Gita,Aydin,Gita.Aydin@BiTermTest.com,Gita.Aydin@BiTermTest.com,Active,Employee,2006-01-31,,Controller,Finance,United States,Iker.Traore@BiTermTest.com
73000813,Gita,Dekker,Gita.Dekker@BiTermTest.com,Gita.Dekker@BiTermTest.com,Active,Employee,2020-01-20,,Fleet Planner,Fleet,United States,Thiago.Barone@BiTermTest.com
73025726,Gita,Desai,Gita.Desai@BiTermTest.com,Gita.Desai@BiTermTest.com,Active,Employee,2022-03-21,,Systems Engineer,IT,United States,Nikolai.Ghanem@BiTermTest.com
20426,Gita,Ezeani,Gita.Ezeani@BiTermTest.com,Gita.Ezeani@BiTermTest.com,Active,Employee,2014-09-15,,Sales Operations Analyst,Sales,United States,Tariq.Borg@BiTermTest.com
73050399,Gita,Maalouf,Gita.Maalouf@BiTermTest.com,Gita.Maalouf@BiTermTest.com,Active,Employee,2025-02-06,,Customer Care Associate,Customer Service,United States,Minh.Sakamoto@BiTermTest.com
33338,Gita,Malhotra,Gita.Malhotra@BiTermTest.com,Gita.Malhotra@BiTermTest.com,Active,Employee,2017-10-16,,Financial Analyst,Finance,United States,Quang.Jankowski@BiTermTest.com
21799,Gita,Meijer,Gita.Meijer@BiTermTest.com,Gita.Meijer@BiTermTest.com,Active,Employee,2010-02-08,,Physical Security Officer,Security,United States,Duc.Pham@BiTermTest.com
21535,Gita,Ohtani,Gita.Ohtani@BiTermTest.com,Gita.Ohtani@BiTermTest.com,Active,Employee,2011-04-18,,Platform Administrator,IT,United States,Roisin.Hoshino@BiTermTest.com
73039379,Gita,Sakamoto,Gita.Sakamoto@BiTermTest.com,Gita.Sakamoto@BiTermTest.com,Active,Employee,2023-08-25,2035-08-23,Customer Care Associate,Customer Service,Canada,Eshan.Farrugia@BiTermTest.com
25126,Gita,Vella,Gita.Vella@BiTermTest.com,Gita.Vella@BiTermTest.com,Gita Vella,Employee,2006-06-08,,Physical Security Officer,Security,United States,Amaia.Dang@BiTermTest.com
10005804,Gita,Visser,Gita.Visser@BiTermTest.com,Gita.Visser@BiTermTest.com,Active,Employee,2016-07-18,,Benefits Analyst,Human Resources,United States,Cuauhtemoc.Kapoor@BiTermTest.com
37159,Gita,Vosberg,Gita.Vosberg@BiTermTest.com,Gita.Vosberg@BiTermTest.com,Active,Employee,2018-09-19,,Account Support Lead,Customer Service,United States,Itzel.Piotrowski@BiTermTest.com
21384,Giulia,Desai,Giulia.Desai@BiTermTest.com,Giulia.Desai@BiTermTest.com,Active,Employee,2014-09-02,,Financial Analyst,Finance,United States,Basim.Aydin@BiTermTest.com
25489,Giulia,Ferrari,Giulia.Ferrari@BiTermTest.com,Giulia.Ferrari@BiTermTest.com,Active,Employee,2010-08-30,,Physical Security Officer,Security,Canada,Naoko.Desai@BiTermTest.com
73050958,Giulia,Krawczyk,Giulia.Krawczyk@BiTermTest.com,Giulia.Krawczyk@BiTermTest.com,Active,Employee,2025-03-12,,Security Analyst,Security,Canada,Lan.Vosberg@BiTermTest.com
23862,Giulia,Mifsud,Giulia.Mifsud@BiTermTest.com,Giulia.Mifsud@BiTermTest.com,Active,Employee,2011-03-21,,Account Executive,Sales,United States,Bram.Aslan@BiTermTest.com
22112,Giulia,Ribeiro,Giulia.Ribeiro@BiTermTest.com,Giulia.Ribeiro@BiTermTest.com,Active,Employee,2006-07-17,,Controller,Finance,United States,Rohan.Chukwu@BiTermTest.com
73051443,Giulia,Takahashi,Giulia.Takahashi@BiTermTest.com,Giulia.Takahashi@BiTermTest.com,Active,Employee,2025-04-11,2027-12-31,Operations Analyst,Operations,Canada,Beatriz.Khoury@BiTermTest.com
35429,Gorka,Celik,Gorka.Celik@BiTermTest.com,Gorka.Celik@BiTermTest.com,Active,Employee,2018-04-16,,Route Driver,Fleet,United States,Sanne.Iyer@BiTermTest.com
73051705,Gorka,Dang,Gorka.Dang@BiTermTest.com,Gorka.Dang@BiTermTest.com,Active,Employee,2025-04-30,,Platform Administrator,IT,United States,Emre.Kobayashi@BiTermTest.com
21702,Gorka,Desta,Gorka.Desta@BiTermTest.com,Gorka.Desta@BiTermTest.com,Active,Contractor,2010-04-07,,Accounts Payable Clerk,Finance,Canada,Fernanda.Rahal@BiTermTest.com
73006301,Gorka,Egorov,Gorka.Egorov@BiTermTest.com,Gorka.Egorov@BiTermTest.com,Active,Employee,2020-08-31,,Platform Administrator,IT,United States,Daan.Uchida@BiTermTest.com
26819,Gorka,Fedorov,Gorka.Fedorov@BiTermTest.com,Gorka.Fedorov@BiTermTest.com,Active,Employee,2015-01-02,,Controller,Finance,United States,Astrid.Fofana@BiTermTest.com
19582,Gorka,Girma,Gorka.Girma@BiTermTest.com,Gorka.Girma@BiTermTest.com,Active,Employee,1995-01-30,,Site Coordinator,Operations,United States,Dalia.Kozlowski@BiTermTest.com
73019020,Gorka,Ivanov,Gorka.Ivanov@BiTermTest.com,Gorka.Ivanov@BiTermTest.com,Active,Employee,2021-08-23,,Account Support Lead,Customer Service,United States,Beatriz.Haile@BiTermTest.com
42324,Gorka,Khoury,Gorka.Khoury@BiTermTest.com,Gorka.Khoury@BiTermTest.com,Active,Employee,2019-11-04,,Fleet Planner,Fleet,United States,Sanne.Iyer@BiTermTest.com
71004083,Gorka,Micallef,Gorka.Micallef@BiTermTest.com,Gorka.Micallef@BiTermTest.com,Active,Employee,2021-09-06,,Account Support Lead,Customer Service,United States,Anahi.Esposito@BiTermTest.com
73001999,Gorka,Ricci,Gorka.Ricci@BiTermTest.com,Gorka.Ricci@BiTermTest.com,Active,Employee,2020-03-02,,Benefits Analyst,Human Resources,United States,Citlali.Ngo@BiTermTest.com
73039997,Gorka,Seo,Gorka.Seo@BiTermTest.com,Gorka.Seo@BiTermTest.com,Active,Employee,2023-10-05,,Financial Analyst,Finance,United States,Quang.Jankowski@BiTermTest.com
22347,Gorka,Volkov,Gorka.Volkov@BiTermTest.com,Gorka.Volkov@BiTermTest.com,Active,Contractor,2006-07-10,,Benefits Analyst,Human Resources,United States,Mahmoud.Tesfaye@BiTermTest.com
10005373,Gwojcik,User,GWojcik@BiTermTest.com,GWojcik@BiTermTest.com,Active,Employee,2005-08-15,,Sales Operations Analyst,Sales,United States,Matteo.Malhotra@BiTermTest.com
10007125,Hamid,Bhattacharya,Hamid.Bhattacharya@BiTermTest.com,Hamid.Bhattacharya@BiTermTest.com,Active,Employee,2018-11-19,,Controller,Finance,United States,Fernanda.Rahal@BiTermTest.com
73000680,Hamid,Dekker,Hamid.Dekker@BiTermTest.com,Hamid.Dekker@BiTermTest.com,Active,Employee,2020-01-20,,Route Driver,Fleet,United States,Gorka.Celik@BiTermTest.com
20168,Hamid,Ezeani,Hamid.Ezeani@BiTermTest.com,Hamid.Ezeani@BiTermTest.com,Active,Employee,2002-02-04,,Site Coordinator,Operations,United States,Jovana.Baraka@BiTermTest.com
21261,Hamid,Ishikawa,Hamid.Ishikawa@BiTermTest.com,Hamid.Ishikawa@BiTermTest.com,Active,Employee,2021-01-04,,Service Desk Analyst,IT,United States,Maialen.Sleiman@BiTermTest.com
73016096,Hamid,Kowalski,Hamid.Kowalski@BiTermTest.com,Hamid.Kowalski@BiTermTest.com,Active,Employee,2021-06-21,,Accounts Payable Clerk,Finance,Canada,Rohan.Chukwu@BiTermTest.com
73010351,Hamid,Krawczyk,Hamid.Krawczyk@BiTermTest.com,Hamid.Krawczyk@BiTermTest.com,Active,Contractor,2024-03-25,,Operations Analyst,Operations,United States,Roisin.Kozlowski@BiTermTest.com
26322,Hamid,Nikolic,Hamid.Nikolic@BiTermTest.com,Hamid.Nikolic@BiTermTest.com,Active,Employee,2015-05-26,,Fleet Maintenance Technician,Fleet,United States,Willem.Kuroda@BiTermTest.com
21451,Hana,Baraka,Hana.Baraka@BiTermTest.com,Hana.Baraka@BiTermTest.com,Active,Employee,2011-09-26,,Site Coordinator,Operations,United States,Hamid.Krawczyk@BiTermTest.com
26840,Hana,Bergstrom,Hana.Bergstrom@BiTermTest.com,Hana.Bergstrom@BiTermTest.com,Active,Employee,2010-11-03,,Account Executive,Sales,United States,Ilya.Meijer@BiTermTest.com
73032761,Hana,Borg,Hana.Borg@BiTermTest.com,Hana.Borg@BiTermTest.com,Active,Employee,2023-01-09,,Service Desk Analyst,IT,United States,Anwar.Attard@BiTermTest.com
24239,Hana,Markovic,Hana.Markovic@BiTermTest.com,Hana.Markovic@BiTermTest.com,Terminated,Employee,2012-06-25,2026-03-23,Systems Engineer,IT,United States,Bjorn.Dabrowski@BiTermTest.com
28791,Hana,Novak,Hana.Novak@BiTermTest.com,Hana.Novak@BiTermTest.com,Active,Employee,2016-05-16,,Physical Security Officer,Security,United States,Amaia.Diallo@BiTermTest.com
73051310,Hana,Novikov,Hana.Novikov@BiTermTest.com,Hana.Novikov@BiTermTest.com,Active,Employee,2025-04-14,,HR Business Partner,Human Resources,United States,Henryk.Yamamoto@BiTermTest.com
40580,Hana,Nystrom,Hana.Nystrom@BiTermTest.com,Hana.Nystrom@BiTermTest.com,Active,Employee,2019-06-17,,Systems Engineer,IT,United States,Nikolai.Ghanem@BiTermTest.com
13281,Hana,Ricci,Hana.Ricci@BiTermTest.com,Hana.Ricci@BiTermTest.com,Active,Employee,2015-01-01,,Customer Security Representative II CDL,Customer Service,United States,Itzel.Piotrowski@BiTermTest.com
73000250,Hana,Trivedi,Hana.Trivedi@BiTermTest.com,Hana.Trivedi@BiTermTest.com,Active,Employee,2020-01-06,,Site Coordinator,Operations,United States,Beatriz.Khoury@BiTermTest.com
73000307,Haruto,Boateng,Haruto.Boateng@BiTermTest.com,Haruto.Boateng@BiTermTest.com,Active,Employee,2020-01-06,,HR Business Partner,Human Resources,United States,Mahmoud.Tesfaye@BiTermTest.com
73002733,Haruto,Cassar,Haruto.Cassar@BiTermTest.com,Haruto.Cassar@BiTermTest.com,Active,Employee,2021-06-04,2026-12-31,Account Support Lead,Customer Service,United States,Minh.Sakamoto@BiTermTest.com
73006563,Haruto,Dabrowski,Haruto.Dabrowski@BiTermTest.com,Haruto.Dabrowski@BiTermTest.com,Active,Employee,2020-08-31,,Financial Analyst,Finance,United States,Deniz.Marino@BiTermTest.com
73039363,Haruto,Djordjevic,Haruto.Djordjevic@BiTermTest.com,Haruto.Djordjevic@BiTermTest.com,Active,Contractor,2023-08-25,2026-12-31,Accounts Payable Clerk,Finance,United States,Naoko.Jeong@BiTermTest.com
73013574,Haruto,Fujimoto,Haruto.Fujimoto@BiTermTest.com,Haruto.Fujimoto@BiTermTest.com,Active,Employee,2021-03-16,2035-12-31,Controller,Finance,United States,Fernanda.Rahal@BiTermTest.com
24850,Haruto,Kaminski,Haruto.Kaminski@BiTermTest.com,Haruto.Kaminski@BiTermTest.com,Active,Employee,2013-03-04,,Account Support Lead,Customer Service,Canada,Duc.Joshi@BiTermTest.com
40962,Haruto,Kwon,Haruto.Kwon@BiTermTest.com,Haruto.Kwon@BiTermTest.com,Active,Employee,2019-07-22,,Operations Supervisor,Operations,Canada,Jovana.Baraka@BiTermTest.com
73052003,Haruto,Marino,Haruto.Marino@BiTermTest.com,Haruto.Marino@BiTermTest.com,Active,Employee,2025-05-15,2027-12-31,Benefits Analyst,Human Resources,Canada,Cuauhtemoc.Kapoor@BiTermTest.com
73028490,Haruto,Meijer,Haruto.Meijer@BiTermTest.com,Haruto.Meijer@BiTermTest.com,Active,Employee,2022-06-13,,Operations Analyst,Operations,United States,Valentina.Kebede@BiTermTest.com
73039206,Haruto,Morozov,Haruto.Morozov@BiTermTest.com,Haruto.Morozov@BiTermTest.com,Active,Employee,2023-08-21,,GRC Analyst,Security,United States,Eneko.Zielinski@BiTermTest.com
10002529,Haruto,Vuong,Haruto.Vuong@BiTermTest.com,Haruto.Vuong@BiTermTest.com,Active,Employee,2012-09-11,,Systems Engineer,IT,Canada,Nikolai.Ghanem@BiTermTest.com
73013431,Haruto,Yoon,Haruto.Yoon@BiTermTest.com,Haruto.Yoon@BiTermTest.com,Active,Employee,2021-03-15,,Customer Care Associate,Customer Service,United States,Maialen.Jankowski@BiTermTest.com
19950,Henryk,Abebe,Henryk.Abebe@BiTermTest.com,Henryk.Abebe@BiTermTest.com,Active,Employee,1999-03-18,,Platform Administrator,IT,United States,Thabo.Hwang@BiTermTest.com
26667,Henryk,Asante,Henryk.Asante@BiTermTest.com,Henryk.Asante@BiTermTest.com,Active,Employee,2015-02-09,,Physical Security Officer,Security,United States,Duc.Pham@BiTermTest.com
10003413,Henryk,Banerjee,Henryk.Banerjee@BiTermTest.com,Henryk.Banerjee@BiTermTest.com,Active,Employee,2015-08-10,,GRC Analyst,Security,United States,Parvin.Mekonnen@BiTermTest.com
73038339,Henryk,Bergstrom,Henryk.Bergstrom@BiTermTest.com,Henryk.Bergstrom@BiTermTest.com,Active,Employee,2023-07-31,,Regional Sales Manager,Sales,Canada,Jing.Owusu@BiTermTest.com
73016096,Henryk,Chukwu,Henryk.Chukwu@BiTermTest.com,Henryk.Chukwu@BiTermTest.com,Active,Employee,2021-06-21,,Operations Supervisor,Operations,United States,Ngozi.Mehta@BiTermTest.com
24099,Henryk,Ezeani,Henryk.Ezeani@BiTermTest.com,Henryk.Ezeani@BiTermTest.com,Active,Employee,2012-11-02,,Account Executive,Sales,United States,Tariq.Borg@BiTermTest.com
14369,Henryk,Farrugia,Henryk.Farrugia@BiTermTest.com,Henryk.Farrugia@BiTermTest.com,Active,Employee,2015-01-01,,Account Support Lead,Customer Service,United States,Tariq.Kobayashi@BiTermTest.com
18294,Henryk,Forsberg,Henryk.Forsberg@BiTermTest.com,Henryk.Forsberg@BiTermTest.com,Active,Employee,2016-12-05,,GRC Analyst,Security,United States,Diego.Nakamura@BiTermTest.com
73007730,Henryk,Hoshino,Henryk.Hoshino@BiTermTest.com,Henryk.Hoshino@BiTermTest.com,Active,Employee,2020-09-14,,Customer Security Representative II CDL,Customer Service,United States,Maialen.Jankowski@BiTermTest.com
26085,Henryk,Meijer,Henryk.Meijer@BiTermTest.com,Henryk.Meijer@BiTermTest.com,Active,Employee,2014-05-05,,Operations Supervisor,Operations,United States,Lars.Boateng@BiTermTest.com
73006966,Henryk,Rossi,Henryk.Rossi@BiTermTest.com,Henryk.Rossi@BiTermTest.com,Active,Employee,2020-08-17,,Route Driver,Fleet,United States,Alessandro.Vandenberg@BiTermTest.com
22595,Henryk,Sleiman,Henryk.Sleiman@BiTermTest.com,Henryk.Sleiman@BiTermTest.com,Active,Employee,2008-07-28,,Platform Administrator,IT,United States,Maialen.Sleiman@BiTermTest.com
16567,Henryk,Yamamoto,Henryk.Yamamoto@BiTermTest.com,Henryk.Yamamoto@BiTermTest.com,Active,Employee,2017-02-01,,Recruiter,Human Resources,United States,Ren.Mazur@BiTermTest.com
10004435,Hgrech,User,HGrech@BiTermTest.com,HGrech@BiTermTest.com,Active,Employee,2002-06-10,,Route Driver,Fleet,United States,Sanne.Iyer@BiTermTest.com
10005246,Hsaliba,User,HSaliba@BiTermTest.com,HSaliba@BiTermTest.com,Active,Employee,2008-12-08,,Service Desk Analyst,IT,United States,Gorka.Egorov@BiTermTest.com
25502,Hui,Amari,Hui.Amari@BiTermTest.com,Hui.Amari@BiTermTest.com,Active,Employee,2007-04-30,,Fleet Maintenance Technician,Fleet,United States,Amara.Sleiman@BiTermTest.com
10003692,Hui,Bekele,Hui.Bekele@BiTermTest.com,Hui.Bekele@BiTermTest.com,Active,Employee,2013-01-14,,Recruiter,Human Resources,Canada,Nemanja.Duong@BiTermTest.com
22390,Hui,Bosman,Hui.Bosman@BiTermTest.com,Hui.Bosman@BiTermTest.com,Active,Employee,2004-08-30,,Service Desk Analyst,IT,United States,Roisin.Hoshino@BiTermTest.com
25687,Hui,Esposito,Hui.Esposito@BiTermTest.com,Hui.Esposito@BiTermTest.com,Active,Employee,2014-08-11,,Security Analyst,Security,United States,Teodora.Rossi@BiTermTest.com
24207,Hui,Ishikawa,Hui.Ishikawa@BiTermTest.com,Hui.Ishikawa@BiTermTest.com,Active,Employee,2008-12-01,,Customer Care Associate,Customer Service,United States,Jovana.Mifsud@BiTermTest.com
10000070,Hui,Kocak,Hui.Kocak@BiTermTest.com,Hui.Kocak@BiTermTest.com,Active,Employee,2019-03-18,,Route Driver,Fleet,United States,Jeroen.Petrovic@BiTermTest.com
21756,Hui,Kuroda,Hui.Kuroda@BiTermTest.com,Hui.Kuroda@BiTermTest.com,Active,Employee,2010-07-12,,Account Support Lead,Customer Service,United States,Eshan.Farrugia@BiTermTest.com
38340,Hui,Mazur,Hui.Mazur@BiTermTest.com,Hui.Mazur@BiTermTest.com,Active,Employee,2022-01-17,,Route Driver,Fleet,United States,Mei.Ozturk@BiTermTest.com
73002150,Hui,Micallef,Hui.Micallef@BiTermTest.com,Hui.Micallef@BiTermTest.com,Active,Employee,2020-04-27,,Accounts Payable Clerk,Finance,United States,Soren.Ferreira@BiTermTest.com
20002687,Hui,Ndiaye,Hui.Ndiaye@BiTermTest.com,Hui.Ndiaye@BiTermTest.com,Active,Employee,2017-09-18,,Customer Care Associate,Customer Service,United States,Elzbieta.Amari@BiTermTest.com
25592,Hui,Novak,Hui.Novak@BiTermTest.com,Hui.Novak@BiTermTest.com,Active,Employee,2008-12-01,,Site Coordinator,Operations,United States,Tahira.Zammit@BiTermTest.com
73040918,Hui,Piotrowski,Hui.Piotrowski@BiTermTest.com,Hui.Piotrowski@BiTermTest.com,Active,Employee,2023-10-20,2026-12-31,Site Coordinator,Operations,United States,Cillian.Novikov@BiTermTest.com
24294,Hui,Ribeiro,Hui.Ribeiro@BiTermTest.com,Hui.Ribeiro@BiTermTest.com,Active,Employee,2012-06-12,,Systems Engineer,IT,United States,Deniz.Mulder@BiTermTest.com
22102,Hui,Ricci,Hui.Ricci@BiTermTest.com,Hui.Ricci@BiTermTest.com,Active,Employee,2014-01-06,,Security Analyst,Security,United States,Parvin.Mekonnen@BiTermTest.com
21799,Hui,Rossi,Hui.Rossi@BiTermTest.com,Hui.Rossi@BiTermTest.com,Active,Employee,2010-02-08,,Benefits Analyst,Human Resources,United States,Citlali.Ngo@BiTermTest.com
27649,Huong,Aydin,Huong.Aydin@BiTermTest.com,Huong.Aydin@BiTermTest.com,Active,Employee,2004-09-27,,HR Business Partner,Human Resources,United States,Cuauhtemoc.Kapoor@BiTermTest.com
27443,Huong,Cardoso,Huong.Cardoso@BiTermTest.com,Huong.Cardoso@BiTermTest.com,Active,Employee,2000-06-26,,Service Desk Analyst,IT,United States,Sigrid.Ndiaye@BiTermTest.com
73022709,Huong,Dogan,Huong.Dogan@BiTermTest.com,Huong.Dogan@BiTermTest.com,Active,Employee,2021-11-22,,Operations Analyst,Operations,United States,Ngozi.Mehta@BiTermTest.com
73013574,Huong,Egorov,Huong.Egorov@BiTermTest.com,Huong.Egorov@BiTermTest.com,Active,Contractor,2021-03-16,2035-12-31,Sales Operations Analyst,Sales,Canada,Matteo.Malhotra@BiTermTest.com
28452,Huong,Galea,Huong.Galea@BiTermTest.com,Huong.Galea@BiTermTest.com,Active,Employee,2015-08-17,,Platform Administrator,IT,United States,Roisin.Hoshino@BiTermTest.com
73026941,Huong,Girma,Huong.Girma@BiTermTest.com,Huong.Girma@BiTermTest.com,Active,Employee,2022-04-11,,Operations Analyst,Operations,United States,Xiomara.Holmgren@BiTermTest.com
31682,Huong,Grech,Huong.Grech@BiTermTest.com,Huong.Grech@BiTermTest.com,Active,Employee,2017-06-12,,Sales Operations Analyst,Sales,United States,Elif.Jankowski@BiTermTest.com
22317,Huong,Nwosu,Huong.Nwosu@BiTermTest.com,Huong.Nwosu@BiTermTest.com,Active,Employee,2006-08-31,,Platform Administrator,IT,United States,Thabo.Hwang@BiTermTest.com
33861,Huong,Owusu,Huong.Owusu@BiTermTest.com,Huong.Owusu@BiTermTest.com,Active,Contractor,2017-12-04,,Controller,Finance,United States,Aylin.Mukherjee@BiTermTest.com
73037678,Huong,Reddy,Huong.Reddy@BiTermTest.com,Huong.Reddy@BiTermTest.com,Active,Employee,2023-07-12,,Controller,Finance,Canada,Feng.Gallo@BiTermTest.com
73001204,Huong,Vella,Huong.Vella@BiTermTest.com,Huong.Vella@BiTermTest.com,Active,Employee,2020-02-18,,Sales Operations Analyst,Sales,Canada,Rashida.Polat@BiTermTest.com
31928,Huong,Worku,Huong.Worku@BiTermTest.com,Huong.Worku@BiTermTest.com,Active,Employee,2017-06-12,,Site Coordinator,Operations,United States,Ines.Fofana@BiTermTest.com
30785,Iker,Aksoy,Iker.Aksoy@BiTermTest.com,Iker.Aksoy@BiTermTest.com,Active,Employee,2017-04-10,,HR Business Partner,Human Resources,Canada,Oksana.Haddad@BiTermTest.com
35412,Iker,Chopra,Iker.Chopra@BiTermTest.com,Iker.Chopra@BiTermTest.com,Active,Employee,2021-08-24,,Financial Analyst,Finance,United States,Deniz.Marino@BiTermTest.com
25291,Iker,Deluca,Iker.Deluca@BiTermTest.com,Iker.Deluca@BiTermTest.com,Terminated,Employee,2013-11-04,2026-03-13,Fleet Planner,Fleet,United States,Hui.Amari@BiTermTest.com
27280,Iker,Girma,Iker.Girma@BiTermTest.com,Iker.Girma@BiTermTest.com,Active,Contractor,2014-10-13,,Service Desk Analyst,IT,Canada,Thabo.Hwang@BiTermTest.com
33956,Iker,Kobayashi,Iker.Kobayashi@BiTermTest.com,Iker.Kobayashi@BiTermTest.com,Active,Employee,2017-12-11,,Service Desk Analyst,IT,United States,Daan.Uchida@BiTermTest.com
10004774,Iker,Lemma,Iker.Lemma@BiTermTest.com,Iker.Lemma@BiTermTest.com,Iker Lemma,Employee,2015-10-05,,Systems Engineer,IT,Canada,Emre.Kobayashi@BiTermTest.com
24467,Iker,Lewandowski,Iker.Lewandowski@BiTermTest.com,Iker.Lewandowski@BiTermTest.com,Active,Employee,2014-03-03,,Benefits Analyst,Human Resources,United States,Cuauhtemoc.Kapoor@BiTermTest.com
19672,Iker,Mekonnen,Iker.Mekonnen@BiTermTest.com,Iker.Mekonnen@BiTermTest.com,Active,Employee,2000-07-31,,Operations Supervisor,Operations,United States,Soren.Banerjee@BiTermTest.com
39980,Iker,Morozov,Iker.Morozov@BiTermTest.com,Iker.Morozov@BiTermTest.com,Active,Contractor,2019-04-29,,Systems Engineer,IT,United States,Maialen.Sleiman@BiTermTest.com
20831,Iker,Saxena,Iker.Saxena@BiTermTest.com,Iker.Saxena@BiTermTest.com,Active,Employee,2013-09-03,,Fleet Maintenance Technician,Fleet,United States,Amara.Sleiman@BiTermTest.com
73007513,Iker,Sowande,Iker.Sowande@BiTermTest.com,Iker.Sowande@BiTermTest.com,Active,Employee,2020-09-15,,HR Business Partner,Human Resources,Canada,Henryk.Yamamoto@BiTermTest.com
73034318,Iker,Tesfaye,Iker.Tesfaye@BiTermTest.com,Iker.Tesfaye@BiTermTest.com,Active,Employee,2023-02-20,,Customer Security Representative II CDL,Customer Service,United States,Lorenzo.Kebede@BiTermTest.com
10384,Iker,Traore,Iker.Traore@BiTermTest.com,Iker.Traore@BiTermTest.com,Active,Employee,2010-03-22,,Financial Analyst,Finance,United States,Deniz.Marino@BiTermTest.com
24455,Ilya,Dang,Ilya.Dang@BiTermTest.com,Ilya.Dang@BiTermTest.com,Active,Employee,2014-01-13,,Accounts Payable Clerk,Finance,United States,Vandana.Rahal@BiTermTest.com
73030805,Ilya,Hoang,Ilya.Hoang@BiTermTest.com,Ilya.Hoang@BiTermTest.com,Active,Employee,2022-09-22,,HR Business Partner,Human Resources,United States,Sanne.Khoury@BiTermTest.com
73021211,Ilya,Kebede,Ilya.Kebede@BiTermTest.com,Ilya.Kebede@BiTermTest.com,Active,Employee,2021-10-18,,Accounts Payable Clerk,Finance,United States,Rohan.Chukwu@BiTermTest.com
14883,Ilya,Lai,Ilya.Lai@BiTermTest.com,Ilya.Lai@BiTermTest.com,Active,Contractor,2023-06-12,,Regional Sales Manager,Sales,United States,Piotr.Malhotra@BiTermTest.com
18563,Ilya,Lemma,Ilya.Lemma@BiTermTest.com,Ilya.Lemma@BiTermTest.com,Active,Employee,2016-10-03,,Sales Operations Analyst,Sales,United States,Rashida.Polat@BiTermTest.com
10003905,Ilya,Lundgren,Ilya.Lundgren@BiTermTest.com,Ilya.Lundgren@BiTermTest.com,Active,Employee,2012-10-01,,Physical Security Officer,Security,United States,Teodora.Rossi@BiTermTest.com
21722,Ilya,Meijer,Ilya.Meijer@BiTermTest.com,Ilya.Meijer@BiTermTest.com,Active,Employee,2011-09-19,,Account Executive,Sales,United States,Bram.Aslan@BiTermTest.com
19822,Ilya,Titov,Ilya.Titov@BiTermTest.com,Ilya.Titov@BiTermTest.com,Active,Employee,2001-10-29,,Financial Analyst,Finance,United States,Quang.Jankowski@BiTermTest.com
73013812,Ilya,Uchida,Ilya.Uchida@BiTermTest.com,Ilya.Uchida@BiTermTest.com,Active,Employee,2021-03-29,,Platform Administrator,IT,United States,Bjorn.Dabrowski@BiTermTest.com
73013812,Ilya,Visser,Ilya.Visser@BiTermTest.com,Ilya.Visser@BiTermTest.com,Active,Employee,2021-03-29,,Controller,Finance,United States,Deniz.Marino@BiTermTest.com
12617,Ilya,Wozniak,Ilya.Wozniak@BiTermTest.com,Ilya.Wozniak@BiTermTest.com,Active,Employee,2015-04-01,,GRC Analyst,Security,Canada,Unai.Nassar@BiTermTest.com
15846,Imani,Baraka,Imani.Baraka@BiTermTest.com,Imani.Baraka@BiTermTest.com,Active,Employee,2015-02-23,,Security Analyst,Security,United States,Amaia.Dang@BiTermTest.com
23784,Imani,Barone,Imani.Barone@BiTermTest.com,Imani.Barone@BiTermTest.com,Active,Employee,2011-05-16,,Account Support Lead,Customer Service,United States,Willem.Chopra@BiTermTest.com
73001531,Imani,Khoury,Imani.Khoury@BiTermTest.com,Imani.Khoury@BiTermTest.com,Active,Employee,2020-02-24,,Operations Analyst,Operations,United States,Jovana.Baraka@BiTermTest.com
10006812,Imani,Nwosu,Imani.Nwosu@BiTermTest.com,Imani.Nwosu@BiTermTest.com,Active,Employee,2018-04-16,,Service Desk Analyst,IT,United States,Roisin.Hoshino@BiTermTest.com
22300,Imani,Piotrowski,Imani.Piotrowski@BiTermTest.com,Imani.Piotrowski@BiTermTest.com,Active,Employee,1994-02-28,,HR Business Partner,Human Resources,United States,Iker.Lewandowski@BiTermTest.com
73006966,Imani,Watanabe,Imani.Watanabe@BiTermTest.com,Imani.Watanabe@BiTermTest.com,Active,Contractor,2020-08-17,,Operations Analyst,Operations,United States,Cillian.Novikov@BiTermTest.com
73019020,Ines,Bui,Ines.Bui@BiTermTest.com,Ines.Bui@BiTermTest.com,Active,Employee,2021-08-23,,Customer Care Associate,Customer Service,United States,Beatriz.Haile@BiTermTest.com
73046163,Ines,Camilleri,Ines.Camilleri@BiTermTest.com,Ines.Camilleri@BiTermTest.com,Active,Employee,2024-09-02,,Account Support Lead,Customer Service,United States,Beatriz.Sahin@BiTermTest.com
41747,Ines,Dekker,Ines.Dekker@BiTermTest.com,Ines.Dekker@BiTermTest.com,Active,Employee,2019-09-23,,Financial Analyst,Finance,United States,Soren.Ferreira@BiTermTest.com
15355,Ines,Fofana,Ines.Fofana@BiTermTest.com,Ines.Fofana@BiTermTest.com,Active,Employee,2015-01-01,,Site Coordinator,Operations,United States,Tahira.Zammit@BiTermTest.com
13358,Ines,Jankowski,Ines.Jankowski@BiTermTest.com,Ines.Jankowski@BiTermTest.com,Active,Employee,2015-01-01,,Operations Supervisor,Operations,United States,OMoretti1@BiTermTest.com
25257,Ines,Joshi,Ines.Joshi@BiTermTest.com,Ines.Joshi@BiTermTest.com,Active,Employee,2004-12-01,,Operations Analyst,Operations,Canada,Cillian.Novikov@BiTermTest.com
42333,Ines,Kulkarni,Ines.Kulkarni@BiTermTest.com,Ines.Kulkarni@BiTermTest.com,Active,Contractor,2019-11-04,,GRC Analyst,Security,United States,Ilya.Wozniak@BiTermTest.com
73024815,Ines,Malhotra,Ines.Malhotra@BiTermTest.com,Ines.Malhotra@BiTermTest.com,Active,Employee,2022-02-14,,Systems Engineer,IT,United States,Daan.Uchida@BiTermTest.com
28999,Ines,Mifsud,Ines.Mifsud@BiTermTest.com,Ines.Mifsud@BiTermTest.com,Active,Employee,2007-03-12,,Physical Security Officer,Security,United States,Ming.Owusu@BiTermTest.com
22003,Ines,Ngo,Ines.Ngo@BiTermTest.com,Ines.Ngo@BiTermTest.com,Active,Employee,2008-09-02,,Platform Administrator,IT,United States,Eshan.Mulder@BiTermTest.com
73001481,Ines,Okonkwo,Ines.Okonkwo@BiTermTest.com,Ines.Okonkwo@BiTermTest.com,Ines Okonkwo,Employee,2020-02-17,,Fleet Maintenance Technician,Fleet,Canada,Hui.Amari@BiTermTest.com
22197,Ines,Pillai,Ines.Pillai@BiTermTest.com,Ines.Pillai@BiTermTest.com,Active,Employee,2007-04-16,,Operations Supervisor,Operations,United States,Beatriz.Khoury@BiTermTest.com
22157,Ines,Ricci,Ines.Ricci@BiTermTest.com,Ines.Ricci@BiTermTest.com,Active,Employee,2007-06-04,,Accounts Payable Clerk,Finance,United States,Chiara.Demir@BiTermTest.com
15301,Ines,Sokolov,Ines.Sokolov@BiTermTest.com,Ines.Sokolov@BiTermTest.com,Active,Employee,2021-07-19,,Operations Analyst,Operations,United States,Beatriz.Khoury@BiTermTest.com
10003122,Ines,Szymanski,Ines.Szymanski@BiTermTest.com,Ines.Szymanski@BiTermTest.com,Active,Employee,2014-10-13,,Accounts Payable Clerk,Finance,United States,Aylin.Mukherjee@BiTermTest.com
25145,Ines,Vosberg,Ines.Vosberg@BiTermTest.com,Ines.Vosberg@BiTermTest.com,Active,Employee,2010-05-26,,Fleet Planner,Fleet,United States,Aoife.Bosman@BiTermTest.com
14959,Ines,Vuong,Ines.Vuong@BiTermTest.com,Ines.Vuong@BiTermTest.com,Active,Employee,2015-01-01,,Sales Operations Analyst,Sales,Canada,Mateo.Pillai@BiTermTest.com
18705,Ines,Zammit,Ines.Zammit@BiTermTest.com,Ines.Zammit@BiTermTest.com,Active,Contractor,2016-08-22,,Account Support Lead,Customer Service,United States,Maialen.Jankowski@BiTermTest.com
42006,Ingrid,Almeida,Ingrid.Almeida@BiTermTest.com,Ingrid.Almeida@BiTermTest.com,Active,Employee,2019-10-14,,Physical Security Officer,Security,Canada,Anouk.Desta@BiTermTest.com
73050514,Ingrid,Banerjee,Ingrid.Banerjee@BiTermTest.com,Ingrid.Banerjee@BiTermTest.com,Active,Employee,2025-02-24,,Financial Analyst,Finance,United States,Teodora.Menon@BiTermTest.com
22873,Ingrid,Celik,Ingrid.Celik@BiTermTest.com,Ingrid.Celik@BiTermTest.com,Ingrid Celik,Contractor,2007-10-16,,Customer Care Associate,Customer Service,United States,Itzel.Piotrowski@BiTermTest.com
19167,Ingrid,Djordjevic,Ingrid.Djordjevic@BiTermTest.com,Ingrid.Djordjevic@BiTermTest.com,Active,Employee,2024-04-29,,Regional Sales Manager,Sales,United States,Piotr.Malhotra@BiTermTest.com
73013593,Ingrid,Duong,Ingrid.Duong@BiTermTest.com,Ingrid.Duong@BiTermTest.com,Active,Employee,2021-03-16,2035-12-31,GRC Analyst,Security,Canada,Teodora.Rossi@BiTermTest.com
73020859,Ingrid,Hendriks,Ingrid.Hendriks@BiTermTest.com,Ingrid.Hendriks@BiTermTest.com,Active,Employee,2021-09-27,,Fleet Maintenance Technician,Fleet,United States,Jeroen.Petrovic@BiTermTest.com
18778,Ingrid,Kilic,Ingrid.Kilic@BiTermTest.com,Ingrid.Kilic@BiTermTest.com,Active,Employee,2016-08-08,,Financial Analyst,Finance,United States,Astrid.Micallef@BiTermTest.com
73033890,Ingrid,Owusu,Ingrid.Owusu@BiTermTest.com,Ingrid.Owusu@BiTermTest.com,Active,Employee,2023-02-06,,Operations Analyst,Operations,Canada,Valentina.Kebede@BiTermTest.com
21610,Ingrid,Uchida,Ingrid.Uchida@BiTermTest.com,Ingrid.Uchida@BiTermTest.com,Active,Employee,2015-07-20,,HR Business Partner,Human Resources,United States,Cuauhtemoc.Kapoor@BiTermTest.com
73050497,Itzel,Amari,Itzel.Amari@BiTermTest.com,Itzel.Amari@BiTermTest.com,Active,Employee,2025-02-11,,HR Business Partner,Human Resources,United States,Xochitl.Wojcik@BiTermTest.com
27618,Itzel,Bui,Itzel.Bui@BiTermTest.com,Itzel.Bui@BiTermTest.com,Active,Employee,2015-04-13,,Customer Care Associate,Customer Service,United States,Maialen.Jankowski@BiTermTest.com
23607,Itzel,Desta,Itzel.Desta@BiTermTest.com,Itzel.Desta@BiTermTest.com,Active,Employee,2016-01-25,,Accounts Payable Clerk,Finance,United States,Cuauhtemoc.Zielinski@BiTermTest.com
30690,Itzel,Galea,Itzel.Galea@BiTermTest.com,Itzel.Galea@BiTermTest.com,Active,Employee,2017-04-10,,Customer Security Representative II CDL,Customer Service,United States,Tariq.Kobayashi@BiTermTest.com
12465,Itzel,Iyer,Itzel.Iyer@BiTermTest.com,Itzel.Iyer@BiTermTest.com,Active,Employee,2015-06-15,,Operations Analyst,Operations,United States,Cillian.Novikov@BiTermTest.com
73027828,Itzel,Kaminski,Itzel.Kaminski@BiTermTest.com,Itzel.Kaminski@BiTermTest.com,Active,Employee,2022-06-06,,Platform Administrator,IT,United States,Bjorn.Dabrowski@BiTermTest.com
10004559,Itzel,Kuroda,Itzel.Kuroda@BiTermTest.com,Itzel.Kuroda@BiTermTest.com,Active,Contractor,2011-12-26,,Financial Analyst,Finance,United States,Soren.Ferreira@BiTermTest.com
41790,Itzel,Maalouf,Itzel.Maalouf@BiTermTest.com,Itzel.Maalouf@BiTermTest.com,Active,Employee,2019-09-23,,Account Support Lead,Customer Service,Canada,Duc.Traore@BiTermTest.com
16128,Itzel,Malhotra,Itzel.Malhotra@BiTermTest.com,Itzel.Malhotra@BiTermTest.com,Active,Employee,2015-05-26,,Security Analyst,Security,United States,Parvin.Mekonnen@BiTermTest.com
30664,Itzel,Markovic,Itzel.Markovic@BiTermTest.com,Itzel.Markovic@BiTermTest.com,Active,Employee,2017-04-03,,Account Executive,Sales,United States,Elif.Jankowski@BiTermTest.com
73051399,Itzel,Mifsud,Itzel.Mifsud@BiTermTest.com,Itzel.Mifsud@BiTermTest.com,Active,Employee,2025-04-09,,Regional Sales Manager,Sales,United States,Bram.Aslan@BiTermTest.com
32674,Itzel,Piotrowski,Itzel.Piotrowski@BiTermTest.com,Itzel.Piotrowski@BiTermTest.com,Active,Employee,2017-08-21,,Account Support Lead,Customer Service,United States,Lorenzo.Kebede@BiTermTest.com
22450,Itzel,Zielinski,Itzel.Zielinski@BiTermTest.com,Itzel.Zielinski@BiTermTest.com,Active,Employee,2005-06-06,,Customer Security Representative II CDL,Customer Service,United States,Willem.Chopra@BiTermTest.com
73038146,Izaro,Bui,Izaro.Bui@BiTermTest.com,Izaro.Bui@BiTermTest.com,Active,Employee,2023-07-17,,Controller,Finance,United States,Fernanda.Rahal@BiTermTest.com
73045780,Izaro,Cardoso,Izaro.Cardoso@BiTermTest.com,Izaro.Cardoso@BiTermTest.com,Active,Employee,2024-08-12,,Benefits Analyst,Human Resources,United States,Xochitl.Wojcik@BiTermTest.com
73006563,Izaro,Kilic,Izaro.Kilic@BiTermTest.com,Izaro.Kilic@BiTermTest.com,Active,Employee,2020-08-31,,Operations Supervisor,Operations,United States,Dalia.Kozlowski@BiTermTest.com
29417,Izaro,Ndiaye,Izaro.Ndiaye@BiTermTest.com,Izaro.Ndiaye@BiTermTest.com,Active,Employee,2017-01-18,,Fleet Planner,Fleet,United States,Jeroen.Petrovic@BiTermTest.com
10004435,Izaro,Oliveira,Izaro.Oliveira@BiTermTest.com,Izaro.Oliveira@BiTermTest.com,Active,Employee,2002-06-10,,GRC Analyst,Security,United States,Eneko.Zielinski@BiTermTest.com
22112,Izaro,Sahin,Izaro.Sahin@BiTermTest.com,Izaro.Sahin@BiTermTest.com,Active,Employee,2006-07-17,,Physical Security Officer,Security,United States,Firuza.Mulder@BiTermTest.com
73022631,Izaro,Sowande,Izaro.Sowande@BiTermTest.com,Izaro.Sowande@BiTermTest.com,Active,Employee,2021-11-16,2026-11-16,Customer Security Representative II CDL,Customer Service,United States,Rafael.Kuroda@BiTermTest.com
19658,Izaro,Szymanski,Izaro.Szymanski@BiTermTest.com,Izaro.Szymanski@BiTermTest.com,Active,Employee,1994-06-13,,Regional Sales Manager,Sales,United States,Jing.Owusu@BiTermTest.com
27459,Izaro,Wozniak,Izaro.Wozniak@BiTermTest.com,Izaro.Wozniak@BiTermTest.com,Active,Employee,2005-05-23,,HR Business Partner,Human Resources,United States,Jisoo.Jeong@BiTermTest.com
41225,Janusz,Aksoy,Janusz.Aksoy@BiTermTest.com,Janusz.Aksoy@BiTermTest.com,Active,Employee,2019-08-12,,Platform Administrator,IT,United States,Daan.Uchida@BiTermTest.com
73020859,Janusz,Balogun,Janusz.Balogun@BiTermTest.com,Janusz.Balogun@BiTermTest.com,Active,Employee,2021-09-27,,Benefits Analyst,Human Resources,United States,Nemanja.Duong@BiTermTest.com
19492,Janusz,Farrugia,Janusz.Farrugia@BiTermTest.com,Janusz.Farrugia@BiTermTest.com,Active,Employee,2001-07-23,,Physical Security Officer,Security,Canada,Zainab.Holmgren@BiTermTest.com
22625,Janusz,Ferrari,Janusz.Ferrari@BiTermTest.com,Janusz.Ferrari@BiTermTest.com,Active,Employee,2008-07-14,,Account Support Lead,Customer Service,Canada,Lorenzo.Kebede@BiTermTest.com
73006547,Janusz,Ishikawa,Janusz.Ishikawa@BiTermTest.com,Janusz.Ishikawa@BiTermTest.com,Active,Employee,2020-08-10,,Customer Security Representative II CDL,Customer Service,United States,Tariq.Kobayashi@BiTermTest.com
19841,Janusz,Jankowski,Janusz.Jankowski@BiTermTest.com,Janusz.Jankowski@BiTermTest.com,Active,Employee,2015-03-16,,HR Business Partner,Human Resources,Canada,Henryk.Yamamoto@BiTermTest.com
18579,Janusz,Kwon,Janusz.Kwon@BiTermTest.com,Janusz.Kwon@BiTermTest.com,Active,Employee,2016-10-17,,Regional Sales Manager,Sales,Canada,Tariq.Borg@BiTermTest.com
26526,Janusz,Mazur,Janusz.Mazur@BiTermTest.com,Janusz.Mazur@BiTermTest.com,Active,Contractor,2013-07-15,,Regional Sales Manager,Sales,United States,Jisoo.Almeida@BiTermTest.com
24938,Janusz,Meijer,Janusz.Meijer@BiTermTest.com,Janusz.Meijer@BiTermTest.com,Active,Employee,2011-12-05,,Account Support Lead,Customer Service,United States,Rafael.Kuroda@BiTermTest.com
33199,Janusz,Mifsud,Janusz.Mifsud@BiTermTest.com,Janusz.Mifsud@BiTermTest.com,Active,Employee,2020-09-22,,Sales Operations Analyst,Sales,United States,Tariq.Borg@BiTermTest.com
24207,Janusz,Ricci,Janusz.Ricci@BiTermTest.com,Janusz.Ricci@BiTermTest.com,Active,Employee,2008-12-01,,Platform Administrator,IT,United States,Renata.Mukherjee@BiTermTest.com
73026251,Janusz,Szymanski,Janusz.Szymanski@BiTermTest.com,Janusz.Szymanski@BiTermTest.com,Active,Employee,2022-03-21,,Physical Security Officer,Security,United States,Lan.Vosberg@BiTermTest.com
36151,Janusz,Vosberg,Janusz.Vosberg@BiTermTest.com,Janusz.Vosberg@BiTermTest.com,Active,Employee,2018-06-25,,Site Coordinator,Operations,United States,Xiomara.Holmgren@BiTermTest.com
39146,Janusz,Yilmaz,Janusz.Yilmaz@BiTermTest.com,Janusz.Yilmaz@BiTermTest.com,Active,Employee,2019-02-25,,Systems Engineer,IT,United States,Gorka.Egorov@BiTermTest.com
22158,Jelani,Agarwal,Jelani.Agarwal@BiTermTest.com,Jelani.Agarwal@BiTermTest.com,Active,Employee,2006-09-25,,Platform Administrator,IT,Canada,Gorka.Egorov@BiTermTest.com
20262,Jelani,Aksoy,Jelani.Aksoy@BiTermTest.com,Jelani.Aksoy@BiTermTest.com,Active,Employee,2016-08-22,,Site Coordinator,Operations,United States,Bjorn.Barone@BiTermTest.com
20262,Jelani,Barbosa,Jelani.Barbosa@BiTermTest.com,Jelani.Barbosa@BiTermTest.com,Active,Employee,2016-08-22,,Benefits Analyst,Human Resources,United States,Yaretzi.Aslan@BiTermTest.com
73026633,Jelani,Gupta,Jelani.Gupta@BiTermTest.com,Jelani.Gupta@BiTermTest.com,Active,Employee,2022-03-28,,HR Business Partner,Human Resources,Canada,Cuauhtemoc.Kapoor@BiTermTest.com
25502,Jelani,Kilic,Jelani.Kilic@BiTermTest.com,Jelani.Kilic@BiTermTest.com,Active,Employee,2007-04-30,,Physical Security Officer,Security,United States,Chidi.Chopra@BiTermTest.com
15122,Jelani,Meijer,Jelani.Meijer@BiTermTest.com,Jelani.Meijer@BiTermTest.com,Active,Employee,2015-01-01,,Account Support Lead,Customer Service,United States,Duc.Traore@BiTermTest.com
73026712,Jelani,Moretti,Jelani.Moretti@BiTermTest.com,Jelani.Moretti@BiTermTest.com,Active,Contractor,2022-04-04,,Account Support Lead,Customer Service,United States,Eshan.Farrugia@BiTermTest.com
26860,Jelani,Mukherjee,Jelani.Mukherjee@BiTermTest.com,Jelani.Mukherjee@BiTermTest.com,Active,Employee,2009-08-03,,Physical Security Officer,Security,United States,Diego.Nakamura@BiTermTest.com
12005,Jelani,Nikolic,Jelani.Nikolic@BiTermTest.com,Jelani.Nikolic@BiTermTest.com,Active,Employee,2012-09-10,,Benefits Analyst,Human Resources,Canada,Rashida.Jankowski@BiTermTest.com
22157,Jelani,Petrovic,Jelani.Petrovic@BiTermTest.com,Jelani.Petrovic@BiTermTest.com,Active,Employee,2007-06-04,,Account Support Lead,Customer Service,United States,Anahi.Esposito@BiTermTest.com
19554,Jelani,Polat,Jelani.Polat@BiTermTest.com,Jelani.Polat@BiTermTest.com,Active,Employee,2001-01-29,,Physical Security Officer,Security,United States,Duc.Pham@BiTermTest.com
22568,Jelani,Reddy,Jelani.Reddy@BiTermTest.com,Jelani.Reddy@BiTermTest.com,Active,Employee,2010-01-04,,Operations Supervisor,Operations,Canada,Soren.Banerjee@BiTermTest.com
10007431,Jelani,Truong,Jelani.Truong@BiTermTest.com,Jelani.Truong@BiTermTest.com,Active,Employee,2019-07-01,,Fleet Planner,Fleet,United States,Petro.Attard@BiTermTest.com
73017579,Jelani,Uchida,Jelani.Uchida@BiTermTest.com,Jelani.Uchida@BiTermTest.com,Active,Employee,2021-07-12,,Controller,Finance,United States,Xochitl.Kapoor@BiTermTest.com
24647,Jelani,Vosberg,Jelani.Vosberg@BiTermTest.com,Jelani.Vosberg@BiTermTest.com,Active,Employee,2008-07-01,,Controller,Finance,Canada,Femi.Krawczyk@BiTermTest.com
30664,Jeroen,Asante,Jeroen.Asante@BiTermTest.com,Jeroen.Asante@BiTermTest.com,Active,Employee,2017-04-03,,Account Support Lead,Customer Service,Canada,Lorenzo.Kebede@BiTermTest.com
10005945,Jeroen,Camilleri,Jeroen.Camilleri@BiTermTest.com,Jeroen.Camilleri@BiTermTest.com,Active,Employee,2016-10-03,,Service Desk Analyst,IT,United States,Gorka.Egorov@BiTermTest.com
36149,Jeroen,Chopra,Jeroen.Chopra@BiTermTest.com,Jeroen.Chopra@BiTermTest.com,Active,Employee,2018-06-25,,HR Business Partner,Human Resources,United States,Yaretzi.Aslan@BiTermTest.com
10003678,Jeroen,Duong,Jeroen.Duong@BiTermTest.com,Jeroen.Duong@BiTermTest.com,Active,Employee,2004-07-12,,Sales Operations Analyst,Sales,United States,Elif.Jankowski@BiTermTest.com
24334,Jeroen,Grech,Jeroen.Grech@BiTermTest.com,Jeroen.Grech@BiTermTest.com,Jeroen Grech,Contractor,2012-05-21,,Financial Analyst,Finance,United States,Rohan.Chukwu@BiTermTest.com
22443,Jeroen,Hoang,Jeroen.Hoang@BiTermTest.com,Jeroen.Hoang@BiTermTest.com,Active,Employee,2006-01-31,,Regional Sales Manager,Sales,United States,Jisoo.Almeida@BiTermTest.com
23656,Jeroen,Kowalski,Jeroen.Kowalski@BiTermTest.com,Jeroen.Kowalski@BiTermTest.com,Active,Employee,2009-05-18,,Operations Analyst,Operations,United States,Ines.Fofana@BiTermTest.com
73020842,Jeroen,Kuroda,Jeroen.Kuroda@BiTermTest.com,Jeroen.Kuroda@BiTermTest.com,Active,Employee,2021-09-20,2035-12-31,Recruiter,Human Resources,United States,Iker.Lewandowski@BiTermTest.com
10002518,Jeroen,Micallef,Jeroen.Micallef@BiTermTest.com,Jeroen.Micallef@BiTermTest.com,Active,Employee,2013-09-02,,Operations Supervisor,Operations,Canada,Ngozi.Mehta@BiTermTest.com
19887,Jeroen,Petrovic,Jeroen.Petrovic@BiTermTest.com,Jeroen.Petrovic@BiTermTest.com,Active,Contractor,2015-02-23,,Fleet Planner,Fleet,United States,Tariq.Zammit@BiTermTest.com
10006832,Jeroen,Visser,Jeroen.Visser@BiTermTest.com,Jeroen.Visser@BiTermTest.com,Active,Contractor,2018-04-16,,Controller,Finance,United States,Vandana.Rahal@BiTermTest.com
73035517,Jeroen,Volkov,Jeroen.Volkov@BiTermTest.com,Jeroen.Volkov@BiTermTest.com,Active,Contractor,2025-07-14,,Benefits Analyst,Human Resources,United States,Mahmoud.Tesfaye@BiTermTest.com
24478,Jing,Azevedo,Jing.Azevedo@BiTermTest.com,Jing.Azevedo@BiTermTest.com,Active,Employee,2012-02-27,,Account Support Lead,Customer Service,United States,Eshan.Farrugia@BiTermTest.com
19630,Jing,Grech,Jing.Grech@BiTermTest.com,Jing.Grech@BiTermTest.com,Active,Employee,1997-04-14,,Fleet Maintenance Technician,Fleet,United States,Gorka.Celik@BiTermTest.com
41312,Jing,Hoang,Jing.Hoang@BiTermTest.com,Jing.Hoang@BiTermTest.com,Active,Employee,2019-08-19,,Accounts Payable Clerk,Finance,United States,Basim.Aydin@BiTermTest.com
33196,Jing,Jeong,Jing.Jeong@BiTermTest.com,Jing.Jeong@BiTermTest.com,Active,Employee,2017-09-29,,Financial Analyst,Finance,United States,Chiara.Demir@BiTermTest.com
22160,Jing,Kebede,Jing.Kebede@BiTermTest.com,Jing.Kebede@BiTermTest.com,Active,Employee,2000-03-27,,Physical Security Officer,Security,United States,Amaia.Dang@BiTermTest.com
73002235,Jing,Meijer,Jing.Meijer@BiTermTest.com,Jing.Meijer@BiTermTest.com,Active,Employee,2020-03-30,,Operations Analyst,Operations,United States,Lars.Boateng@BiTermTest.com
73050796,Jing,Menon,Jing.Menon@BiTermTest.com,Jing.Menon@BiTermTest.com,Active,Employee,2025-03-10,,Financial Analyst,Finance,United States,Chiara.Demir@BiTermTest.com
24820,Jing,Nair,Jing.Nair@BiTermTest.com,Jing.Nair@BiTermTest.com,Active,Employee,2008-10-06,,Security Analyst,Security,United States,Amaia.Yilmaz@BiTermTest.com
73051297,Jing,Owusu,Jing.Owusu@BiTermTest.com,Jing.Owusu@BiTermTest.com,Active,Contractor,2025-04-04,,Sales Operations Analyst,Sales,United States,Tariq.Borg@BiTermTest.com
73052349,Jing,Sakamoto,Jing.Sakamoto@BiTermTest.com,Jing.Sakamoto@BiTermTest.com,Active,Employee,2025-06-09,2026-06-26,Security Analyst,Security,United States,Jisoo.Menon@BiTermTest.com
73035679,Jing,Watanabe,Jing.Watanabe@BiTermTest.com,Jing.Watanabe@BiTermTest.com,Active,Contractor,2024-09-16,,Benefits Analyst,Human Resources,United States,Oksana.Haddad@BiTermTest.com
40807,Jisoo,Almeida,Jisoo.Almeida@BiTermTest.com,Jisoo.Almeida@BiTermTest.com,Active,Employee,2019-07-08,,Sales Operations Analyst,Sales,United States,Matteo.Malhotra@BiTermTest.com
41542,Jisoo,Boateng,Jisoo.Boateng@BiTermTest.com,Jisoo.Boateng@BiTermTest.com,Active,Employee,2019-09-09,,Account Executive,Sales,United States,Laleh.Kulkarni@BiTermTest.com
24151,Jisoo,Holmgren,Jisoo.Holmgren@BiTermTest.com,Jisoo.Holmgren@BiTermTest.com,Active,Employee,2012-08-31,,Financial Analyst,Finance,United States,Fernanda.Rahal@BiTermTest.com
22441,Jisoo,Jeong,Jisoo.Jeong@BiTermTest.com,Jisoo.Jeong@BiTermTest.com,Active,Employee,2006-02-06,,Benefits Analyst,Human Resources,United States,Mahmoud.Tesfaye@BiTermTest.com
19671,Jisoo,Kaminski,Jisoo.Kaminski@BiTermTest.com,Jisoo.Kaminski@BiTermTest.com,Active,Employee,2015-06-22,,Controller,Finance,Canada,Basim.Aydin@BiTermTest.com
73000813,Jisoo,Kocak,Jisoo.Kocak@BiTermTest.com,Jisoo.Kocak@BiTermTest.com,Active,Employee,2020-01-20,,Operations Analyst,Operations,United States,Soren.Banerjee@BiTermTest.com
73000149,Jisoo,Kozlowski,Jisoo.Kozlowski@BiTermTest.com,Jisoo.Kozlowski@BiTermTest.com,Active,Employee,2022-09-19,,Recruiter,Human Resources,United States,Nemanja.Duong@BiTermTest.com
38546,Jisoo,Menon,Jisoo.Menon@BiTermTest.com,Jisoo.Menon@BiTermTest.com,Active,Employee,2019-01-14,,Security Analyst,Security,United States,FDeshpande@BiTermTest.com
73015016,Jisoo,Moretti,Jisoo.Moretti@BiTermTest.com,Jisoo.Moretti@BiTermTest.com,Active,Employee,2021-05-17,,Operations Supervisor,Operations,United States,Kofi.Obiora@BiTermTest.com
13281,Jisoo,Rao,Jisoo.Rao@BiTermTest.com,Jisoo.Rao@BiTermTest.com,Active,Employee,2015-01-01,,Customer Care Associate,Customer Service,United States,Elzbieta.Amari@BiTermTest.com
73009395,Jisoo,Zammit,Jisoo.Zammit@BiTermTest.com,Jisoo.Zammit@BiTermTest.com,Active,Contractor,2020-11-09,,Controller,Finance,United States,Naoko.Jeong@BiTermTest.com
73052371,Joao,Axelsson,Joao.Axelsson@BiTermTest.com,Joao.Axelsson@BiTermTest.com,Active,Employee,2025-07-14,,Platform Administrator,IT,United States,Volkan.Engstrom@BiTermTest.com
37757,Joao,Azevedo,Joao.Azevedo@BiTermTest.com,Joao.Azevedo@BiTermTest.com,Active,Employee,2018-11-12,,Controller,Finance,United States,Feng.Gallo@BiTermTest.com
73025967,Joao,Girma,Joao.Girma@BiTermTest.com,Joao.Girma@BiTermTest.com,Active,Employee,2022-03-14,,HR Business Partner,Human Resources,United States,Yaretzi.Aslan@BiTermTest.com
26542,Joao,Hendriks,Joao.Hendriks@BiTermTest.com,Joao.Hendriks@BiTermTest.com,Active,Contractor,2013-04-29,,Operations Supervisor,Operations,Canada,Jovana.Baraka@BiTermTest.com
73011744,Joao,Novak,Joao.Novak@BiTermTest.com,Joao.Novak@BiTermTest.com,Active,Employee,2021-03-08,,Financial Analyst,Finance,United States,Sanne.Desta@BiTermTest.com
73001404,Joao,Nowak,Joao.Nowak@BiTermTest.com,Joao.Nowak@BiTermTest.com,Active,Employee,2020-02-10,,Fleet Planner,Fleet,United States,Ximena.Worku@BiTermTest.com
19856,Joao,Pham,Joao.Pham@BiTermTest.com,Joao.Pham@BiTermTest.com,Active,Employee,1995-01-31,,Account Support Lead,Customer Service,United States,Lorenzo.Kebede@BiTermTest.com
73034876,Joao,Pillai,Joao.Pillai@BiTermTest.com,Joao.Pillai@BiTermTest.com,Active,Employee,2023-03-20,,Service Desk Analyst,IT,United States,Bjorn.Dabrowski@BiTermTest.com
40486,Joao,Titov,Joao.Titov@BiTermTest.com,Joao.Titov@BiTermTest.com,Active,Employee,2019-06-10,,Systems Engineer,IT,United States,Sakura.Vuong@BiTermTest.com
14884,Joao,Trivedi,Joao.Trivedi@BiTermTest.com,Joao.Trivedi@BiTermTest.com,Active,Employee,2015-01-01,,Operations Supervisor,Operations,United States,Valentina.Kebede@BiTermTest.com
41747,Joao,Vella,Joao.Vella@BiTermTest.com,Joao.Vella@BiTermTest.com,Active,Employee,2019-09-23,,Account Support Lead,Customer Service,United States,Anahi.Esposito@BiTermTest.com
73037387,Joao,Yoon,Joao.Yoon@BiTermTest.com,Joao.Yoon@BiTermTest.com,Active,Employee,2023-06-12,,Operations Analyst,Operations,United States,Firuza.Bekele@BiTermTest.com
14883,Jovana,Babic,Jovana.Babic@BiTermTest.com,Jovana.Babic@BiTermTest.com,Active,Employee,2023-06-12,,Account Executive,Sales,United States,Mateo.Pillai@BiTermTest.com
73052394,Jovana,Baraka,Jovana.Baraka@BiTermTest.com,Jovana.Baraka@BiTermTest.com,Active,Employee,2025-06-10,2026-12-31,Operations Supervisor,Operations,Canada,Lars.Boateng@BiTermTest.com
73007258,Jovana,Boateng,Jovana.Boateng@BiTermTest.com,Jovana.Boateng@BiTermTest.com,Active,Contractor,2020-09-14,,Systems Engineer,IT,United States,Eshan.Mulder@BiTermTest.com
73002038,Jovana,Dang,Jovana.Dang@BiTermTest.com,Jovana.Dang@BiTermTest.com,Active,Employee,2020-03-09,,Fleet Planner,Fleet,United States,Gorka.Celik@BiTermTest.com
33111,Jovana,Fedorov,Jovana.Fedorov@BiTermTest.com,Jovana.Fedorov@BiTermTest.com,Active,Employee,2017-09-25,,Customer Care Associate,Customer Service,United States,Willem.Chopra@BiTermTest.com
73033874,Jovana,Ferrari,Jovana.Ferrari@BiTermTest.com,Jovana.Ferrari@BiTermTest.com,Active,Employee,2023-01-30,,Operations Analyst,Operations,United States,Lan.Micallef@BiTermTest.com
27843,Jovana,Fofana,Jovana.Fofana@BiTermTest.com,Jovana.Fofana@BiTermTest.com,Active,Employee,2015-11-02,,Systems Engineer,IT,Canada,Katya.Horvat@BiTermTest.com
14765,Jovana,Greco,Jovana.Greco@BiTermTest.com,Jovana.Greco@BiTermTest.com,Active,Contractor,2015-01-01,,Recruiter,Human Resources,United States,Ren.Mazur@BiTermTest.com
24671,Jovana,Kilic,Jovana.Kilic@BiTermTest.com,Jovana.Kilic@BiTermTest.com,Active,Employee,2008-05-12,,Accounts Payable Clerk,Finance,Canada,Xochitl.Kapoor@BiTermTest.com
73008925,Jovana,Menon,Jovana.Menon@BiTermTest.com,Jovana.Menon@BiTermTest.com,Active,Employee,2020-10-26,,Financial Analyst,Finance,United States,Chiara.Demir@BiTermTest.com
19816,Jovana,Mensah,Jovana.Mensah@BiTermTest.com,Jovana.Mensah@BiTermTest.com,Active,Employee,2020-10-26,,Customer Care Associate,Customer Service,United States,Beatriz.Sahin@BiTermTest.com
73034653,Jovana,Mifsud,Jovana.Mifsud@BiTermTest.com,Jovana.Mifsud@BiTermTest.com,Active,Employee,2023-02-27,,Account Support Lead,Customer Service,United States,Qasim.Engstrom@BiTermTest.com
35854,Jovana,Mulder,Jovana.Mulder@BiTermTest.com,Jovana.Mulder@BiTermTest.com,Active,Employee,2018-05-29,,Customer Care Associate,Customer Service,United States,Minh.Sakamoto@BiTermTest.com
10092,Jovana,Nair,Jovana.Nair@BiTermTest.com,Jovana.Nair@BiTermTest.com,Terminated,Employee,2017-03-27,2026-03-23,Financial Analyst,Finance,United States,Parvin.Mehta@BiTermTest.com
24663,Jovana,Nassar,Jovana.Nassar@BiTermTest.com,Jovana.Nassar@BiTermTest.com,Active,Employee,2009-04-27,,Physical Security Officer,Security,Canada,Amaia.Yilmaz@BiTermTest.com
22157,Jovana,Ribeiro,Jovana.Ribeiro@BiTermTest.com,Jovana.Ribeiro@BiTermTest.com,Active,Employee,2007-06-04,,Account Support Lead,Customer Service,United States,Naoko.Ferreira@BiTermTest.com
73023518,Jovana,Sowande,Jovana.Sowande@BiTermTest.com,Jovana.Sowande@BiTermTest.com,Active,Contractor,2021-12-27,,Fleet Maintenance Technician,Fleet,United States,Thiago.Barone@BiTermTest.com
73016110,Jovana,Vosberg,Jovana.Vosberg@BiTermTest.com,Jovana.Vosberg@BiTermTest.com,Active,Employee,2021-07-09,,Customer Care Associate,Customer Service,United States,Eshan.Farrugia@BiTermTest.com
22411,Jteixeira,User,JTeixeira@BiTermTest.com,JTeixeira@BiTermTest.com,Active,Employee,2006-03-13,,Accounts Payable Clerk,Finance,United States,Aylin.Mukherjee@BiTermTest.com
73000250,Kamal,Baraka,Kamal.Baraka@BiTermTest.com,Kamal.Baraka@BiTermTest.com,Active,Employee,2020-01-06,,Platform Administrator,IT,United States,Sigrid.Ndiaye@BiTermTest.com
10004388,Kamal,Carvalho,Kamal.Carvalho@BiTermTest.com,Kamal.Carvalho@BiTermTest.com,Active,Employee,2011-05-25,,Site Coordinator,Operations,United States,Beatriz.Khoury@BiTermTest.com
24119,Kamal,Hoshino,Kamal.Hoshino@BiTermTest.com,Kamal.Hoshino@BiTermTest.com,Active,Employee,2012-10-16,,Accounts Payable Clerk,Finance,United States,Basim.Aydin@BiTermTest.com
73025726,Kamal,Kaya,Kamal.Kaya@BiTermTest.com,Kamal.Kaya@BiTermTest.com,Active,Employee,2022-03-21,,Operations Supervisor,Operations,Canada,Priya.Ribeiro@BiTermTest.com
10001899,Kamal,Mifsud,Kamal.Mifsud@BiTermTest.com,Kamal.Mifsud@BiTermTest.com,Active,Contractor,2010-04-19,,Physical Security Officer,Security,United States,Unai.Nassar@BiTermTest.com
24478,Kamal,Mulder,Kamal.Mulder@BiTermTest.com,Kamal.Mulder@BiTermTest.com,Active,Employee,2012-02-27,,Account Executive,Sales,United States,Bram.Aslan@BiTermTest.com
20028,Kamal,Nassar,Kamal.Nassar@BiTermTest.com,Kamal.Nassar@BiTermTest.com,Retired,Employee,2001-10-01,2023-06-30,Regional Sales Manager,Sales,Canada,Tariq.Borg@BiTermTest.com
24674,Kamal,Ndiaye,Kamal.Ndiaye@BiTermTest.com,Kamal.Ndiaye@BiTermTest.com,Active,Employee,2013-06-28,,Account Executive,Sales,United States,Laleh.Bekele@BiTermTest.com
14835,Kamal,Petrov,Kamal.Petrov@BiTermTest.com,Kamal.Petrov@BiTermTest.com,Active,Employee,2014-09-29,,Customer Care Associate,Customer Service,Canada,Elzbieta.Amari@BiTermTest.com
10006812,Kamal,Polat,Kamal.Polat@BiTermTest.com,Kamal.Polat@BiTermTest.com,Active,Employee,2018-04-16,,Physical Security Officer,Security,United States,Ming.Owusu@BiTermTest.com
25502,Kamal,Rossi,Kamal.Rossi@BiTermTest.com,Kamal.Rossi@BiTermTest.com,Active,Employee,2007-04-30,,Regional Sales Manager,Sales,United States,Niamh.Rahal@BiTermTest.com
31387,Kamal,Saxena,Kamal.Saxena@BiTermTest.com,Kamal.Saxena@BiTermTest.com,Active,Employee,2017-05-01,,Recruiter,Human Resources,United States,Mahmoud.Tesfaye@BiTermTest.com
13787,Katya,Camara,Katya.Camara@BiTermTest.com,Katya.Camara@BiTermTest.com,Active,Employee,2015-01-01,,Security Analyst,Security,United States,Ming.Owusu@BiTermTest.com
23380,Katya,Dang,Katya.Dang@BiTermTest.com,Katya.Dang@BiTermTest.com,Active,Contractor,2007-02-19,,Operations Analyst,Operations,Canada,Anouk.Azevedo@BiTermTest.com
73012818,Katya,Horvat,Katya.Horvat@BiTermTest.com,Katya.Horvat@BiTermTest.com,Active,Employee,2021-03-08,,Platform Administrator,IT,United States,Renata.Mukherjee@BiTermTest.com
73041491,Katya,Ivanov,Katya.Ivanov@BiTermTest.com,Katya.Ivanov@BiTermTest.com,Active,Employee,2023-11-20,,Customer Care Associate,Customer Service,United States,Arjun.Forsberg@BiTermTest.com
25844,Katya,Khoury,Katya.Khoury@BiTermTest.com,Katya.Khoury@BiTermTest.com,Active,Employee,2016-12-05,,Site Coordinator,Operations,Canada,Hamid.Krawczyk@BiTermTest.com
36265,Katya,Kirigaya,Katya.Kirigaya@BiTermTest.com,Katya.Kirigaya@BiTermTest.com,Active,Employee,2018-07-09,,Account Executive,Sales,United States,Anwar.Axelsson@BiTermTest.com
73000229,Katya,Lewandowski,Katya.Lewandowski@BiTermTest.com,Katya.Lewandowski@BiTermTest.com,Active,Employee,2020-01-06,,HR Business Partner,Human Resources,United States,Cuauhtemoc.Kapoor@BiTermTest.com
73054201,Katya,Mulder,Katya.Mulder@BiTermTest.com,Katya.Mulder@BiTermTest.com,Active,Employee,2025-10-13,,Fleet Planner,Fleet,Canada,Ximena.Worku@BiTermTest.com
37397,Katya,Nair,Katya.Nair@BiTermTest.com,Katya.Nair@BiTermTest.com,Active,Employee,2018-10-15,,Operations Supervisor,Operations,United States,Bjorn.Barone@BiTermTest.com
26542,Katya,Novikov,Katya.Novikov@BiTermTest.com,Katya.Novikov@BiTermTest.com,Active,Contractor,2013-04-29,,Controller,Finance,United States,Chiara.Demir@BiTermTest.com
21277,Katya,Ricci,Katya.Ricci@BiTermTest.com,Katya.Ricci@BiTermTest.com,Active,Employee,2012-05-14,,Physical Security Officer,Security,United States,Lan.Vosberg@BiTermTest.com
10003021,Kavita,Afolabi,Kavita.Afolabi@BiTermTest.com,Kavita.Afolabi@BiTermTest.com,Active,Employee,2015-01-01,,GRC Analyst,Security,United States,Amaia.Diallo@BiTermTest.com
73018147,Kavita,Aksoy,Kavita.Aksoy@BiTermTest.com,Kavita.Aksoy@BiTermTest.com,Active,Employee,2021-07-26,,Customer Security Representative II CDL,Customer Service,United States,Arjun.Forsberg@BiTermTest.com
22450,Kavita,Baraka,Kavita.Baraka@BiTermTest.com,Kavita.Baraka@BiTermTest.com,Active,Employee,2005-06-06,,Financial Analyst,Finance,United States,Naoko.Jeong@BiTermTest.com
19382,Kavita,Hwang,Kavita.Hwang@BiTermTest.com,Kavita.Hwang@BiTermTest.com,Active,Employee,1989-03-06,,Systems Engineer,IT,United States,Nikolai.Ghanem@BiTermTest.com
11027,Kavita,Moretti,Kavita.Moretti@BiTermTest.com,Kavita.Moretti@BiTermTest.com,Active,Employee,2011-03-28,,Account Support Lead,Customer Service,United States,Lorenzo.Kebede@BiTermTest.com
73031582,Kavita,Sokolov,Kavita.Sokolov@BiTermTest.com,Kavita.Sokolov@BiTermTest.com,Active,Contractor,2022-11-16,,Recruiter,Human Resources,United States,Sanne.Khoury@BiTermTest.com
24334,Kavita,Worku,Kavita.Worku@BiTermTest.com,Kavita.Worku@BiTermTest.com,Kavita Worku,Employee,2012-05-21,,Fleet Planner,Fleet,United States,Hui.Amari@BiTermTest.com
195,Kenji,Attard,Kenji.Attard@BiTermTest.com,Kenji.Attard@BiTermTest.com,Active,Contractor,2012-05-14,,Account Support Lead,Customer Service,United States,Beatriz.Sahin@BiTermTest.com
10002387,Kenji,Borg,Kenji.Borg@BiTermTest.com,Kenji.Borg@BiTermTest.com,Active,Employee,2012-01-30,,Systems Engineer,IT,United States,Nikolai.Ghanem@BiTermTest.com
23314,Kenji,Cardoso,Kenji.Cardoso@BiTermTest.com,Kenji.Cardoso@BiTermTest.com,Active,Employee,2007-09-01,,Operations Analyst,Operations,United States,Lars.Boateng@BiTermTest.com
23708,Kenji,Mulder,Kenji.Mulder@BiTermTest.com,Kenji.Mulder@BiTermTest.com,Active,Employee,1995-12-07,,Customer Security Representative II CDL,Customer Service,United States,Anahi.Esposito@BiTermTest.com
73018147,Kenji,Pham,Kenji.Pham@BiTermTest.com,Kenji.Pham@BiTermTest.com,Active,Employee,2021-07-26,,Fleet Planner,Fleet,Canada,Yusuf.Kaminski@BiTermTest.com
41419,Kenji,Piotrowski,Kenji.Piotrowski@BiTermTest.com,Kenji.Piotrowski@BiTermTest.com,Active,Employee,2019-08-26,,Service Desk Analyst,IT,Canada,Deniz.Mulder@BiTermTest.com
19333,Kenji,Tesfaye,Kenji.Tesfaye@BiTermTest.com,Kenji.Tesfaye@BiTermTest.com,Active,Employee,2015-12-15,,Platform Administrator,IT,United States,Roisin.Hoshino@BiTermTest.com
10003795,Kenji,Visser,Kenji.Visser@BiTermTest.com,Kenji.Visser@BiTermTest.com,Active,Employee,2008-09-08,,Site Coordinator,Operations,Canada,Vandana.Forsberg@BiTermTest.com
19348,Kenji,Zielinski,Kenji.Zielinski@BiTermTest.com,Kenji.Zielinski@BiTermTest.com,Active,Employee,2004-04-01,,Site Coordinator,Operations,Canada,Ines.Fofana@BiTermTest.com
10005310,Kofi,Almeida,Kofi.Almeida@BiTermTest.com,Kofi.Almeida@BiTermTest.com,Active,Employee,2005-01-20,,Benefits Analyst,Human Resources,United States,Oksana.Haddad@BiTermTest.com
28168,Kofi,Asante,Kofi.Asante@BiTermTest.com,Kofi.Asante@BiTermTest.com,Active,Employee,2015-03-02,,HR Business Partner,Human Resources,United States,Citlali.Ngo@BiTermTest.com
10002971,Kofi,Bosman,Kofi.Bosman@BiTermTest.com,Kofi.Bosman@BiTermTest.com,Active,Employee,2015-01-01,,Recruiter,Human Resources,United States,Iker.Lewandowski@BiTermTest.com
25503,Kofi,Djordjevic,Kofi.Djordjevic@BiTermTest.com,Kofi.Djordjevic@BiTermTest.com,Active,Employee,2010-08-09,,Security Analyst,Security,United States,Parvin.Mekonnen@BiTermTest.com
73025110,Kofi,Farrugia,Kofi.Farrugia@BiTermTest.com,Kofi.Farrugia@BiTermTest.com,Active,Employee,2022-02-14,,Service Desk Analyst,IT,United States,Anwar.Attard@BiTermTest.com
20701,Kofi,Hoang,Kofi.Hoang@BiTermTest.com,Kofi.Hoang@BiTermTest.com,Active,Employee,2013-11-11,,HR Business Partner,Human Resources,United States,Iker.Lewandowski@BiTermTest.com
42488,Kofi,Iyer,Kofi.Iyer@BiTermTest.com,Kofi.Iyer@BiTermTest.com,Active,Employee,2019-11-11,,Fleet Maintenance Technician,Fleet,United States,Aoife.Bosman@BiTermTest.com
73019888,Kofi,Kaminski,Kofi.Kaminski@BiTermTest.com,Kofi.Kaminski@BiTermTest.com,Active,Employee,2021-09-20,,Route Driver,Fleet,Canada,Thiago.Barone@BiTermTest.com
28307,Kofi,Kebede,Kofi.Kebede@BiTermTest.com,Kofi.Kebede@BiTermTest.com,Active,Employee,2016-08-22,,Site Coordinator,Operations,United States,Priya.Ribeiro@BiTermTest.com
19338,Kofi,Lemma,Kofi.Lemma@BiTermTest.com,Kofi.Lemma@BiTermTest.com,Active,Employee,2004-04-19,,Fleet Planner,Fleet,United States,Aoife.Bosman@BiTermTest.com
19830,Kofi,Maalouf,Kofi.Maalouf@BiTermTest.com,Kofi.Maalouf@BiTermTest.com,Active,Employee,2001-07-30,,Account Executive,Sales,United States,Jing.Owusu@BiTermTest.com
13058,Kofi,Obiora,Kofi.Obiora@BiTermTest.com,Kofi.Obiora@BiTermTest.com,Active,Employee,2015-01-01,,Operations Supervisor,Operations,United States,Vandana.Forsberg@BiTermTest.com
73023876,Kofi,Yilmaz,Kofi.Yilmaz@BiTermTest.com,Kofi.Yilmaz@BiTermTest.com,Active,Employee,2022-01-10,,Sales Operations Analyst,Sales,United States,Jisoo.Almeida@BiTermTest.com
73024030,Laleh,Aydin,Laleh.Aydin@BiTermTest.com,Laleh.Aydin@BiTermTest.com,Active,Employee,2022-01-17,,Sales Operations Analyst,Sales,United States,Rashida.Polat@BiTermTest.com
19344,Laleh,Barbosa,Laleh.Barbosa@BiTermTest.com,Laleh.Barbosa@BiTermTest.com,Active,Employee,2004-04-02,,Customer Care Associate,Customer Service,United States,Tomasz.Ozturk@BiTermTest.com
19656,Laleh,Bekele,Laleh.Bekele@BiTermTest.com,Laleh.Bekele@BiTermTest.com,Active,Employee,2000-09-06,,Account Executive,Sales,United States,Laleh.Kulkarni@BiTermTest.com
73051935,Laleh,Boateng,Laleh.Boateng@BiTermTest.com,Laleh.Boateng@BiTermTest.com,Active,Contractor,2025-05-13,2027-12-31,Account Executive,Sales,United States,Rashida.Polat@BiTermTest.com
21671,Laleh,Conti,Laleh.Conti@BiTermTest.com,Laleh.Conti@BiTermTest.com,Active,Employee,2010-10-25,,Platform Administrator,IT,United States,Thabo.Hwang@BiTermTest.com
73034613,Laleh,Demir,Laleh.Demir@BiTermTest.com,Laleh.Demir@BiTermTest.com,Active,Employee,2023-03-13,,Physical Security Officer,Security,United States,Diego.Nakamura@BiTermTest.com
22148,Laleh,Fujimoto,Laleh.Fujimoto@BiTermTest.com,Laleh.Fujimoto@BiTermTest.com,Active,Employee,1998-06-29,,HR Business Partner,Human Resources,United States,Iker.Lewandowski@BiTermTest.com
73031840,Laleh,Kulkarni,Laleh.Kulkarni@BiTermTest.com,Laleh.Kulkarni@BiTermTest.com,Active,Employee,2022-11-28,,Account Executive,Sales,Canada,Piotr.Malhotra@BiTermTest.com
25503,Laleh,Okonkwo,Laleh.Okonkwo@BiTermTest.com,Laleh.Okonkwo@BiTermTest.com,Active,Employee,2010-08-09,,Customer Security Representative II CDL,Customer Service,United States,Naoko.Ferreira@BiTermTest.com
73012436,Laleh,Sandberg,Laleh.Sandberg@BiTermTest.com,Laleh.Sandberg@BiTermTest.com,Active,Employee,2021-02-15,,Systems Engineer,IT,United States,Thabo.Hwang@BiTermTest.com
73046850,Lan,Amari,Lan.Amari@BiTermTest.com,Lan.Amari@BiTermTest.com,Active,Employee,2024-10-01,,HR Business Partner,Human Resources,United States,Xochitl.Wojcik@BiTermTest.com
10006157,Lan,Bekele,Lan.Bekele@BiTermTest.com,Lan.Bekele@BiTermTest.com,Active,Employee,2017-02-06,,Benefits Analyst,Human Resources,United States,Cuauhtemoc.Kapoor@BiTermTest.com
38294,Lan,Borg,Lan.Borg@BiTermTest.com,Lan.Borg@BiTermTest.com,Active,Employee,2018-12-17,,Physical Security Officer,Security,United States,Ilya.Wozniak@BiTermTest.com
73024081,Lan,Fujimoto,Lan.Fujimoto@BiTermTest.com,Lan.Fujimoto@BiTermTest.com,Active,Employee,2022-01-11,,Platform Administrator,IT,United States,Volkan.Engstrom@BiTermTest.com
25844,Lan,Greco,Lan.Greco@BiTermTest.com,Lan.Greco@BiTermTest.com,Active,Employee,2016-12-05,,HR Business Partner,Human Resources,United States,Oksana.Haddad@BiTermTest.com
73052068,Lan,Ivanov,Lan.Ivanov@BiTermTest.com,Lan.Ivanov@BiTermTest.com,Active,Employee,2025-05-21,2027-12-31,Systems Engineer,IT,United States,Mahmoud.Worku@BiTermTest.com
73005831,Lan,Lindqvist,Lan.Lindqvist@BiTermTest.com,Lan.Lindqvist@BiTermTest.com,Active,Employee,2020-06-29,,Route Driver,Fleet,United States,Alessandro.Vandenberg@BiTermTest.com
27890,Lan,Marino,Lan.Marino@BiTermTest.com,Lan.Marino@BiTermTest.com,Active,Employee,2016-05-16,,Security Analyst,Security,United States,Diego.Nakamura@BiTermTest.com
73034036,Lan,Micallef,Lan.Micallef@BiTermTest.com,Lan.Micallef@BiTermTest.com,Active,Contractor,2023-02-01,2028-01-09,Operations Analyst,Operations,United States,Priya.Ribeiro@BiTermTest.com
73037421,Lan,Mulder,Lan.Mulder@BiTermTest.com,Lan.Mulder@BiTermTest.com,Active,Employee,2023-06-12,,Site Coordinator,Operations,United States,Bjorn.Barone@BiTermTest.com
73054190,Lan,Nystrom,Lan.Nystrom@BiTermTest.com,Lan.Nystrom@BiTermTest.com,Active,Employee,2025-10-27,,Operations Supervisor,Operations,United States,Rafael.Kozlowski@BiTermTest.com
37060,Lan,Saliba,Lan.Saliba@BiTermTest.com,Lan.Saliba@BiTermTest.com,Active,Employee,2018-09-17,,Controller,Finance,United States,Deniz.Marino@BiTermTest.com
21390,Lan,Vosberg,Lan.Vosberg@BiTermTest.com,Lan.Vosberg@BiTermTest.com,Active,Employee,2022-05-09,,Physical Security Officer,Security,United States,Ilya.Wozniak@BiTermTest.com
24467,Lan,Yoon,Lan.Yoon@BiTermTest.com,Lan.Yoon@BiTermTest.com,Active,Employee,2014-03-03,,Service Desk Analyst,IT,United States,Anwar.Attard@BiTermTest.com
24946,Lars,Aksoy,Lars.Aksoy@BiTermTest.com,Lars.Aksoy@BiTermTest.com,Active,Employee,2011-12-05,,Fleet Planner,Fleet,United States,Yusuf.Kaminski@BiTermTest.com
39115,Lars,Azevedo,Lars.Azevedo@BiTermTest.com,Lars.Azevedo@BiTermTest.com,Active,Employee,2019-02-25,,Recruiter,Human Resources,United States,Xochitl.Wojcik@BiTermTest.com
24245,Lars,Boateng,Lars.Boateng@BiTermTest.com,Lars.Boateng@BiTermTest.com,Active,Employee,2012-06-18,,Operations Analyst,Operations,United States,Dalia.Kozlowski@BiTermTest.com
14549,Lars,Camilleri,Lars.Camilleri@BiTermTest.com,Lars.Camilleri@BiTermTest.com,Active,Employee,2015-01-01,,Security Analyst,Security,United States,Gita.Meijer@BiTermTest.com
27413,Lars,Fofana,Lars.Fofana@BiTermTest.com,Lars.Fofana@BiTermTest.com,Active,Employee,1993-10-18,,Account Executive,Sales,United States,Laleh.Kulkarni@BiTermTest.com
20461,Lars,Greco,Lars.Greco@BiTermTest.com,Lars.Greco@BiTermTest.com,Active,Employee,2016-09-26,,Sales Operations Analyst,Sales,United States,Anwar.Axelsson@BiTermTest.com
73007258,Lars,Kaminski,Lars.Kaminski@BiTermTest.com,Lars.Kaminski@BiTermTest.com,Active,Employee,2020-09-14,,Benefits Analyst,Human Resources,United States,Yaretzi.Aslan@BiTermTest.com
190,Lars,Kaya,Lars.Kaya@BiTermTest.com,Lars.Kaya@BiTermTest.com,Active,Employee,2001-07-12,,Operations Analyst,Operations,United States,Priya.Ribeiro@BiTermTest.com
10003030,Lars,Meijer,Lars.Meijer@BiTermTest.com,Lars.Meijer@BiTermTest.com,Active,Employee,2014-08-05,,Operations Analyst,Operations,Canada,Bjorn.Barone@BiTermTest.com
22112,Lars,Sakamoto,Lars.Sakamoto@BiTermTest.com,Lars.Sakamoto@BiTermTest.com,Active,Employee,2006-07-17,,Security Analyst,Security,United States,Diego.Nakamura@BiTermTest.com
73037421,Lars,Stojanovic,Lars.Stojanovic@BiTermTest.com,Lars.Stojanovic@BiTermTest.com,Active,Employee,2023-06-12,,Operations Analyst,Operations,United States,Xiomara.Holmgren@BiTermTest.com
39763,Lars,Trivedi,Lars.Trivedi@BiTermTest.com,Lars.Trivedi@BiTermTest.com,Active,Employee,2019-04-15,,Account Executive,Sales,United States,Laleh.Bekele@BiTermTest.com
24497,Leila,Arslan,Leila.Arslan@BiTermTest.com,Leila.Arslan@BiTermTest.com,Active,Employee,2014-03-31,,Sales Operations Analyst,Sales,United States,Matteo.Malhotra@BiTermTest.com
19887,Leila,Chukwu,Leila.Chukwu@BiTermTest.com,Leila.Chukwu@BiTermTest.com,Active,Employee,2015-02-23,,Sales Operations Analyst,Sales,United States,Laleh.Kulkarni@BiTermTest.com
73050418,Leila,Dabrowski,Leila.Dabrowski@BiTermTest.com,Leila.Dabrowski@BiTermTest.com,Active,Employee,2025-02-06,,Fleet Planner,Fleet,Canada,Sanne.Iyer@BiTermTest.com
73043921,Leila,Engstrom,Leila.Engstrom@BiTermTest.com,Leila.Engstrom@BiTermTest.com,Active,Employee,2024-04-08,,Account Support Lead,Customer Service,United States,Elzbieta.Amari@BiTermTest.com
26770,Leila,Ezeani,Leila.Ezeani@BiTermTest.com,Leila.Ezeani@BiTermTest.com,Active,Employee,2014-06-02,,Fleet Planner,Fleet,United States,Petro.Attard@BiTermTest.com
73051396,Leila,Ferreira,Leila.Ferreira@BiTermTest.com,Leila.Ferreira@BiTermTest.com,Active,Employee,2025-04-09,,Physical Security Officer,Security,Canada,Eneko.Zielinski@BiTermTest.com
73031418,Leila,Forsberg,Leila.Forsberg@BiTermTest.com,Leila.Forsberg@BiTermTest.com,Active,Employee,2022-11-14,,Platform Administrator,IT,United States,Diego.Azevedo@BiTermTest.com
10004870,Leila,Jeong,Leila.Jeong@BiTermTest.com,Leila.Jeong@BiTermTest.com,Active,Employee,2006-02-24,,Service Desk Analyst,IT,United States,Maialen.Sleiman@BiTermTest.com
19424,Leila,Kaya,Leila.Kaya@BiTermTest.com,Leila.Kaya@BiTermTest.com,Active,Employee,2003-11-24,,Security Analyst,Security,United States,Lars.Sakamoto@BiTermTest.com
14549,Leila,Mazur,Leila.Mazur@BiTermTest.com,Leila.Mazur@BiTermTest.com,Active,Employee,2015-01-01,,Financial Analyst,Finance,United States,Deniz.Marino@BiTermTest.com
22913,Leila,Mulder,Leila.Mulder@BiTermTest.com,Leila.Mulder@BiTermTest.com,Active,Employee,2005-10-17,,Regional Sales Manager,Sales,Canada,Mateo.Pillai@BiTermTest.com
27511,Leila,Okonkwo,Leila.Okonkwo@BiTermTest.com,Leila.Okonkwo@BiTermTest.com,Active,Employee,2005-11-07,,Sales Operations Analyst,Sales,United States,Elif.Jankowski@BiTermTest.com
33126,Leila,Saliba,Leila.Saliba@BiTermTest.com,Leila.Saliba@BiTermTest.com,Active,Employee,2017-09-25,,Accounts Payable Clerk,Finance,United States,Astrid.Micallef@BiTermTest.com
73012883,Leila,Wojcik,Leila.Wojcik@BiTermTest.com,Leila.Wojcik@BiTermTest.com,Active,Employee,2021-02-22,,Recruiter,Human Resources,United States,Sanne.Khoury@BiTermTest.com
13333,Linh,Abebe,Linh.Abebe@BiTermTest.com,Linh.Abebe@BiTermTest.com,Active,Employee,2015-01-01,,Physical Security Officer,Security,United States,Lan.Vosberg@BiTermTest.com
73038926,Linh,Aydin,Linh.Aydin@BiTermTest.com,Linh.Aydin@BiTermTest.com,Active,Employee,2023-08-22,,Benefits Analyst,Human Resources,United States,Nemanja.Duong@BiTermTest.com
14884,Linh,Borg,Linh.Borg@BiTermTest.com,Linh.Borg@BiTermTest.com,Active,Employee,2015-01-01,,Security Analyst,Security,United States,Amaia.Dang@BiTermTest.com
26093,Linh,Cardoso,Linh.Cardoso@BiTermTest.com,Linh.Cardoso@BiTermTest.com,Active,Employee,2014-05-12,,Accounts Payable Clerk,Finance,United States,Femi.Krawczyk@BiTermTest.com
22003,Linh,Haile,Linh.Haile@BiTermTest.com,Linh.Haile@BiTermTest.com,Active,Contractor,2008-09-02,,GRC Analyst,Security,United States,Chidi.Chopra@BiTermTest.com
73002122,Linh,Ivanov,Linh.Ivanov@BiTermTest.com,Linh.Ivanov@BiTermTest.com,Active,Employee,2020-03-09,,Operations Supervisor,Operations,United States,Soren.Banerjee@BiTermTest.com
27890,Linh,Kirigaya,Linh.Kirigaya@BiTermTest.com,Linh.Kirigaya@BiTermTest.com,Active,Employee,2016-05-16,,Sales Operations Analyst,Sales,Canada,Volkan.Kocak@BiTermTest.com
73013831,Linh,Malhotra,Linh.Malhotra@BiTermTest.com,Linh.Malhotra@BiTermTest.com,Active,Employee,2021-04-05,,HR Business Partner,Human Resources,United States,Henryk.Yamamoto@BiTermTest.com
25617,Linh,Mulder,Linh.Mulder@BiTermTest.com,Linh.Mulder@BiTermTest.com,Active,Employee,2014-09-08,,Operations Supervisor,Operations,United States,Lars.Boateng@BiTermTest.com
26085,Linh,Rossi,Linh.Rossi@BiTermTest.com,Linh.Rossi@BiTermTest.com,Active,Employee,2014-05-05,,GRC Analyst,Security,United States,Ilya.Wozniak@BiTermTest.com
23826,Linh,Saxena,Linh.Saxena@BiTermTest.com,Linh.Saxena@BiTermTest.com,Active,Employee,2009-02-23,,Physical Security Officer,Security,Canada,Anwar.Fedorov@BiTermTest.com
28262,Lorenzo,Amari,Lorenzo.Amari@BiTermTest.com,Lorenzo.Amari@BiTermTest.com,Active,Employee,2021-12-13,,Fleet Maintenance Technician,Fleet,United States,Mei.Ozturk@BiTermTest.com
25291,Lorenzo,Bekele,Lorenzo.Bekele@BiTermTest.com,Lorenzo.Bekele@BiTermTest.com,Terminated,Employee,2013-11-04,2026-03-13,Customer Care Associate,Customer Service,United States,Rafael.Kuroda@BiTermTest.com
19672,Lorenzo,Bhattacharya,Lorenzo.Bhattacharya@BiTermTest.com,Lorenzo.Bhattacharya@BiTermTest.com,Active,Employee,2000-07-31,,Recruiter,Human Resources,United States,Iker.Lewandowski@BiTermTest.com
27531,Lorenzo,Borg,Lorenzo.Borg@BiTermTest.com,Lorenzo.Borg@BiTermTest.com,Active,Employee,2000-09-18,,GRC Analyst,Security,Canada,Ming.Owusu@BiTermTest.com
7061,Lorenzo,Deshpande,Lorenzo.Deshpande@BiTermTest.com,Lorenzo.Deshpande@BiTermTest.com,Active,Employee,2003-03-17,,Financial Analyst,Finance,United States,Rohan.Chukwu@BiTermTest.com
73033890,Lorenzo,Fujimoto,Lorenzo.Fujimoto@BiTermTest.com,Lorenzo.Fujimoto@BiTermTest.com,Active,Employee,2023-02-06,,Operations Supervisor,Operations,Canada,Rafael.Kozlowski@BiTermTest.com
73005979,Lorenzo,Gupta,Lorenzo.Gupta@BiTermTest.com,Lorenzo.Gupta@BiTermTest.com,Active,Employee,2020-07-13,,Benefits Analyst,Human Resources,Canada,Yaretzi.Aslan@BiTermTest.com
73031423,Lorenzo,Hoang,Lorenzo.Hoang@BiTermTest.com,Lorenzo.Hoang@BiTermTest.com,Active,Employee,2022-11-01,,Customer Care Associate,Customer Service,United States,Maialen.Jankowski@BiTermTest.com
73047133,Lorenzo,Kebede,Lorenzo.Kebede@BiTermTest.com,Lorenzo.Kebede@BiTermTest.com,Active,Employee,2024-11-11,,Account Support Lead,Customer Service,United States,Duc.Traore@BiTermTest.com
73013593,Lorenzo,Malhotra,Lorenzo.Malhotra@BiTermTest.com,Lorenzo.Malhotra@BiTermTest.com,Active,Contractor,2021-03-16,2035-12-31,Regional Sales Manager,Sales,United States,Laleh.Bekele@BiTermTest.com
10553,Lorenzo,Marino,Lorenzo.Marino@BiTermTest.com,Lorenzo.Marino@BiTermTest.com,Active,Employee,2010-06-28,,Fleet Maintenance Technician,Fleet,United States,Thiago.Barone@BiTermTest.com
25461,Lorenzo,Micallef,Lorenzo.Micallef@BiTermTest.com,Lorenzo.Micallef@BiTermTest.com,Active,Employee,2010-09-20,,Security Analyst,Security,United States,Chidi.Chopra@BiTermTest.com
10007448,Lorenzo,Obiora,Lorenzo.Obiora@BiTermTest.com,Lorenzo.Obiora@BiTermTest.com,Active,Employee,2019-07-09,,Service Desk Analyst,IT,United States,Ren.Desta@BiTermTest.com
21912,Lorenzo,Rahal,Lorenzo.Rahal@BiTermTest.com,Lorenzo.Rahal@BiTermTest.com,Active,Contractor,2011-11-14,,Financial Analyst,Finance,Canada,Astrid.Fofana@BiTermTest.com
14884,Lorenzo,Rossi,Lorenzo.Rossi@BiTermTest.com,Lorenzo.Rossi@BiTermTest.com,Active,Employee,2015-01-01,,Account Executive,Sales,United States,Tariq.Borg@BiTermTest.com
73032485,Lorenzo,Tesfaye,Lorenzo.Tesfaye@BiTermTest.com,Lorenzo.Tesfaye@BiTermTest.com,Active,Employee,2022-12-21,,Site Coordinator,Operations,United States,Jovana.Baraka@BiTermTest.com
14476,Lotte,Aksoy,Lotte.Aksoy@BiTermTest.com,Lotte.Aksoy@BiTermTest.com,Active,Contractor,2015-01-01,,HR Business Partner,Human Resources,United States,Mahmoud.Tesfaye@BiTermTest.com
23502,Lotte,Deluca,Lotte.Deluca@BiTermTest.com,Lotte.Deluca@BiTermTest.com,Active,Employee,2007-01-29,,Controller,Finance,United States,Cuauhtemoc.Zielinski@BiTermTest.com
73018147,Lotte,Ferreira,Lotte.Ferreira@BiTermTest.com,Lotte.Ferreira@BiTermTest.com,Active,Employee,2021-07-26,,GRC Analyst,Security,United States,Lan.Vosberg@BiTermTest.com
31589,Lotte,Malhotra,Lotte.Malhotra@BiTermTest.com,Lotte.Malhotra@BiTermTest.com,Active,Contractor,2017-05-22,,Service Desk Analyst,IT,United States,Bjorn.Dabrowski@BiTermTest.com
19672,Lotte,Meijer,Lotte.Meijer@BiTermTest.com,Lotte.Meijer@BiTermTest.com,Active,Employee,2000-07-31,,HR Business Partner,Human Resources,United States,Nemanja.Duong@BiTermTest.com
23228,Lotte,Micallef,Lotte.Micallef@BiTermTest.com,Lotte.Micallef@BiTermTest.com,Active,Employee,2005-05-30,,Operations Supervisor,Operations,United States,Roisin.Kozlowski@BiTermTest.com
37874,Lotte,Nassar,Lotte.Nassar@BiTermTest.com,Lotte.Nassar@BiTermTest.com,Active,Employee,2018-11-19,,Customer Security Representative II CDL,Customer Service,Canada,Lorenzo.Kebede@BiTermTest.com
11987,Lotte,Novak,Lotte.Novak@BiTermTest.com,Lotte.Novak@BiTermTest.com,Active,Employee,2012-08-27,,Fleet Maintenance Technician,Fleet,United States,Teodora.Jankowski@BiTermTest.com
20941,Lotte,Petrov,Lotte.Petrov@BiTermTest.com,Lotte.Petrov@BiTermTest.com,Active,Employee,2013-06-17,,Operations Analyst,Operations,United States,Bjorn.Barone@BiTermTest.com
19775,Lotte,Uchida,Lotte.Uchida@BiTermTest.com,Lotte.Uchida@BiTermTest.com,Active,Employee,2019-05-13,,Fleet Maintenance Technician,Fleet,United States,Amara.Sleiman@BiTermTest.com
21763,Lucia,Bui,Lucia.Bui@BiTermTest.com,Lucia.Bui@BiTermTest.com,Active,Employee,2010-02-26,,Regional Sales Manager,Sales,Canada,Matteo.Malhotra@BiTermTest.com
71006550,Lucia,Chatterjee,Lucia.Chatterjee@BiTermTest.com,Lucia.Chatterjee@BiTermTest.com,Active,Employee,2015-09-21,,Sales Operations Analyst,Sales,Canada,Elif.Jankowski@BiTermTest.com
73025234,Lucia,Duong,Lucia.Duong@BiTermTest.com,Lucia.Duong@BiTermTest.com,Active,Employee,2022-03-07,,Operations Supervisor,Operations,United States,Valentina.Kebede@BiTermTest.com
73005979,Lucia,Esposito,Lucia.Esposito@BiTermTest.com,Lucia.Esposito@BiTermTest.com,Active,Employee,2020-07-13,,Benefits Analyst,Human Resources,United States,Oksana.Haddad@BiTermTest.com
10006606,Lucia,Hoang,Lucia.Hoang@BiTermTest.com,Lucia.Hoang@BiTermTest.com,Active,Employee,2017-10-23,,Systems Engineer,IT,United States,Bjorn.Dabrowski@BiTermTest.com
73002248,Lucia,Kwon,Lucia.Kwon@BiTermTest.com,Lucia.Kwon@BiTermTest.com,Active,Employee,2020-02-17,,Physical Security Officer,Security,United States,Anouk.Desta@BiTermTest.com
73051705,Lucia,Nair,Lucia.Nair@BiTermTest.com,Lucia.Nair@BiTermTest.com,Active,Employee,2025-04-30,,Financial Analyst,Finance,United States,Parvin.Wisniewski@BiTermTest.com
73010605,Lucia,Obiora,Lucia.Obiora@BiTermTest.com,Lucia.Obiora@BiTermTest.com,Active,Employee,2020-12-28,,Site Coordinator,Operations,Canada,Vandana.Forsberg@BiTermTest.com
73022992,Lucia,Rao,Lucia.Rao@BiTermTest.com,Lucia.Rao@BiTermTest.com,Active,Employee,2021-12-08,,Account Support Lead,Customer Service,Canada,Willem.Chopra@BiTermTest.com
73044494,Lucia,Saxena,Lucia.Saxena@BiTermTest.com,Lucia.Saxena@BiTermTest.com,Active,Employee,2024-05-13,,Systems Engineer,IT,United States,Diego.Azevedo@BiTermTest.com
73034368,Lucia,Takahashi,Lucia.Takahashi@BiTermTest.com,Lucia.Takahashi@BiTermTest.com,Active,Employee,2023-03-13,,Regional Sales Manager,Sales,United States,Mateo.Pillai@BiTermTest.com
27004,Lucia,Wojcik,Lucia.Wojcik@BiTermTest.com,Lucia.Wojcik@BiTermTest.com,Active,Employee,2008-09-02,,Benefits Analyst,Human Resources,Canada,Ren.Mazur@BiTermTest.com
73034036,Mahmoud,Afolabi,Mahmoud.Afolabi@BiTermTest.com,Mahmoud.Afolabi@BiTermTest.com,Active,Contractor,2023-02-01,2028-01-09,Operations Supervisor,Operations,United States,Kofi.Obiora@BiTermTest.com
10005804,Mahmoud,Bae,Mahmoud.Bae@BiTermTest.com,Mahmoud.Bae@BiTermTest.com,Active,Employee,2016-07-18,,Site Coordinator,Operations,United States,Nemanja.Nikolic@BiTermTest.com
18563,Mahmoud,Bergstrom,Mahmoud.Bergstrom@BiTermTest.com,Mahmoud.Bergstrom@BiTermTest.com,Active,Employee,2016-10-03,,GRC Analyst,Security,Canada,Ming.Owusu@BiTermTest.com
73026251,Mahmoud,Bui,Mahmoud.Bui@BiTermTest.com,Mahmoud.Bui@BiTermTest.com,Active,Employee,2022-03-21,,Recruiter,Human Resources,United States,Mahmoud.Tesfaye@BiTermTest.com
10007616,Mahmoud,Deluca,Mahmoud.Deluca@BiTermTest.com,Mahmoud.Deluca@BiTermTest.com,Active,Employee,2019-11-18,,Account Support Lead,Customer Service,Canada,Anahi.Esposito@BiTermTest.com
27523,Mahmoud,Demir,Mahmoud.Demir@BiTermTest.com,Mahmoud.Demir@BiTermTest.com,Active,Employee,1999-08-30,,Fleet Planner,Fleet,United States,Hui.Amari@BiTermTest.com
73005979,Mahmoud,Engstrom,Mahmoud.Engstrom@BiTermTest.com,Mahmoud.Engstrom@BiTermTest.com,Active,Employee,2020-07-13,,Fleet Planner,Fleet,United States,Sanne.Iyer@BiTermTest.com
10003591,Mahmoud,Galea,Mahmoud.Galea@BiTermTest.com,Mahmoud.Galea@BiTermTest.com,Active,Employee,2012-12-17,,Systems Engineer,IT,United States,Ren.Desta@BiTermTest.com
23810,Mahmoud,Haddad,Mahmoud.Haddad@BiTermTest.com,Mahmoud.Haddad@BiTermTest.com,Active,Employee,2009-03-30,,Security Analyst,Security,United States,Duc.Pham@BiTermTest.com
73051600,Mahmoud,Horvat,Mahmoud.Horvat@BiTermTest.com,Mahmoud.Horvat@BiTermTest.com,Active,Employee,2025-05-12,,GRC Analyst,Security,United States,Teodora.Rossi@BiTermTest.com
73013421,Mahmoud,Khoury,Mahmoud.Khoury@BiTermTest.com,Mahmoud.Khoury@BiTermTest.com,Active,Employee,2021-03-29,,Fleet Maintenance Technician,Fleet,United States,Petro.Attard@BiTermTest.com
37954,Mahmoud,Nakamura,Mahmoud.Nakamura@BiTermTest.com,Mahmoud.Nakamura@BiTermTest.com,Active,Employee,2018-11-26,,Platform Administrator,IT,United States,Anwar.Attard@BiTermTest.com
73053478,Mahmoud,Rahal,Mahmoud.Rahal@BiTermTest.com,Mahmoud.Rahal@BiTermTest.com,Active,Employee,2025-08-25,2027-12-31,Sales Operations Analyst,Sales,United States,Laleh.Kulkarni@BiTermTest.com
19388,Mahmoud,Reddy,Mahmoud.Reddy@BiTermTest.com,Mahmoud.Reddy@BiTermTest.com,Active,Employee,2000-12-18,,Financial Analyst,Finance,United States,Chiara.Demir@BiTermTest.com
73039277,Mahmoud,Ribeiro,Mahmoud.Ribeiro@BiTermTest.com,Mahmoud.Ribeiro@BiTermTest.com,Active,Employee,2023-09-05,,Route Driver,Fleet,United States,Aoife.Bosman@BiTermTest.com
18706,Mahmoud,Teixeira,Mahmoud.Teixeira@BiTermTest.com,Mahmoud.Teixeira@BiTermTest.com,Terminated,Employee,2016-08-15,2026-03-23,Fleet Maintenance Technician,Fleet,Canada,Amara.Sleiman@BiTermTest.com
22574,Mahmoud,Tesfaye,Mahmoud.Tesfaye@BiTermTest.com,Mahmoud.Tesfaye@BiTermTest.com,Active,Contractor,2010-04-12,,Benefits Analyst,Human Resources,United States,Rashida.Jankowski@BiTermTest.com
37008,Mahmoud,Worku,Mahmoud.Worku@BiTermTest.com,Mahmoud.Worku@BiTermTest.com,Active,Employee,2018-09-10,,Platform Administrator,IT,United States,Katya.Horvat@BiTermTest.com
73047523,Mahmoud,Yilmaz,Mahmoud.Yilmaz@BiTermTest.com,Mahmoud.Yilmaz@BiTermTest.com,Active,Employee,2024-11-11,,Regional Sales Manager,Sales,United States,Rashida.Polat@BiTermTest.com
24961,Maialen,Aydin,Maialen.Aydin@BiTermTest.com,Maialen.Aydin@BiTermTest.com,Active,Employee,2010-02-15,,Sales Operations Analyst,Sales,United States,Matteo.Malhotra@BiTermTest.com
73039377,Maialen,Barbosa,Maialen.Barbosa@BiTermTest.com,Maialen.Barbosa@BiTermTest.com,Active,Employee,2023-08-25,2035-12-31,Recruiter,Human Resources,United States,Yaretzi.Aslan@BiTermTest.com
26824,Maialen,Chopra,Maialen.Chopra@BiTermTest.com,Maialen.Chopra@BiTermTest.com,Active,Employee,2010-02-02,,Platform Administrator,IT,United States,Deniz.Mulder@BiTermTest.com
27004,Maialen,Grech,Maialen.Grech@BiTermTest.com,Maialen.Grech@BiTermTest.com,Active,Employee,2008-09-02,,Customer Security Representative II CDL,Customer Service,United States,Duc.Traore@BiTermTest.com
24066,Maialen,Jankowski,Maialen.Jankowski@BiTermTest.com,Maialen.Jankowski@BiTermTest.com,Active,Employee,2015-06-08,,Account Support Lead,Customer Service,United States,Duc.Traore@BiTermTest.com
25496,Maialen,Mifsud,Maialen.Mifsud@BiTermTest.com,Maialen.Mifsud@BiTermTest.com,Active,Employee,2008-01-28,,Customer Security Representative II CDL,Customer Service,Canada,Lorenzo.Kebede@BiTermTest.com
28791,Maialen,Morozov,Maialen.Morozov@BiTermTest.com,Maialen.Morozov@BiTermTest.com,Active,Employee,2016-05-16,,Customer Care Associate,Customer Service,United States,Elzbieta.Amari@BiTermTest.com
73051919,Maialen,Ndiaye,Maialen.Ndiaye@BiTermTest.com,Maialen.Ndiaye@BiTermTest.com,Active,Employee,2025-05-13,2027-12-31,Service Desk Analyst,IT,United States,Volkan.Engstrom@BiTermTest.com
25404,Maialen,Obiora,Maialen.Obiora@BiTermTest.com,Maialen.Obiora@BiTermTest.com,Active,Employee,1992-09-01,,HR Business Partner,Human Resources,United States,Iker.Lewandowski@BiTermTest.com
73032761,Maialen,Owusu,Maialen.Owusu@BiTermTest.com,Maialen.Owusu@BiTermTest.com,Active,Employee,2023-01-09,,Benefits Analyst,Human Resources,United States,Henryk.Yamamoto@BiTermTest.com
73029199,Maialen,Sleiman,Maialen.Sleiman@BiTermTest.com,Maialen.Sleiman@BiTermTest.com,Active,Employee,2022-09-06,,Service Desk Analyst,IT,United States,Emre.Kobayashi@BiTermTest.com
22188,Maialen,Volkov,Maialen.Volkov@BiTermTest.com,Maialen.Volkov@BiTermTest.com,Active,Employee,1995-04-01,,Sales Operations Analyst,Sales,Canada,Mateo.Pillai@BiTermTest.com
22003,Maite,Banerjee,Maite.Banerjee@BiTermTest.com,Maite.Banerjee@BiTermTest.com,Active,Employee,2008-09-02,,Physical Security Officer,Security,United States,Parvin.Mekonnen@BiTermTest.com
37330,Maite,Celik,Maite.Celik@BiTermTest.com,Maite.Celik@BiTermTest.com,Active,Employee,2018-10-08,,Benefits Analyst,Human Resources,United States,Mahmoud.Tesfaye@BiTermTest.com
12022,Maite,Chukwu,Maite.Chukwu@BiTermTest.com,Maite.Chukwu@BiTermTest.com,Active,Employee,2012-09-10,,HR Business Partner,Human Resources,United States,Elzbieta.Barone@BiTermTest.com
73041476,Maite,Dahlberg,Maite.Dahlberg@BiTermTest.com,Maite.Dahlberg@BiTermTest.com,Active,Employee,2023-11-14,2026-04-15,Customer Care Associate,Customer Service,United States,Duc.Joshi@BiTermTest.com
73051297,Maite,Demir,Maite.Demir@BiTermTest.com,Maite.Demir@BiTermTest.com,Active,Employee,2025-04-04,,Operations Analyst,Operations,Canada,Ines.Fofana@BiTermTest.com
10003987,Maite,Ferreira,Maite.Ferreira@BiTermTest.com,Maite.Ferreira@BiTermTest.com,Active,Employee,2015-05-11,,Physical Security Officer,Security,United States,Marisol.Asante@BiTermTest.com
27555,Maite,Forsberg,Maite.Forsberg@BiTermTest.com,Maite.Forsberg@BiTermTest.com,Active,Employee,2000-06-15,,HR Business Partner,Human Resources,United States,Rashida.Jankowski@BiTermTest.com
30690,Maite,Galea,Maite.Galea@BiTermTest.com,Maite.Galea@BiTermTest.com,Active,Employee,2017-04-10,,Accounts Payable Clerk,Finance,United States,Gorka.Desta@BiTermTest.com
19296,Maite,Gallo,Maite.Gallo@BiTermTest.com,Maite.Gallo@BiTermTest.com,Maite Gallo,Employee,2004-07-12,,Controller,Finance,United States,Parvin.Wisniewski@BiTermTest.com
18355,Maite,Iyer,Maite.Iyer@BiTermTest.com,Maite.Iyer@BiTermTest.com,Active,Employee,1987-03-09,,Fleet Planner,Fleet,United States,Amara.Sleiman@BiTermTest.com
35645,Maite,Kobayashi,Maite.Kobayashi@BiTermTest.com,Maite.Kobayashi@BiTermTest.com,Active,Employee,2018-05-07,,Accounts Payable Clerk,Finance,United States,Fernanda.Rahal@BiTermTest.com
34690,Maite,Kovac,Maite.Kovac@BiTermTest.com,Maite.Kovac@BiTermTest.com,Active,Employee,2018-02-08,,Sales Operations Analyst,Sales,United States,Bram.Aslan@BiTermTest.com
27985,Maite,Marino,Maite.Marino@BiTermTest.com,Maite.Marino@BiTermTest.com,Active,Employee,2015-06-22,,Service Desk Analyst,IT,United States,Daan.Uchida@BiTermTest.com
22003,Maite,Obiora,Maite.Obiora@BiTermTest.com,Maite.Obiora@BiTermTest.com,Active,Employee,2008-09-02,,Controller,Finance,United States,Sanne.Desta@BiTermTest.com
73034115,Maite,Ohtani,Maite.Ohtani@BiTermTest.com,Maite.Ohtani@BiTermTest.com,Active,Employee,2023-02-07,,Benefits Analyst,Human Resources,United States,Henryk.Yamamoto@BiTermTest.com
21209,Maite,Sahin,Maite.Sahin@BiTermTest.com,Maite.Sahin@BiTermTest.com,Active,Employee,2012-11-26,,Physical Security Officer,Security,Canada,Anwar.Fedorov@BiTermTest.com
73026523,Maite,Titov,Maite.Titov@BiTermTest.com,Maite.Titov@BiTermTest.com,Active,Employee,2022-04-14,,Customer Care Associate,Customer Service,United States,Beatriz.Haile@BiTermTest.com
73000045,Maite,Trivedi,Maite.Trivedi@BiTermTest.com,Maite.Trivedi@BiTermTest.com,Active,Employee,2019-12-16,,Benefits Analyst,Human Resources,United States,Sanne.Khoury@BiTermTest.com
23524,Marisol,Amari,Marisol.Amari@BiTermTest.com,Marisol.Amari@BiTermTest.com,Active,Employee,2007-01-12,,Sales Operations Analyst,Sales,Canada,Mateo.Pillai@BiTermTest.com
10006953,Marisol,Asante,Marisol.Asante@BiTermTest.com,Marisol.Asante@BiTermTest.com,Active,Employee,2018-06-18,,Physical Security Officer,Security,United States,Meera.Rossi@BiTermTest.com
73024982,Marisol,Banerjee,Marisol.Banerjee@BiTermTest.com,Marisol.Banerjee@BiTermTest.com,Active,Employee,2022-02-11,,Physical Security Officer,Security,United States,Lan.Vosberg@BiTermTest.com
73018728,Marisol,Bui,Marisol.Bui@BiTermTest.com,Marisol.Bui@BiTermTest.com,Active,Employee,2021-08-12,,Operations Analyst,Operations,United States,Roisin.Kozlowski@BiTermTest.com
42071,Marisol,Hendriks,Marisol.Hendriks@BiTermTest.com,Marisol.Hendriks@BiTermTest.com,Active,Employee,2019-10-21,,Controller,Finance,United States,Ingrid.Banerjee@BiTermTest.com
13333,Marisol,Ngo,Marisol.Ngo@BiTermTest.com,Marisol.Ngo@BiTermTest.com,Active,Employee,2015-01-01,,Customer Security Representative II CDL,Customer Service,United States,Duc.Traore@BiTermTest.com
10002829,Marisol,Oliveira,Marisol.Oliveira@BiTermTest.com,Marisol.Oliveira@BiTermTest.com,Active,Employee,2018-06-18,,Regional Sales Manager,Sales,Canada,Mateo.Pillai@BiTermTest.com
36265,Marisol,Orlov,Marisol.Orlov@BiTermTest.com,Marisol.Orlov@BiTermTest.com,Active,Employee,2018-07-09,,Platform Administrator,IT,Canada,Bjorn.Dabrowski@BiTermTest.com
7935,Marisol,Petrovic,Marisol.Petrovic@BiTermTest.com,Marisol.Petrovic@BiTermTest.com,Active,Employee,2014-10-06,,Operations Supervisor,Operations,United States,Jovana.Baraka@BiTermTest.com
30432,Marisol,Visser,Marisol.Visser@BiTermTest.com,Marisol.Visser@BiTermTest.com,Active,Employee,2017-03-21,,Fleet Maintenance Technician,Fleet,United States,Willem.Kuroda@BiTermTest.com
24956,Marta,Adeyemi,Marta.Adeyemi@BiTermTest.com,Marta.Adeyemi@BiTermTest.com,Active,Employee,2011-11-28,,Site Coordinator,Operations,United States,Valentina.Kebede@BiTermTest.com
20072,Marta,Cardoso,Marta.Cardoso@BiTermTest.com,Marta.Cardoso@BiTermTest.com,Active,Employee,2000-08-28,,Route Driver,Fleet,Canada,Teodora.Jankowski@BiTermTest.com
37938,Marta,Carvalho,Marta.Carvalho@BiTermTest.com,Marta.Carvalho@BiTermTest.com,Active,Employee,2018-11-26,,Controller,Finance,United States,Parvin.Mehta@BiTermTest.com
73019129,Marta,Devries,Marta.Devries@BiTermTest.com,Marta.Devries@BiTermTest.com,Active,Employee,2021-09-07,,GRC Analyst,Security,Canada,Anouk.Desta@BiTermTest.com
22645,Marta,Grech,Marta.Grech@BiTermTest.com,Marta.Grech@BiTermTest.com,Active,Employee,2008-07-01,,Accounts Payable Clerk,Finance,United States,Astrid.Micallef@BiTermTest.com
21944,Marta,Obiora,Marta.Obiora@BiTermTest.com,Marta.Obiora@BiTermTest.com,Active,Employee,2012-06-11,,HR Business Partner,Human Resources,United States,Cuauhtemoc.Kapoor@BiTermTest.com
22294,Marta,Petrovic,Marta.Petrovic@BiTermTest.com,Marta.Petrovic@BiTermTest.com,Active,Employee,2001-06-07,,Regional Sales Manager,Sales,United States,Mateo.Pillai@BiTermTest.com
32390,Marta,Seo,Marta.Seo@BiTermTest.com,Marta.Seo@BiTermTest.com,Terminated,Employee,2017-07-24,2026-03-23,HR Business Partner,Human Resources,United States,Rashida.Jankowski@BiTermTest.com
10005205,Marta,Sowande,Marta.Sowande@BiTermTest.com,Marta.Sowande@BiTermTest.com,Active,Employee,2014-08-11,,Site Coordinator,Operations,United States,Kofi.Obiora@BiTermTest.com
10006076,Marta,Wojcik,Marta.Wojcik@BiTermTest.com,Marta.Wojcik@BiTermTest.com,Active,Employee,2016-12-12,,Operations Supervisor,Operations,United States,Rafael.Kozlowski@BiTermTest.com
25592,Mateo,Banerjee,Mateo.Banerjee@BiTermTest.com,Mateo.Banerjee@BiTermTest.com,Active,Contractor,2008-12-01,,Platform Administrator,IT,United States,Daan.Uchida@BiTermTest.com
33877,Mateo,Farrugia,Mateo.Farrugia@BiTermTest.com,Mateo.Farrugia@BiTermTest.com,Active,Employee,2017-12-04,,GRC Analyst,Security,United States,Duc.Pham@BiTermTest.com
22047,Mateo,Fonseca,Mateo.Fonseca@BiTermTest.com,Mateo.Fonseca@BiTermTest.com,Active,Employee,2008-05-12,,Service Desk Analyst,IT,United States,Xiu.Carvalho@BiTermTest.com
22589,Mateo,Galea,Mateo.Galea@BiTermTest.com,Mateo.Galea@BiTermTest.com,Active,Contractor,2008-07-28,,Operations Supervisor,Operations,United States,Jovana.Baraka@BiTermTest.com
73027508,Mateo,Kebede,Mateo.Kebede@BiTermTest.com,Mateo.Kebede@BiTermTest.com,Active,Employee,2022-04-27,,Customer Care Associate,Customer Service,United States,Duc.Traore@BiTermTest.com
73028721,Mateo,Kwon,Mateo.Kwon@BiTermTest.com,Mateo.Kwon@BiTermTest.com,Active,Employee,2022-07-05,,Systems Engineer,IT,United States,Gorka.Egorov@BiTermTest.com
73010418,Mateo,Obiora,Mateo.Obiora@BiTermTest.com,Mateo.Obiora@BiTermTest.com,Active,Employee,2020-12-28,,Systems Engineer,IT,Canada,Hana.Borg@BiTermTest.com
19480,Mateo,Pillai,Mateo.Pillai@BiTermTest.com,Mateo.Pillai@BiTermTest.com,Active,Employee,1995-08-13,,Account Executive,Sales,United States,Volkan.Kocak@BiTermTest.com
24204,Mateo,Seo,Mateo.Seo@BiTermTest.com,Mateo.Seo@BiTermTest.com,Active,Employee,2012-11-26,,Financial Analyst,Finance,United States,Fernanda.Rahal@BiTermTest.com
33196,Mateo,Volkov,Mateo.Volkov@BiTermTest.com,Mateo.Volkov@BiTermTest.com,Active,Employee,2017-09-29,,Platform Administrator,IT,United States,Deniz.Mulder@BiTermTest.com
27523,Mateo,Worku,Mateo.Worku@BiTermTest.com,Mateo.Worku@BiTermTest.com,Active,Employee,1999-08-30,,Platform Administrator,IT,United States,Deniz.Mulder@BiTermTest.com
73014244,Mateo,Zammit,Mateo.Zammit@BiTermTest.com,Mateo.Zammit@BiTermTest.com,Active,Employee,2021-04-19,,Benefits Analyst,Human Resources,Canada,Iker.Lewandowski@BiTermTest.com
25458,Matteo,Dogan,Matteo.Dogan@BiTermTest.com,Matteo.Dogan@BiTermTest.com,Active,Employee,2007-01-22,,Account Executive,Sales,United States,Laleh.Bekele@BiTermTest.com
22441,Matteo,Esposito,Matteo.Esposito@BiTermTest.com,Matteo.Esposito@BiTermTest.com,Active,Employee,2006-02-06,,Regional Sales Manager,Sales,United States,Rashida.Polat@BiTermTest.com
21610,Matteo,Fofana,Matteo.Fofana@BiTermTest.com,Matteo.Fofana@BiTermTest.com,Active,Employee,2015-07-20,,Systems Engineer,IT,United States,Sigrid.Ndiaye@BiTermTest.com
35556,Matteo,Jankowski,Matteo.Jankowski@BiTermTest.com,Matteo.Jankowski@BiTermTest.com,Active,Employee,2018-04-30,,Platform Administrator,IT,United States,Emre.Kobayashi@BiTermTest.com
73003324,Matteo,Malhotra,Matteo.Malhotra@BiTermTest.com,Matteo.Malhotra@BiTermTest.com,Active,Employee,2020-04-06,2026-12-31,Sales Operations Analyst,Sales,United States,Tariq.Borg@BiTermTest.com
10003081,Matteo,Oliveira,Matteo.Oliveira@BiTermTest.com,Matteo.Oliveira@BiTermTest.com,Active,Employee,2014-09-02,,Site Coordinator,Operations,United States,Xiomara.Holmgren@BiTermTest.com
25602,Matteo,Pham,Matteo.Pham@BiTermTest.com,Matteo.Pham@BiTermTest.com,Active,Contractor,2009-01-26,,Operations Analyst,Operations,United States,Hamid.Krawczyk@BiTermTest.com
73014365,Matteo,Sakamoto,Matteo.Sakamoto@BiTermTest.com,Matteo.Sakamoto@BiTermTest.com,Active,Employee,2021-04-26,,Accounts Payable Clerk,Finance,United States,Deniz.Marino@BiTermTest.com
27527,Matteo,Seo,Matteo.Seo@BiTermTest.com,Matteo.Seo@BiTermTest.com,Active,Employee,1991-09-23,,Controller,Finance,Canada,Basim.Aydin@BiTermTest.com
21059,Matteo,Volkov,Matteo.Volkov@BiTermTest.com,Matteo.Volkov@BiTermTest.com,Active,Employee,2012-12-27,,Account Executive,Sales,United States,Mateo.Pillai@BiTermTest.com
73052904,Matteo,Wisniewski,Matteo.Wisniewski@BiTermTest.com,Matteo.Wisniewski@BiTermTest.com,Active,Employee,2025-07-16,2027-12-31,Account Executive,Sales,United States,Jing.Owusu@BiTermTest.com
27215,Meera,Egorov,Meera.Egorov@BiTermTest.com,Meera.Egorov@BiTermTest.com,Active,Contractor,2012-12-03,,Site Coordinator,Operations,United States,Nemanja.Nikolic@BiTermTest.com
10001967,Meera,Fofana,Meera.Fofana@BiTermTest.com,Meera.Fofana@BiTermTest.com,Active,Contractor,2010-07-26,,Regional Sales Manager,Sales,United States,Piotr.Malhotra@BiTermTest.com
21208,Meera,Ghanem,Meera.Ghanem@BiTermTest.com,Meera.Ghanem@BiTermTest.com,Active,Employee,2013-08-26,,Systems Engineer,IT,United States,Bjorn.Dabrowski@BiTermTest.com
10001879,Meera,Haile,Meera.Haile@BiTermTest.com,Meera.Haile@BiTermTest.com,Active,Employee,2010-03-15,,Operations Supervisor,Operations,United States,Katya.Nair@BiTermTest.com
27004,Meera,Marino,Meera.Marino@BiTermTest.com,Meera.Marino@BiTermTest.com,Active,Employee,2008-09-02,,Benefits Analyst,Human Resources,United States,Elzbieta.Barone@BiTermTest.com
24618,Meera,Mehta,Meera.Mehta@BiTermTest.com,Meera.Mehta@BiTermTest.com,Active,Employee,2011-12-19,,Physical Security Officer,Security,Canada,Naoko.Desai@BiTermTest.com
27935,Meera,Micallef,Meera.Micallef@BiTermTest.com,Meera.Micallef@BiTermTest.com,Active,Employee,2015-10-05,,Route Driver,Fleet,Canada,Sanne.Iyer@BiTermTest.com
73028677,Meera,Obiora,Meera.Obiora@BiTermTest.com,Meera.Obiora@BiTermTest.com,Active,Employee,2022-07-06,,Accounts Payable Clerk,Finance,United States,Quang.Jankowski@BiTermTest.com
18865,Meera,Rossi,Meera.Rossi@BiTermTest.com,Meera.Rossi@BiTermTest.com,Active,Employee,2016-06-27,,Security Analyst,Security,United States,Unai.Nassar@BiTermTest.com
13471,Meera,Sahin,Meera.Sahin@BiTermTest.com,Meera.Sahin@BiTermTest.com,Active,Employee,2015-01-01,,GRC Analyst,Security,United States,Amaia.Diallo@BiTermTest.com
10004062,Meera,Stojanovic,Meera.Stojanovic@BiTermTest.com,Meera.Stojanovic@BiTermTest.com,Active,Employee,2010-12-23,,Controller,Finance,Canada,Quang.Jankowski@BiTermTest.com
73002235,Meera,Vandenberg,Meera.Vandenberg@BiTermTest.com,Meera.Vandenberg@BiTermTest.com,Active,Employee,2020-03-30,,Customer Security Representative II CDL,Customer Service,United States,Rafael.Kuroda@BiTermTest.com
73051937,Meera,Wojcik,Meera.Wojcik@BiTermTest.com,Meera.Wojcik@BiTermTest.com,Active,Employee,2025-05-13,2027-12-31,Regional Sales Manager,Sales,United States,Matteo.Malhotra@BiTermTest.com
73000222,Mei,Camilleri,Mei.Camilleri@BiTermTest.com,Mei.Camilleri@BiTermTest.com,Active,Employee,2020-01-06,,GRC Analyst,Security,United States,Chidi.Chopra@BiTermTest.com
73030660,Mei,Cassar,Mei.Cassar@BiTermTest.com,Mei.Cassar@BiTermTest.com,Active,Employee,2022-09-21,2026-12-31,GRC Analyst,Security,Canada,Amaia.Dang@BiTermTest.com
32578,Mei,Conti,Mei.Conti@BiTermTest.com,Mei.Conti@BiTermTest.com,Active,Employee,2017-08-07,,GRC Analyst,Security,United States,Firuza.Mulder@BiTermTest.com
73029375,Mei,Demir,Mei.Demir@BiTermTest.com,Mei.Demir@BiTermTest.com,Active,Contractor,2022-08-22,,GRC Analyst,Security,United States,Ming.Owusu@BiTermTest.com
23862,Mei,Deshpande,Mei.Deshpande@BiTermTest.com,Mei.Deshpande@BiTermTest.com,Active,Employee,2011-03-21,,Platform Administrator,IT,United States,Daan.Uchida@BiTermTest.com
27639,Mei,Esposito,Mei.Esposito@BiTermTest.com,Mei.Esposito@BiTermTest.com,Active,Employee,2004-11-29,,Customer Security Representative II CDL,Customer Service,Canada,Naoko.Ferreira@BiTermTest.com
73035306,Mei,Horvat,Mei.Horvat@BiTermTest.com,Mei.Horvat@BiTermTest.com,Active,Contractor,2023-03-27,2035-12-31,Sales Operations Analyst,Sales,United States,Laleh.Bekele@BiTermTest.com
37948,Mei,Lindqvist,Mei.Lindqvist@BiTermTest.com,Mei.Lindqvist@BiTermTest.com,Active,Employee,2018-11-26,,GRC Analyst,Security,United States,Duc.Pham@BiTermTest.com
73002741,Mei,Malhotra,Mei.Malhotra@BiTermTest.com,Mei.Malhotra@BiTermTest.com,Active,Employee,2021-06-04,2026-12-31,Physical Security Officer,Security,United States,Ines.Kulkarni@BiTermTest.com
10003957,Mei,Mulder,Mei.Mulder@BiTermTest.com,Mei.Mulder@BiTermTest.com,Active,Employee,2009-04-13,,Controller,Finance,United States,Vandana.Rahal@BiTermTest.com
20297,Mei,Nassar,Mei.Nassar@BiTermTest.com,Mei.Nassar@BiTermTest.com,Active,Employee,2000-05-01,,Operations Supervisor,Operations,Canada,Xiomara.Holmgren@BiTermTest.com
73039997,Mei,Nystrom,Mei.Nystrom@BiTermTest.com,Mei.Nystrom@BiTermTest.com,Active,Contractor,2023-10-05,,Accounts Payable Clerk,Finance,United States,Soren.Ferreira@BiTermTest.com
73036697,Mei,Ozturk,Mei.Ozturk@BiTermTest.com,Mei.Ozturk@BiTermTest.com,Active,Contractor,2023-04-24,2035-12-31,Fleet Planner,Fleet,Canada,Alessandro.Vandenberg@BiTermTest.com
73055727,Mikkel,Attard,Mikkel.Attard@BiTermTest.com,Mikkel.Attard@BiTermTest.com,Active,Employee,2026-02-27,2027-02-27,Route Driver,Fleet,Canada,Teodora.Jankowski@BiTermTest.com
21559,Mikkel,Boateng,Mikkel.Boateng@BiTermTest.com,Mikkel.Boateng@BiTermTest.com,Active,Employee,2011-04-04,,Customer Security Representative II CDL,Customer Service,United States,Minh.Sakamoto@BiTermTest.com
19320,Mikkel,Haile,Mikkel.Haile@BiTermTest.com,Mikkel.Haile@BiTermTest.com,Active,Employee,2004-06-07,,Fleet Planner,Fleet,United States,Hui.Amari@BiTermTest.com
37327,Mikkel,Hendriks,Mikkel.Hendriks@BiTermTest.com,Mikkel.Hendriks@BiTermTest.com,Active,Employee,2018-10-08,,Security Analyst,Security,United States,Zainab.Holmgren@BiTermTest.com
18563,Mikkel,Holmgren,Mikkel.Holmgren@BiTermTest.com,Mikkel.Holmgren@BiTermTest.com,Active,Employee,2016-10-03,,HR Business Partner,Human Resources,United States,Oksana.Haddad@BiTermTest.com
27230,Mikkel,Meijer,Mikkel.Meijer@BiTermTest.com,Mikkel.Meijer@BiTermTest.com,Active,Employee,2018-07-02,,Customer Care Associate,Customer Service,United States,Jovana.Mifsud@BiTermTest.com
37939,Mikkel,Mifsud,Mikkel.Mifsud@BiTermTest.com,Mikkel.Mifsud@BiTermTest.com,Active,Employee,2018-11-26,,Site Coordinator,Operations,United States,Rafael.Kozlowski@BiTermTest.com
21813,Mikkel,Moretti,Mikkel.Moretti@BiTermTest.com,Mikkel.Moretti@BiTermTest.com,Active,Employee,2009-12-07,,Physical Security Officer,Security,United States,Amaia.Dang@BiTermTest.com
73009652,Mikkel,Nowak,Mikkel.Nowak@BiTermTest.com,Mikkel.Nowak@BiTermTest.com,Active,Employee,2020-12-14,,Account Support Lead,Customer Service,United States,Duc.Traore@BiTermTest.com
73050046,Mikkel,Sahin,Mikkel.Sahin@BiTermTest.com,Mikkel.Sahin@BiTermTest.com,Active,Contractor,2025-01-22,2027-12-31,Platform Administrator,IT,United States,Joao.Pillai@BiTermTest.com
22102,Mikkel,Seo,Mikkel.Seo@BiTermTest.com,Mikkel.Seo@BiTermTest.com,Active,Employee,2014-01-06,,Fleet Maintenance Technician,Fleet,United States,Jeroen.Petrovic@BiTermTest.com
73008343,Milan,Baraka,Milan.Baraka@BiTermTest.com,Milan.Baraka@BiTermTest.com,Active,Employee,2020-10-19,,Service Desk Analyst,IT,United States,Gorka.Egorov@BiTermTest.com
73005273,Milan,Bui,Milan.Bui@BiTermTest.com,Milan.Bui@BiTermTest.com,Active,Employee,2020-05-25,,Account Support Lead,Customer Service,Canada,Duc.Traore@BiTermTest.com
22472,Milan,Demir,Milan.Demir@BiTermTest.com,Milan.Demir@BiTermTest.com,Active,Employee,2010-04-27,,Fleet Maintenance Technician,Fleet,United States,Jeroen.Petrovic@BiTermTest.com
19327,Milan,Kobayashi,Milan.Kobayashi@BiTermTest.com,Milan.Kobayashi@BiTermTest.com,Active,Employee,2015-12-14,,Sales Operations Analyst,Sales,United States,Bram.Aslan@BiTermTest.com
17330,Milan,Kulkarni,Milan.Kulkarni@BiTermTest.com,Milan.Kulkarni@BiTermTest.com,Active,Employee,2016-04-11,,Site Coordinator,Operations,United States,Cillian.Novikov@BiTermTest.com
73050496,Milan,Lai,Milan.Lai@BiTermTest.com,Milan.Lai@BiTermTest.com,Active,Employee,2025-02-11,,Account Support Lead,Customer Service,United States,Qasim.Engstrom@BiTermTest.com
23190,Milan,Piotrowski,Milan.Piotrowski@BiTermTest.com,Milan.Piotrowski@BiTermTest.com,Active,Employee,2010-03-16,,Financial Analyst,Finance,United States,Deniz.Marino@BiTermTest.com
10001967,Milan,Vuong,Milan.Vuong@BiTermTest.com,Milan.Vuong@BiTermTest.com,Active,Employee,2010-07-26,,GRC Analyst,Security,United States,Teodora.Rossi@BiTermTest.com
41338,Ming,Engstrom,Ming.Engstrom@BiTermTest.com,Ming.Engstrom@BiTermTest.com,Active,Employee,2019-08-26,,HR Business Partner,Human Resources,United States,Mahmoud.Tesfaye@BiTermTest.com
41338,Ming,Okonkwo,Ming.Okonkwo@BiTermTest.com,Ming.Okonkwo@BiTermTest.com,Active,Employee,2019-08-26,,Benefits Analyst,Human Resources,United States,Elzbieta.Barone@BiTermTest.com
73031570,Ming,Owusu,Ming.Owusu@BiTermTest.com,Ming.Owusu@BiTermTest.com,Active,Employee,2022-11-14,,GRC Analyst,Security,Canada,Amaia.Yilmaz@BiTermTest.com
32229,Ming,Saliba,Ming.Saliba@BiTermTest.com,Ming.Saliba@BiTermTest.com,Active,Employee,2017-07-10,,Platform Administrator,IT,Canada,Joao.Pillai@BiTermTest.com
73054368,Minh,Balogun,Minh.Balogun@BiTermTest.com,Minh.Balogun@BiTermTest.com,Active,Contractor,2025-11-10,,Fleet Maintenance Technician,Fleet,United States,Sanne.Iyer@BiTermTest.com
72000718,Minh,Jeong,Minh.Jeong@BiTermTest.com,Minh.Jeong@BiTermTest.com,Active,Employee,2019-12-09,2027-12-31,Systems Engineer,IT,United States,Joao.Pillai@BiTermTest.com
40806,Minh,Lewandowski,Minh.Lewandowski@BiTermTest.com,Minh.Lewandowski@BiTermTest.com,Minh Lewandowski,Employee,2019-07-08,,Fleet Maintenance Technician,Fleet,United States,Jeroen.Petrovic@BiTermTest.com
29677,Minh,Markovic,Minh.Markovic@BiTermTest.com,Minh.Markovic@BiTermTest.com,Active,Employee,2017-02-06,,Customer Security Representative II CDL,Customer Service,Canada,Lorenzo.Kebede@BiTermTest.com
39115,Minh,Pham,Minh.Pham@BiTermTest.com,Minh.Pham@BiTermTest.com,Active,Employee,2019-02-25,,Physical Security Officer,Security,United States,Imani.Baraka@BiTermTest.com
73051868,Minh,Rahal,Minh.Rahal@BiTermTest.com,Minh.Rahal@BiTermTest.com,Active,Employee,2025-05-09,,Route Driver,Fleet,Canada,Tariq.Zammit@BiTermTest.com
21799,Minh,Sakamoto,Minh.Sakamoto@BiTermTest.com,Minh.Sakamoto@BiTermTest.com,Active,Employee,2010-02-08,,Customer Care Associate,Customer Service,United States,Elzbieta.Amari@BiTermTest.com
10004536,Minh,Sokolov,Minh.Sokolov@BiTermTest.com,Minh.Sokolov@BiTermTest.com,Active,Employee,2000-01-17,,Benefits Analyst,Human Resources,Canada,Jisoo.Jeong@BiTermTest.com
22485,Minh,Titov,Minh.Titov@BiTermTest.com,Minh.Titov@BiTermTest.com,Active,Employee,2005-12-05,,Customer Security Representative II CDL,Customer Service,United States,Arjun.Forsberg@BiTermTest.com
25598,Minh,Wisniewski,Minh.Wisniewski@BiTermTest.com,Minh.Wisniewski@BiTermTest.com,Active,Employee,2009-04-27,,Account Support Lead,Customer Service,United States,Eshan.Farrugia@BiTermTest.com
10006364,Minho,Deluca,Minho.Deluca@BiTermTest.com,Minho.Deluca@BiTermTest.com,Minho Deluca,Employee,2017-04-17,,Route Driver,Fleet,Canada,Petro.Attard@BiTermTest.com
10098,Minho,Desai,Minho.Desai@BiTermTest.com,Minho.Desai@BiTermTest.com,Active,Employee,2009-07-27,,Controller,Finance,United States,Quang.Jankowski@BiTermTest.com
27985,Minho,Fakhoury,Minho.Fakhoury@BiTermTest.com,Minho.Fakhoury@BiTermTest.com,Active,Employee,2015-06-22,,Controller,Finance,United States,Soren.Ferreira@BiTermTest.com
22098,Minho,Greco,Minho.Greco@BiTermTest.com,Minho.Greco@BiTermTest.com,Active,Employee,2008-08-01,,Benefits Analyst,Human Resources,United States,Mahmoud.Tesfaye@BiTermTest.com
23720,Minho,Ivanov,Minho.Ivanov@BiTermTest.com,Minho.Ivanov@BiTermTest.com,Active,Employee,2010-07-06,,Accounts Payable Clerk,Finance,United States,Ingrid.Banerjee@BiTermTest.com
73021394,Minho,Micallef,Minho.Micallef@BiTermTest.com,Minho.Micallef@BiTermTest.com,Active,Employee,2021-10-11,,Route Driver,Fleet,United States,Aoife.Bosman@BiTermTest.com
29224,Minho,Ngo,Minho.Ngo@BiTermTest.com,Minho.Ngo@BiTermTest.com,Active,Employee,2017-01-01,,Service Desk Analyst,IT,United States,Gorka.Egorov@BiTermTest.com
23098,Minho,Teixeira,Minho.Teixeira@BiTermTest.com,Minho.Teixeira@BiTermTest.com,Active,Contractor,2010-06-08,,Fleet Planner,Fleet,Canada,Jeroen.Petrovic@BiTermTest.com
27459,Mkilic,User,MKilic@BiTermTest.com,MKilic@BiTermTest.com,Active,Employee,2005-05-23,,Route Driver,Fleet,United States,Amara.Sleiman@BiTermTest.com
14780,Naledi,Amari,Naledi.Amari@BiTermTest.com,Naledi.Amari@BiTermTest.com,Active,Employee,2014-09-22,,Operations Analyst,Operations,United States,Roisin.Kozlowski@BiTermTest.com
24946,Naledi,Desai,Naledi.Desai@BiTermTest.com,Naledi.Desai@BiTermTest.com,Active,Employee,2011-12-05,,Security Analyst,Security,United States,Chidi.Chopra@BiTermTest.com
27280,Naledi,Fujimoto,Naledi.Fujimoto@BiTermTest.com,Naledi.Fujimoto@BiTermTest.com,Active,Employee,2014-10-13,,Sales Operations Analyst,Sales,Canada,Anwar.Axelsson@BiTermTest.com
22574,Naledi,Kuroda,Naledi.Kuroda@BiTermTest.com,Naledi.Kuroda@BiTermTest.com,Active,Employee,2010-04-12,,Operations Supervisor,Operations,United States,Nemanja.Nikolic@BiTermTest.com
19169,Naledi,Menon,Naledi.Menon@BiTermTest.com,Naledi.Menon@BiTermTest.com,Active,Employee,2016-02-29,,Benefits Analyst,Human Resources,Canada,Sanne.Khoury@BiTermTest.com
24830,Naledi,Mensah,Naledi.Mensah@BiTermTest.com,Naledi.Mensah@BiTermTest.com,Active,Employee,2008-10-06,,HR Business Partner,Human Resources,Canada,Ren.Mazur@BiTermTest.com
73021606,Naledi,Nassar,Naledi.Nassar@BiTermTest.com,Naledi.Nassar@BiTermTest.com,Active,Employee,2021-10-19,,Recruiter,Human Resources,United States,Yaretzi.Aslan@BiTermTest.com
26749,Naledi,Worku,Naledi.Worku@BiTermTest.com,Naledi.Worku@BiTermTest.com,Terminated,Employee,2011-11-08,2026-03-23,Route Driver,Fleet,United States,Alessandro.Vandenberg@BiTermTest.com
25464,Naoko,Attard,Naoko.Attard@BiTermTest.com,Naoko.Attard@BiTermTest.com,Active,Employee,2007-09-10,,Service Desk Analyst,IT,Canada,Nikolai.Ghanem@BiTermTest.com
18973,Naoko,Desai,Naoko.Desai@BiTermTest.com,Naoko.Desai@BiTermTest.com,Active,Employee,2016-05-09,,Security Analyst,Security,United States,Firuza.Mulder@BiTermTest.com
28109,Naoko,Ferreira,Naoko.Ferreira@BiTermTest.com,Naoko.Ferreira@BiTermTest.com,Active,Employee,2015-09-08,,Customer Security Representative II CDL,Customer Service,United States,Arjun.Forsberg@BiTermTest.com
26592,Naoko,Ghanem,Naoko.Ghanem@BiTermTest.com,Naoko.Ghanem@BiTermTest.com,Active,Contractor,2013-11-18,,Financial Analyst,Finance,Canada,Naoko.Jeong@BiTermTest.com
73010418,Naoko,Ivanov,Naoko.Ivanov@BiTermTest.com,Naoko.Ivanov@BiTermTest.com,Active,Employee,2020-12-28,,Fleet Planner,Fleet,United States,Willem.Kuroda@BiTermTest.com
73005479,Naoko,Jeong,Naoko.Jeong@BiTermTest.com,Naoko.Jeong@BiTermTest.com,Active,Employee,2020-06-08,,Controller,Finance,United States,Astrid.Micallef@BiTermTest.com
17092,Naoko,Kirigaya,Naoko.Kirigaya@BiTermTest.com,Naoko.Kirigaya@BiTermTest.com,Active,Employee,2016-02-29,,Account Support Lead,Customer Service,United States,Arjun.Forsberg@BiTermTest.com
28791,Naoko,Okonkwo,Naoko.Okonkwo@BiTermTest.com,Naoko.Okonkwo@BiTermTest.com,Active,Employee,2016-05-16,,Systems Engineer,IT,United States,Eshan.Mulder@BiTermTest.com
73051702,Naoko,Orlov,Naoko.Orlov@BiTermTest.com,Naoko.Orlov@BiTermTest.com,Active,Employee,2025-04-30,,Financial Analyst,Finance,Canada,Cuauhtemoc.Zielinski@BiTermTest.com
19887,Naoko,Sleiman,Naoko.Sleiman@BiTermTest.com,Naoko.Sleiman@BiTermTest.com,Active,Employee,2015-02-23,,Platform Administrator,IT,United States,Bjorn.Dabrowski@BiTermTest.com
73012818,Naoko,Tesfaye,Naoko.Tesfaye@BiTermTest.com,Naoko.Tesfaye@BiTermTest.com,Active,Employee,2021-03-08,,Account Support Lead,Customer Service,United States,Itzel.Piotrowski@BiTermTest.com
73014397,Naoko,Visser,Naoko.Visser@BiTermTest.com,Naoko.Visser@BiTermTest.com,Active,Contractor,2021-04-13,,Site Coordinator,Operations,United States,Tahira.Zammit@BiTermTest.com
24297,Nayeli,Adeyemi,Nayeli.Adeyemi@BiTermTest.com,Nayeli.Adeyemi@BiTermTest.com,Active,Employee,2013-07-29,,Physical Security Officer,Security,United States,Ines.Kulkarni@BiTermTest.com
31387,Nayeli,Azevedo,Nayeli.Azevedo@BiTermTest.com,Nayeli.Azevedo@BiTermTest.com,Active,Employee,2017-05-01,,Site Coordinator,Operations,United States,Katya.Nair@BiTermTest.com
24497,Nayeli,Bae,Nayeli.Bae@BiTermTest.com,Nayeli.Bae@BiTermTest.com,Active,Employee,2014-03-31,,Platform Administrator,IT,United States,Gorka.Egorov@BiTermTest.com
10004909,Nayeli,Bekele,Nayeli.Bekele@BiTermTest.com,Nayeli.Bekele@BiTermTest.com,Active,Employee,2015-12-21,,Fleet Maintenance Technician,Fleet,United States,Petro.Attard@BiTermTest.com
10005188,Nayeli,Deshpande,Nayeli.Deshpande@BiTermTest.com,Nayeli.Deshpande@BiTermTest.com,Active,Contractor,2001-12-04,,Financial Analyst,Finance,United States,Deniz.Marino@BiTermTest.com
18618,Nayeli,Duong,Nayeli.Duong@BiTermTest.com,Nayeli.Duong@BiTermTest.com,Active,Employee,2016-08-26,,Sales Operations Analyst,Sales,United States,Mateo.Pillai@BiTermTest.com
73006520,Nayeli,Engstrom,Nayeli.Engstrom@BiTermTest.com,Nayeli.Engstrom@BiTermTest.com,Active,Employee,2020-08-17,,Account Executive,Sales,Canada,Tariq.Borg@BiTermTest.com
40113,Nayeli,Forsberg,Nayeli.Forsberg@BiTermTest.com,Nayeli.Forsberg@BiTermTest.com,Active,Employee,2019-05-13,,Fleet Maintenance Technician,Fleet,United States,Teodora.Jankowski@BiTermTest.com
14904,Nayeli,Hoshino,Nayeli.Hoshino@BiTermTest.com,Nayeli.Hoshino@BiTermTest.com,Active,Employee,2015-01-01,,Systems Engineer,IT,United States,Diego.Azevedo@BiTermTest.com
73044789,Nayeli,Jovanovic,Nayeli.Jovanovic@BiTermTest.com,Nayeli.Jovanovic@BiTermTest.com,Active,Employee,2024-05-22,2026-05-22,Physical Security Officer,Security,United States,Meera.Rossi@BiTermTest.com
73027617,Nayeli,Kulkarni,Nayeli.Kulkarni@BiTermTest.com,Nayeli.Kulkarni@BiTermTest.com,Active,Employee,2022-05-09,,Operations Analyst,Operations,United States,Ngozi.Mehta@BiTermTest.com
40459,Nayeli,Obiora,Nayeli.Obiora@BiTermTest.com,Nayeli.Obiora@BiTermTest.com,Active,Employee,2019-06-10,,Systems Engineer,IT,United States,Roisin.Hoshino@BiTermTest.com
18345,Nayeli,Ozturk,Nayeli.Ozturk@BiTermTest.com,Nayeli.Ozturk@BiTermTest.com,Active,Employee,1987-09-23,,Security Analyst,Security,United States,FDeshpande@BiTermTest.com
73006520,Nayeli,Petrov,Nayeli.Petrov@BiTermTest.com,Nayeli.Petrov@BiTermTest.com,Active,Employee,2020-08-17,,Account Support Lead,Customer Service,Canada,Duc.Traore@BiTermTest.com
24207,Nayeli,Pham,Nayeli.Pham@BiTermTest.com,Nayeli.Pham@BiTermTest.com,Active,Contractor,2008-12-01,,Customer Security Representative II CDL,Customer Service,United States,Minh.Sakamoto@BiTermTest.com
18973,Nayeli,Saxena,Nayeli.Saxena@BiTermTest.com,Nayeli.Saxena@BiTermTest.com,Active,Employee,2016-05-09,,Customer Security Representative II CDL,Customer Service,United States,Naoko.Ferreira@BiTermTest.com
10004435,Nayeli,Visser,Nayeli.Visser@BiTermTest.com,Nayeli.Visser@BiTermTest.com,Active,Employee,2002-06-10,,Financial Analyst,Finance,United States,Rohan.Chukwu@BiTermTest.com
10003957,Nayeli,Vosberg,Nayeli.Vosberg@BiTermTest.com,Nayeli.Vosberg@BiTermTest.com,Active,Employee,2009-04-13,,Operations Analyst,Operations,United States,Firuza.Moretti@BiTermTest.com
73015172,Nayeli,Wisniewski,Nayeli.Wisniewski@BiTermTest.com,Nayeli.Wisniewski@BiTermTest.com,Active,Contractor,2021-05-24,,Operations Analyst,Operations,Canada,Anouk.Azevedo@BiTermTest.com
73032724,Nemanja,Conti,Nemanja.Conti@BiTermTest.com,Nemanja.Conti@BiTermTest.com,Active,Employee,2023-01-04,,Security Analyst,Security,Canada,Anwar.Fedorov@BiTermTest.com
22514,Nemanja,Desta,Nemanja.Desta@BiTermTest.com,Nemanja.Desta@BiTermTest.com,Active,Employee,2010-09-29,,Fleet Planner,Fleet,Canada,Willem.Kuroda@BiTermTest.com
73002313,Nemanja,Duong,Nemanja.Duong@BiTermTest.com,Nemanja.Duong@BiTermTest.com,Active,Contractor,2020-03-16,,Benefits Analyst,Human Resources,United States,Citlali.Ngo@BiTermTest.com
73024301,Nemanja,Fonseca,Nemanja.Fonseca@BiTermTest.com,Nemanja.Fonseca@BiTermTest.com,Active,Employee,2022-01-31,,Fleet Maintenance Technician,Fleet,United States,Sanne.Iyer@BiTermTest.com
41338,Nemanja,Gallo,Nemanja.Gallo@BiTermTest.com,Nemanja.Gallo@BiTermTest.com,Active,Employee,2019-08-26,,Operations Supervisor,Operations,United States,Soren.Banerjee@BiTermTest.com
73026110,Nemanja,Kaminski,Nemanja.Kaminski@BiTermTest.com,Nemanja.Kaminski@BiTermTest.com,Active,Employee,2022-03-28,,Customer Care Associate,Customer Service,United States,Elzbieta.Amari@BiTermTest.com
10003292,Nemanja,Nikolic,Nemanja.Nikolic@BiTermTest.com,Nemanja.Nikolic@BiTermTest.com,Active,Employee,2015-05-04,,Operations Analyst,Operations,United States,Dalia.Kozlowski@BiTermTest.com
73024030,Nemanja,Novak,Nemanja.Novak@BiTermTest.com,Nemanja.Novak@BiTermTest.com,Active,Employee,2022-01-17,,Benefits Analyst,Human Resources,United States,Oksana.Haddad@BiTermTest.com
24204,Nemanja,Stojanovic,Nemanja.Stojanovic@BiTermTest.com,Nemanja.Stojanovic@BiTermTest.com,Active,Contractor,2012-11-26,,Controller,Finance,United States,Gorka.Desta@BiTermTest.com
18973,Nemanja,Szymanski,Nemanja.Szymanski@BiTermTest.com,Nemanja.Szymanski@BiTermTest.com,Active,Contractor,2016-05-09,,GRC Analyst,Security,Canada,Diego.Nakamura@BiTermTest.com
73026080,Nemanja,Vella,Nemanja.Vella@BiTermTest.com,Nemanja.Vella@BiTermTest.com,Active,Employee,2022-03-07,,HR Business Partner,Human Resources,United States,Yaretzi.Aslan@BiTermTest.com
13050,Nemanja,Yoon,Nemanja.Yoon@BiTermTest.com,Nemanja.Yoon@BiTermTest.com,Active,Employee,2015-01-01,,Route Driver,Fleet,United States,Amara.Sleiman@BiTermTest.com
73030932,Nerea,Aksoy,Nerea.Aksoy@BiTermTest.com,Nerea.Aksoy@BiTermTest.com,Active,Employee,2022-10-17,,Customer Care Associate,Customer Service,United States,Minh.Sakamoto@BiTermTest.com
14884,Nerea,Ezeani,Nerea.Ezeani@BiTermTest.com,Nerea.Ezeani@BiTermTest.com,Active,Employee,2015-01-01,,HR Business Partner,Human Resources,United States,Oksana.Haddad@BiTermTest.com
27683,Nerea,Kaminski,Nerea.Kaminski@BiTermTest.com,Nerea.Kaminski@BiTermTest.com,Active,Employee,2022-06-13,,Accounts Payable Clerk,Finance,Canada,Cuauhtemoc.Zielinski@BiTermTest.com
10004062,Nerea,Kowalski,Nerea.Kowalski@BiTermTest.com,Nerea.Kowalski@BiTermTest.com,Active,Employee,2010-12-23,,Platform Administrator,IT,United States,Thabo.Hwang@BiTermTest.com
73024743,Nerea,Rao,Nerea.Rao@BiTermTest.com,Nerea.Rao@BiTermTest.com,Active,Employee,2022-02-14,,Operations Supervisor,Operations,United States,Katya.Nair@BiTermTest.com
39768,Nerea,Ribeiro,Nerea.Ribeiro@BiTermTest.com,Nerea.Ribeiro@BiTermTest.com,Active,Employee,2019-04-15,,Account Support Lead,Customer Service,Canada,Jovana.Mifsud@BiTermTest.com
10006269,Nerea,Uchida,Nerea.Uchida@BiTermTest.com,Nerea.Uchida@BiTermTest.com,Active,Contractor,2017-03-27,,Regional Sales Manager,Sales,United States,Laleh.Kulkarni@BiTermTest.com
73033589,Nerea,Vandenberg,Nerea.Vandenberg@BiTermTest.com,Nerea.Vandenberg@BiTermTest.com,Active,Employee,2023-01-23,,Regional Sales Manager,Sales,United States,Matteo.Malhotra@BiTermTest.com
73050791,Nerea,Vuong,Nerea.Vuong@BiTermTest.com,Nerea.Vuong@BiTermTest.com,Active,Employee,2025-04-07,,Benefits Analyst,Human Resources,United States,Sanne.Khoury@BiTermTest.com
10005347,Ngozi,Baraka,Ngozi.Baraka@BiTermTest.com,Ngozi.Baraka@BiTermTest.com,Active,Employee,2010-05-25,,Customer Security Representative II CDL,Customer Service,United States,Rafael.Kuroda@BiTermTest.com
21299,Ngozi,Marino,Ngozi.Marino@BiTermTest.com,Ngozi.Marino@BiTermTest.com,Active,Employee,2012-04-30,,Regional Sales Manager,Sales,United States,Volkan.Kocak@BiTermTest.com
19998,Ngozi,Mehta,Ngozi.Mehta@BiTermTest.com,Ngozi.Mehta@BiTermTest.com,Active,Employee,1996-06-01,,Operations Analyst,Operations,United States,Beatriz.Khoury@BiTermTest.com
19672,Niamh,Barbosa,Niamh.Barbosa@BiTermTest.com,Niamh.Barbosa@BiTermTest.com,Active,Employee,2000-07-31,,Fleet Planner,Fleet,United States,Sanne.Iyer@BiTermTest.com
24326,Niamh,Deshpande,Niamh.Deshpande@BiTermTest.com,Niamh.Deshpande@BiTermTest.com,Active,Employee,2012-05-21,,Regional Sales Manager,Sales,United States,Mateo.Pillai@BiTermTest.com
19929,Niamh,Fofana,Niamh.Fofana@BiTermTest.com,Niamh.Fofana@BiTermTest.com,Active,Employee,2015-01-20,,Operations Analyst,Operations,United States,Beatriz.Khoury@BiTermTest.com
10005373,Niamh,Haile,Niamh.Haile@BiTermTest.com,Niamh.Haile@BiTermTest.com,Active,Employee,2005-08-15,,Fleet Maintenance Technician,Fleet,United States,Tariq.Zammit@BiTermTest.com
34373,Niamh,Mensah,Niamh.Mensah@BiTermTest.com,Niamh.Mensah@BiTermTest.com,Active,Employee,2018-01-22,,Customer Care Associate,Customer Service,United States,Lorenzo.Kebede@BiTermTest.com
16256,Niamh,Mifsud,Niamh.Mifsud@BiTermTest.com,Niamh.Mifsud@BiTermTest.com,Active,Employee,2015-06-22,,Route Driver,Fleet,United States,Thiago.Barone@BiTermTest.com
19887,Niamh,Owusu,Niamh.Owusu@BiTermTest.com,Niamh.Owusu@BiTermTest.com,Active,Employee,2015-02-23,,Platform Administrator,IT,Canada,Ren.Desta@BiTermTest.com
73006563,Niamh,Ozturk,Niamh.Ozturk@BiTermTest.com,Niamh.Ozturk@BiTermTest.com,Active,Employee,2020-08-31,,Site Coordinator,Operations,United States,Kofi.Obiora@BiTermTest.com
25165,Niamh,Rahal,Niamh.Rahal@BiTermTest.com,Niamh.Rahal@BiTermTest.com,Active,Employee,2000-11-13,,Regional Sales Manager,Sales,United States,Elif.Jankowski@BiTermTest.com
19444,Niamh,Zammit,Niamh.Zammit@BiTermTest.com,Niamh.Zammit@BiTermTest.com,Active,Employee,1998-06-15,,Service Desk Analyst,IT,United States,Diego.Azevedo@BiTermTest.com
16801,Nikolai,Aslan,Nikolai.Aslan@BiTermTest.com,Nikolai.Aslan@BiTermTest.com,Active,Employee,2015-10-26,,Regional Sales Manager,Sales,United States,Ilya.Meijer@BiTermTest.com
73052186,Nikolai,Fakhoury,Nikolai.Fakhoury@BiTermTest.com,Nikolai.Fakhoury@BiTermTest.com,Nikolai Fakhoury,Employee,2025-06-09,,Account Support Lead,Customer Service,United States,Maialen.Jankowski@BiTermTest.com
36158,Nikolai,Fofana,Nikolai.Fofana@BiTermTest.com,Nikolai.Fofana@BiTermTest.com,Active,Employee,2022-02-07,,Regional Sales Manager,Sales,Canada,Elif.Jankowski@BiTermTest.com
73027617,Nikolai,Gallo,Nikolai.Gallo@BiTermTest.com,Nikolai.Gallo@BiTermTest.com,Active,Employee,2022-05-09,,Accounts Payable Clerk,Finance,Canada,Teodora.Menon@BiTermTest.com
10000942,Nikolai,Ghanem,Nikolai.Ghanem@BiTermTest.com,Nikolai.Ghanem@BiTermTest.com,Active,Employee,2007-07-12,,Systems Engineer,IT,Canada,Mahmoud.Worku@BiTermTest.com
29698,Nikolai,Kapoor,Nikolai.Kapoor@BiTermTest.com,Nikolai.Kapoor@BiTermTest.com,Active,Employee,2017-02-02,,HR Business Partner,Human Resources,Canada,Jisoo.Jeong@BiTermTest.com
12477,Nikolai,Lewandowski,Nikolai.Lewandowski@BiTermTest.com,Nikolai.Lewandowski@BiTermTest.com,Active,Employee,2013-08-22,,HR Business Partner,Human Resources,United States,Henryk.Yamamoto@BiTermTest.com
73051410,Nikolai,Mehta,Nikolai.Mehta@BiTermTest.com,Nikolai.Mehta@BiTermTest.com,Active,Employee,2025-04-09,,Fleet Planner,Fleet,United States,Alessandro.Vandenberg@BiTermTest.com
29771,Nikolai,Nowak,Nikolai.Nowak@BiTermTest.com,Nikolai.Nowak@BiTermTest.com,Active,Employee,2018-01-15,,Service Desk Analyst,IT,Canada,Roisin.Hoshino@BiTermTest.com
26592,Nikolai,Nwosu,Nikolai.Nwosu@BiTermTest.com,Nikolai.Nwosu@BiTermTest.com,Active,Employee,2013-11-18,,Systems Engineer,IT,United States,Bjorn.Dabrowski@BiTermTest.com
14551,Nikolai,Sandberg,Nikolai.Sandberg@BiTermTest.com,Nikolai.Sandberg@BiTermTest.com,Active,Employee,2015-01-01,,Customer Care Associate,Customer Service,Canada,Itzel.Piotrowski@BiTermTest.com
73001531,Nikolai,Toure,Nikolai.Toure@BiTermTest.com,Nikolai.Toure@BiTermTest.com,Active,Contractor,2020-02-24,,Route Driver,Fleet,United States,Tariq.Zammit@BiTermTest.com
13552,Nikolai,Uchida,Nikolai.Uchida@BiTermTest.com,Nikolai.Uchida@BiTermTest.com,Terminated,Employee,2015-01-01,2026-03-23,Site Coordinator,Operations,Canada,Tahira.Zammit@BiTermTest.com
10833,Nikolai,Vosberg,Nikolai.Vosberg@BiTermTest.com,Nikolai.Vosberg@BiTermTest.com,Active,Contractor,2011-01-06,,Accounts Payable Clerk,Finance,United States,Aylin.Mukherjee@BiTermTest.com
22450,Nivanov,User,NIvanov@BiTermTest.com,NIvanov@BiTermTest.com,Active,Employee,2005-06-06,,Customer Security Representative II CDL,Customer Service,United States,Duc.Traore@BiTermTest.com
19838,Nvella,User,NVella@BiTermTest.com,NVella@BiTermTest.com,Active,Employee,1988-07-13,,Physical Security Officer,Security,United States,Amaia.Diallo@BiTermTest.com
72000091,Oihane,Arslan,Oihane.Arslan@BiTermTest.com,Oihane.Arslan@BiTermTest.com,Active,Employee,2019-12-09,2027-12-31,Sales Operations Analyst,Sales,United States,Rashida.Polat@BiTermTest.com
21610,Oihane,Aydin,Oihane.Aydin@BiTermTest.com,Oihane.Aydin@BiTermTest.com,Active,Employee,2015-07-20,,Systems Engineer,IT,United States,Thabo.Hwang@BiTermTest.com
22333,Oihane,Celik,Oihane.Celik@BiTermTest.com,Oihane.Celik@BiTermTest.com,Active,Employee,2006-08-14,,HR Business Partner,Human Resources,United States,Oksana.Haddad@BiTermTest.com
73035291,Oihane,Chopra,Oihane.Chopra@BiTermTest.com,Oihane.Chopra@BiTermTest.com,Active,Employee,2023-03-27,2035-12-31,Route Driver,Fleet,United States,Sanne.Iyer@BiTermTest.com
28744,Oihane,Demir,Oihane.Demir@BiTermTest.com,Oihane.Demir@BiTermTest.com,Active,Employee,2016-01-11,,Accounts Payable Clerk,Finance,United States,Naoko.Jeong@BiTermTest.com
10006074,Oihane,Grech,Oihane.Grech@BiTermTest.com,Oihane.Grech@BiTermTest.com,Active,Employee,2016-12-06,,Platform Administrator,IT,United States,Joao.Pillai@BiTermTest.com
26464,Oihane,Kebede,Oihane.Kebede@BiTermTest.com,Oihane.Kebede@BiTermTest.com,Active,Employee,2013-02-11,,Financial Analyst,Finance,United States,Fernanda.Rahal@BiTermTest.com
10003660,Oihane,Keita,Oihane.Keita@BiTermTest.com,Oihane.Keita@BiTermTest.com,Active,Contractor,2005-11-28,,Account Support Lead,Customer Service,United States,Arjun.Forsberg@BiTermTest.com
14804,Oihane,Kuroda,Oihane.Kuroda@BiTermTest.com,Oihane.Kuroda@BiTermTest.com,Active,Employee,2014-09-29,,Platform Administrator,IT,United States,Thabo.Hwang@BiTermTest.com
16567,Oihane,Lai,Oihane.Lai@BiTermTest.com,Oihane.Lai@BiTermTest.com,Active,Employee,2017-02-01,,Regional Sales Manager,Sales,United States,Mateo.Pillai@BiTermTest.com
38546,Oihane,Mekonnen,Oihane.Mekonnen@BiTermTest.com,Oihane.Mekonnen@BiTermTest.com,Active,Employee,2019-01-14,,Financial Analyst,Finance,United States,Feng.Gallo@BiTermTest.com
10384,Oihane,Mensah,Oihane.Mensah@BiTermTest.com,Oihane.Mensah@BiTermTest.com,Active,Employee,2010-03-22,,Account Support Lead,Customer Service,United States,Qasim.Engstrom@BiTermTest.com
73001531,Oihane,Mukherjee,Oihane.Mukherjee@BiTermTest.com,Oihane.Mukherjee@BiTermTest.com,Active,Employee,2020-02-24,,Fleet Planner,Fleet,United States,Willem.Kuroda@BiTermTest.com
22450,Oihane,Pham,Oihane.Pham@BiTermTest.com,Oihane.Pham@BiTermTest.com,Active,Employee,2005-06-06,,Security Analyst,Security,United States,Lars.Sakamoto@BiTermTest.com
23008,Oihane,Reddy,Oihane.Reddy@BiTermTest.com,Oihane.Reddy@BiTermTest.com,Active,Employee,2007-07-17,,Benefits Analyst,Human Resources,United States,Elzbieta.Barone@BiTermTest.com
21209,Oihane,Sokolov,Oihane.Sokolov@BiTermTest.com,Oihane.Sokolov@BiTermTest.com,Active,Employee,2012-11-26,,Account Executive,Sales,United States,Bram.Aslan@BiTermTest.com
73001496,Oihane,Sowande,Oihane.Sowande@BiTermTest.com,Oihane.Sowande@BiTermTest.com,Active,Employee,2020-02-24,,Financial Analyst,Finance,United States,Teodora.Menon@BiTermTest.com
24891,Oihane,Wisniewski,Oihane.Wisniewski@BiTermTest.com,Oihane.Wisniewski@BiTermTest.com,Active,Employee,2011-03-29,,Systems Engineer,IT,United States,Hana.Borg@BiTermTest.com
10003413,Oksana,Abebe,Oksana.Abebe@BiTermTest.com,Oksana.Abebe@BiTermTest.com,Active,Employee,2015-08-10,,Customer Security Representative II CDL,Customer Service,Canada,Elzbieta.Amari@BiTermTest.com
33872,Oksana,Adeyemi,Oksana.Adeyemi@BiTermTest.com,Oksana.Adeyemi@BiTermTest.com,Active,Employee,2017-12-04,,Controller,Finance,United States,Iker.Traore@BiTermTest.com
73021986,Oksana,Aydin,Oksana.Aydin@BiTermTest.com,Oksana.Aydin@BiTermTest.com,Active,Employee,2021-11-15,,GRC Analyst,Security,United States,Ming.Owusu@BiTermTest.com
10005373,Oksana,Farrugia,Oksana.Farrugia@BiTermTest.com,Oksana.Farrugia@BiTermTest.com,Active,Employee,2005-08-15,,Regional Sales Manager,Sales,Canada,Jisoo.Almeida@BiTermTest.com
21610,Oksana,Girma,Oksana.Girma@BiTermTest.com,Oksana.Girma@BiTermTest.com,Active,Employee,2015-07-20,,HR Business Partner,Human Resources,United States,Sanne.Khoury@BiTermTest.com
23426,Oksana,Haddad,Oksana.Haddad@BiTermTest.com,Oksana.Haddad@BiTermTest.com,Active,Employee,2009-08-31,,HR Business Partner,Human Resources,United States,Citlali.Ngo@BiTermTest.com
22485,Oksana,Kilic,Oksana.Kilic@BiTermTest.com,Oksana.Kilic@BiTermTest.com,Active,Employee,2005-12-05,,Site Coordinator,Operations,United States,Lars.Boateng@BiTermTest.com
73053598,Oksana,Matsuda,Oksana.Matsuda@BiTermTest.com,Oksana.Matsuda@BiTermTest.com,Active,Contractor,2025-08-29,2027-12-31,Recruiter,Human Resources,United States,Citlali.Ngo@BiTermTest.com
25975,Oksana,Menon,Oksana.Menon@BiTermTest.com,Oksana.Menon@BiTermTest.com,Active,Employee,2014-06-16,,Route Driver,Fleet,United States,Gorka.Celik@BiTermTest.com
22411,Oksana,Nowak,Oksana.Nowak@BiTermTest.com,Oksana.Nowak@BiTermTest.com,Active,Employee,2006-03-13,,Fleet Maintenance Technician,Fleet,United States,Mei.Ozturk@BiTermTest.com
23432,Oksana,Nwosu,Oksana.Nwosu@BiTermTest.com,Oksana.Nwosu@BiTermTest.com,Active,Employee,2009-08-31,,Accounts Payable Clerk,Finance,United States,Parvin.Mehta@BiTermTest.com
27039,Oksana,Rao,Oksana.Rao@BiTermTest.com,Oksana.Rao@BiTermTest.com,Active,Contractor,2013-07-29,,GRC Analyst,Security,United States,Chidi.Chopra@BiTermTest.com
27985,Oksana,Sleiman,Oksana.Sleiman@BiTermTest.com,Oksana.Sleiman@BiTermTest.com,Active,Employee,2015-06-22,,Systems Engineer,IT,United States,Deniz.Mulder@BiTermTest.com
21722,Oksana,Teixeira,Oksana.Teixeira@BiTermTest.com,Oksana.Teixeira@BiTermTest.com,Active,Employee,2011-09-19,,Platform Administrator,IT,United States,Joao.Pillai@BiTermTest.com
73028752,Oksana,Traore,Oksana.Traore@BiTermTest.com,Oksana.Traore@BiTermTest.com,Active,Employee,2022-07-11,,Service Desk Analyst,IT,United States,Bjorn.Dabrowski@BiTermTest.com
73027083,Omar,Agarwal,Omar.Agarwal@BiTermTest.com,Omar.Agarwal@BiTermTest.com,Active,Employee,2022-04-11,,Operations Supervisor,Operations,United States,Cillian.Novikov@BiTermTest.com
39077,Omar,Almeida,Omar.Almeida@BiTermTest.com,Omar.Almeida@BiTermTest.com,Active,Contractor,2019-02-18,,Customer Security Representative II CDL,Customer Service,United States,Qasim.Engstrom@BiTermTest.com
42324,Omar,Aydin,Omar.Aydin@BiTermTest.com,Omar.Aydin@BiTermTest.com,Active,Employee,2019-11-04,,Accounts Payable Clerk,Finance,United States,Iker.Traore@BiTermTest.com
30664,Omar,Banerjee,Omar.Banerjee@BiTermTest.com,Omar.Banerjee@BiTermTest.com,Active,Employee,2017-04-03,,Account Executive,Sales,United States,Elif.Jankowski@BiTermTest.com
73044179,Omar,Trivedi,Omar.Trivedi@BiTermTest.com,Omar.Trivedi@BiTermTest.com,Active,Employee,2024-04-22,,GRC Analyst,Security,United States,Anouk.Desta@BiTermTest.com
22047,Omar,Vandenberg,Omar.Vandenberg@BiTermTest.com,Omar.Vandenberg@BiTermTest.com,Active,Employee,2008-05-12,,Fleet Planner,Fleet,United States,Yusuf.Kaminski@BiTermTest.com
24245,Omar,Visser,Omar.Visser@BiTermTest.com,Omar.Visser@BiTermTest.com,Active,Employee,2012-06-18,,Customer Care Associate,Customer Service,United States,Tomasz.Ozturk@BiTermTest.com
27022,Omoretti1,User,OMoretti1@BiTermTest.com,OMoretti1@BiTermTest.com,Active,Employee,2009-11-23,,Site Coordinator,Operations,United States,Soren.Banerjee@BiTermTest.com
22781,Padraig,Afolabi,Padraig.Afolabi@BiTermTest.com,Padraig.Afolabi@BiTermTest.com,Active,Employee,2005-11-21,,Financial Analyst,Finance,United States,Chiara.Demir@BiTermTest.com
73006563,Padraig,Almeida,Padraig.Almeida@BiTermTest.com,Padraig.Almeida@BiTermTest.com,Active,Employee,2020-08-31,,HR Business Partner,Human Resources,United States,Henryk.Yamamoto@BiTermTest.com
27460,Padraig,Djordjevic,Padraig.Djordjevic@BiTermTest.com,Padraig.Djordjevic@BiTermTest.com,Active,Employee,2015-05-18,,Account Executive,Sales,Canada,Niamh.Rahal@BiTermTest.com
37330,Padraig,Grabowski,Padraig.Grabowski@BiTermTest.com,Padraig.Grabowski@BiTermTest.com,Active,Employee,2018-10-08,,Account Executive,Sales,United States,Niamh.Rahal@BiTermTest.com
22589,Padraig,Grech,Padraig.Grech@BiTermTest.com,Padraig.Grech@BiTermTest.com,Active,Contractor,2008-07-28,,Account Executive,Sales,United States,Jisoo.Almeida@BiTermTest.com
26961,Padraig,Jovanovic,Padraig.Jovanovic@BiTermTest.com,Padraig.Jovanovic@BiTermTest.com,Active,Employee,2014-11-24,,Account Support Lead,Customer Service,United States,Lorenzo.Kebede@BiTermTest.com
27890,Padraig,Mehta,Padraig.Mehta@BiTermTest.com,Padraig.Mehta@BiTermTest.com,Active,Employee,2016-05-16,,Customer Care Associate,Customer Service,United States,Beatriz.Sahin@BiTermTest.com
25347,Padraig,Mensah,Padraig.Mensah@BiTermTest.com,Padraig.Mensah@BiTermTest.com,Active,Employee,1988-12-06,,Route Driver,Fleet,United States,Teodora.Jankowski@BiTermTest.com
30664,Padraig,Rao,Padraig.Rao@BiTermTest.com,Padraig.Rao@BiTermTest.com,Active,Employee,2017-04-03,,Recruiter,Human Resources,Canada,Jisoo.Jeong@BiTermTest.com
73038755,Padraig,Reddy,Padraig.Reddy@BiTermTest.com,Padraig.Reddy@BiTermTest.com,Active,Employee,2023-08-07,,GRC Analyst,Security,United States,Eneko.Zielinski@BiTermTest.com
73023767,Padraig,Wojcik,Padraig.Wojcik@BiTermTest.com,Padraig.Wojcik@BiTermTest.com,Active,Employee,2022-01-10,,Financial Analyst,Finance,United States,Fernanda.Rahal@BiTermTest.com
22574,Padraig,Worku,Padraig.Worku@BiTermTest.com,Padraig.Worku@BiTermTest.com,Active,Employee,2010-04-12,,GRC Analyst,Security,United States,Meera.Rossi@BiTermTest.com
37153,Parvin,Axelsson,Parvin.Axelsson@BiTermTest.com,Parvin.Axelsson@BiTermTest.com,Active,Employee,2018-09-24,,Platform Administrator,IT,United States,Bjorn.Dabrowski@BiTermTest.com
10004919,Parvin,Azevedo,Parvin.Azevedo@BiTermTest.com,Parvin.Azevedo@BiTermTest.com,Active,Employee,2015-09-04,,GRC Analyst,Security,Canada,Amaia.Yilmaz@BiTermTest.com
23502,Parvin,Bhattacharya,Parvin.Bhattacharya@BiTermTest.com,Parvin.Bhattacharya@BiTermTest.com,Active,Employee,2007-01-29,,Platform Administrator,IT,United States,Sakura.Vuong@BiTermTest.com
27039,Parvin,Chatterjee,Parvin.Chatterjee@BiTermTest.com,Parvin.Chatterjee@BiTermTest.com,Active,Employee,2013-07-29,,Security Analyst,Security,United States,Lars.Sakamoto@BiTermTest.com
23780,Parvin,Dahlberg,Parvin.Dahlberg@BiTermTest.com,Parvin.Dahlberg@BiTermTest.com,Active,Employee,2011-05-09,,Customer Security Representative II CDL,Customer Service,United States,Minh.Sakamoto@BiTermTest.com
20186,Parvin,Galea,Parvin.Galea@BiTermTest.com,Parvin.Galea@BiTermTest.com,Active,Employee,1999-08-23,,HR Business Partner,Human Resources,United States,Sanne.Khoury@BiTermTest.com
20246,Parvin,Grabowski,Parvin.Grabowski@BiTermTest.com,Parvin.Grabowski@BiTermTest.com,Active,Employee,1989-02-27,,Security Analyst,Security,Canada,Eneko.Zielinski@BiTermTest.com
22514,Parvin,Keita,Parvin.Keita@BiTermTest.com,Parvin.Keita@BiTermTest.com,Active,Employee,2010-09-29,,Operations Supervisor,Operations,United States,Kofi.Obiora@BiTermTest.com
19348,Parvin,Kocak,Parvin.Kocak@BiTermTest.com,Parvin.Kocak@BiTermTest.com,Active,Employee,2004-04-01,,Recruiter,Human Resources,United States,Xochitl.Wojcik@BiTermTest.com
30664,Parvin,Kozlowski,Parvin.Kozlowski@BiTermTest.com,Parvin.Kozlowski@BiTermTest.com,Active,Employee,2017-04-03,,Operations Analyst,Operations,United States,Xiomara.Holmgren@BiTermTest.com
27664,Parvin,Kwon,Parvin.Kwon@BiTermTest.com,Parvin.Kwon@BiTermTest.com,Active,Employee,2015-04-01,,Operations Supervisor,Operations,United States,Katya.Nair@BiTermTest.com
73021910,Parvin,Lewandowski,Parvin.Lewandowski@BiTermTest.com,Parvin.Lewandowski@BiTermTest.com,Active,Employee,2021-11-08,,Financial Analyst,Finance,United States,Parvin.Wisniewski@BiTermTest.com
22266,Parvin,Mehta,Parvin.Mehta@BiTermTest.com,Parvin.Mehta@BiTermTest.com,Active,Employee,2006-01-23,,Accounts Payable Clerk,Finance,United States,Gorka.Desta@BiTermTest.com
18195,Parvin,Mekonnen,Parvin.Mekonnen@BiTermTest.com,Parvin.Mekonnen@BiTermTest.com,Active,Employee,2016-10-31,,Security Analyst,Security,United States,FDeshpande@BiTermTest.com
28639,Parvin,Orlov,Parvin.Orlov@BiTermTest.com,Parvin.Orlov@BiTermTest.com,Parvin Orlov,Employee,2016-07-05,,Service Desk Analyst,IT,United States,Volkan.Engstrom@BiTermTest.com
73032556,Parvin,Sokolov,Parvin.Sokolov@BiTermTest.com,Parvin.Sokolov@BiTermTest.com,Active,Employee,2022-12-19,2035-12-31,Financial Analyst,Finance,United States,Gorka.Desta@BiTermTest.com
21944,Parvin,Traore,Parvin.Traore@BiTermTest.com,Parvin.Traore@BiTermTest.com,Active,Employee,2012-06-11,,Service Desk Analyst,IT,United States,Diego.Azevedo@BiTermTest.com
27968,Parvin,Truong,Parvin.Truong@BiTermTest.com,Parvin.Truong@BiTermTest.com,Active,Employee,2015-10-05,,Physical Security Officer,Security,United States,Gita.Meijer@BiTermTest.com
10005356,Parvin,Vuong,Parvin.Vuong@BiTermTest.com,Parvin.Vuong@BiTermTest.com,Active,Employee,2014-09-08,,Systems Engineer,IT,United States,Sakura.Vuong@BiTermTest.com
73007258,Parvin,Wisniewski,Parvin.Wisniewski@BiTermTest.com,Parvin.Wisniewski@BiTermTest.com,Active,Employee,2020-09-14,,Accounts Payable Clerk,Finance,United States,Parvin.Mehta@BiTermTest.com
10004258,Parvin,Yilmaz,Parvin.Yilmaz@BiTermTest.com,Parvin.Yilmaz@BiTermTest.com,Active,Employee,2010-01-14,,Regional Sales Manager,Sales,United States,Piotr.Malhotra@BiTermTest.com
25257,Pborg,User,PBorg@BiTermTest.com,PBorg@BiTermTest.com,Active,Employee,2004-12-01,,HR Business Partner,Human Resources,Canada,Yaretzi.Aslan@BiTermTest.com
73006563,Petro,Attard,Petro.Attard@BiTermTest.com,Petro.Attard@BiTermTest.com,Active,Employee,2020-08-31,,Fleet Planner,Fleet,United States,Sanne.Iyer@BiTermTest.com
10004201,Petro,Chopra,Petro.Chopra@BiTermTest.com,Petro.Chopra@BiTermTest.com,Active,Employee,2012-03-21,,Regional Sales Manager,Sales,United States,Laleh.Bekele@BiTermTest.com
22422,Petro,Demir,Petro.Demir@BiTermTest.com,Petro.Demir@BiTermTest.com,Active,Employee,2007-10-17,,Operations Supervisor,Operations,United States,Priya.Ribeiro@BiTermTest.com
73007730,Petro,Gupta,Petro.Gupta@BiTermTest.com,Petro.Gupta@BiTermTest.com,Active,Employee,2020-09-14,,Site Coordinator,Operations,United States,Firuza.Bekele@BiTermTest.com
73001510,Petro,Iyer,Petro.Iyer@BiTermTest.com,Petro.Iyer@BiTermTest.com,Active,Employee,2020-03-02,,Security Analyst,Security,Canada,Lars.Sakamoto@BiTermTest.com
73037295,Petro,Menon,Petro.Menon@BiTermTest.com,Petro.Menon@BiTermTest.com,Active,Employee,2023-06-12,,Account Executive,Sales,United States,Tariq.Borg@BiTermTest.com
10005218,Petro,Nakamura,Petro.Nakamura@BiTermTest.com,Petro.Nakamura@BiTermTest.com,Active,Employee,2010-06-21,,Operations Supervisor,Operations,United States,Roisin.Kozlowski@BiTermTest.com
15808,Petro,Nystrom,Petro.Nystrom@BiTermTest.com,Petro.Nystrom@BiTermTest.com,Active,Employee,2015-02-23,,Service Desk Analyst,IT,United States,Anwar.Attard@BiTermTest.com
73052392,Petro,Seo,Petro.Seo@BiTermTest.com,Petro.Seo@BiTermTest.com,Active,Employee,2025-06-10,2026-12-31,Sales Operations Analyst,Sales,United States,Elif.Jankowski@BiTermTest.com
22047,Piotr,Amari,Piotr.Amari@BiTermTest.com,Piotr.Amari@BiTermTest.com,Active,Employee,2008-05-12,,Fleet Maintenance Technician,Fleet,United States,Willem.Kuroda@BiTermTest.com
73023329,Piotr,Ferreira,Piotr.Ferreira@BiTermTest.com,Piotr.Ferreira@BiTermTest.com,Active,Employee,2021-12-13,,GRC Analyst,Security,Canada,FDeshpande@BiTermTest.com
16567,Piotr,Girma,Piotr.Girma@BiTermTest.com,Piotr.Girma@BiTermTest.com,Active,Employee,2017-02-01,,Route Driver,Fleet,United States,Petro.Attard@BiTermTest.com
21964,Piotr,Haddad,Piotr.Haddad@BiTermTest.com,Piotr.Haddad@BiTermTest.com,Active,Employee,2012-03-19,,Recruiter,Human Resources,United States,Mahmoud.Tesfaye@BiTermTest.com
73051894,Piotr,Joshi,Piotr.Joshi@BiTermTest.com,Piotr.Joshi@BiTermTest.com,Active,Employee,2025-05-12,,Recruiter,Human Resources,Canada,Mahmoud.Tesfaye@BiTermTest.com
73006914,Piotr,Malhotra,Piotr.Malhotra@BiTermTest.com,Piotr.Malhotra@BiTermTest.com,Active,Employee,2020-08-17,,Regional Sales Manager,Sales,United States,Elif.Jankowski@BiTermTest.com
73038997,Piotr,Mazur,Piotr.Mazur@BiTermTest.com,Piotr.Mazur@BiTermTest.com,Active,Employee,2023-08-14,,Security Analyst,Security,United States,Marisol.Asante@BiTermTest.com
73053347,Piotr,Novak,Piotr.Novak@BiTermTest.com,Piotr.Novak@BiTermTest.com,Active,Employee,2025-08-18,2027-12-31,Customer Care Associate,Customer Service,United States,Anahi.Esposito@BiTermTest.com
22102,Piotr,Saxena,Piotr.Saxena@BiTermTest.com,Piotr.Saxena@BiTermTest.com,Active,Employee,2014-01-06,,Financial Analyst,Finance,United States,Xochitl.Kapoor@BiTermTest.com
24162,Piotr,Yamamoto,Piotr.Yamamoto@BiTermTest.com,Piotr.Yamamoto@BiTermTest.com,Active,Employee,2011-09-26,,Service Desk Analyst,IT,Canada,Anwar.Attard@BiTermTest.com
10003122,Priya,Bekele,Priya.Bekele@BiTermTest.com,Priya.Bekele@BiTermTest.com,Active,Employee,2014-10-13,,Site Coordinator,Operations,United States,Lars.Boateng@BiTermTest.com
73031198,Priya,Hoang,Priya.Hoang@BiTermTest.com,Priya.Hoang@BiTermTest.com,Active,Employee,2022-10-24,,Platform Administrator,IT,United States,Mahmoud.Worku@BiTermTest.com
19320,Priya,Mifsud,Priya.Mifsud@BiTermTest.com,Priya.Mifsud@BiTermTest.com,Active,Employee,2004-06-07,,Physical Security Officer,Security,United States,Jisoo.Menon@BiTermTest.com
13733,Priya,Nassar,Priya.Nassar@BiTermTest.com,Priya.Nassar@BiTermTest.com,Active,Employee,2015-01-01,,Service Desk Analyst,IT,United States,Gorka.Egorov@BiTermTest.com
21451,Priya,Novikov,Priya.Novikov@BiTermTest.com,Priya.Novikov@BiTermTest.com,Active,Employee,2011-09-26,,HR Business Partner,Human Resources,United States,Yaretzi.Aslan@BiTermTest.com
73016555,Priya,Nystrom,Priya.Nystrom@BiTermTest.com,Priya.Nystrom@BiTermTest.com,Active,Employee,2021-06-21,,Operations Analyst,Operations,United States,Anouk.Azevedo@BiTermTest.com
73035359,Priya,Ribeiro,Priya.Ribeiro@BiTermTest.com,Priya.Ribeiro@BiTermTest.com,Active,Employee,2023-04-03,,Site Coordinator,Operations,United States,Soren.Banerjee@BiTermTest.com
27039,Priya,Zammit,Priya.Zammit@BiTermTest.com,Priya.Zammit@BiTermTest.com,Active,Employee,2013-07-29,,Security Analyst,Security,United States,Amaia.Yilmaz@BiTermTest.com
31928,Qasim,Agarwal,Qasim.Agarwal@BiTermTest.com,Qasim.Agarwal@BiTermTest.com,Active,Employee,2017-06-12,,Physical Security Officer,Security,United States,Chidi.Chopra@BiTermTest.com
40970,Qasim,Aydin,Qasim.Aydin@BiTermTest.com,Qasim.Aydin@BiTermTest.com,Active,Employee,2019-07-22,,Regional Sales Manager,Sales,United States,Laleh.Kulkarni@BiTermTest.com
73012818,Qasim,Devries,Qasim.Devries@BiTermTest.com,Qasim.Devries@BiTermTest.com,Active,Employee,2021-03-08,,Fleet Maintenance Technician,Fleet,United States,Hui.Amari@BiTermTest.com
19887,Qasim,Egorov,Qasim.Egorov@BiTermTest.com,Qasim.Egorov@BiTermTest.com,Active,Employee,2015-02-23,,Platform Administrator,IT,United States,Thabo.Hwang@BiTermTest.com
73012476,Qasim,Engstrom,Qasim.Engstrom@BiTermTest.com,Qasim.Engstrom@BiTermTest.com,Active,Employee,2021-02-10,2027-12-31,Customer Care Associate,Customer Service,Canada,Anahi.Esposito@BiTermTest.com
73016555,Qasim,Fakhoury,Qasim.Fakhoury@BiTermTest.com,Qasim.Fakhoury@BiTermTest.com,Active,Contractor,2021-06-21,,Financial Analyst,Finance,Canada,Rohan.Chukwu@BiTermTest.com
73028818,Qasim,Gupta,Qasim.Gupta@BiTermTest.com,Qasim.Gupta@BiTermTest.com,Active,Employee,2022-07-11,,Platform Administrator,IT,Canada,Eshan.Mulder@BiTermTest.com
73014441,Qasim,Lai,Qasim.Lai@BiTermTest.com,Qasim.Lai@BiTermTest.com,Active,Contractor,2021-04-26,,Customer Security Representative II CDL,Customer Service,United States,Maialen.Jankowski@BiTermTest.com
19480,Qasim,Mukherjee,Qasim.Mukherjee@BiTermTest.com,Qasim.Mukherjee@BiTermTest.com,Active,Employee,1995-08-13,,Financial Analyst,Finance,United States,Femi.Krawczyk@BiTermTest.com
20002687,Qasim,Novikov,Qasim.Novikov@BiTermTest.com,Qasim.Novikov@BiTermTest.com,Active,Employee,2017-09-18,,Operations Analyst,Operations,United States,Soren.Banerjee@BiTermTest.com
19590,Qasim,Nwosu,Qasim.Nwosu@BiTermTest.com,Qasim.Nwosu@BiTermTest.com,Active,Employee,1993-12-01,,Benefits Analyst,Human Resources,United States,Nemanja.Duong@BiTermTest.com
27691,Qasim,Ricci,Qasim.Ricci@BiTermTest.com,Qasim.Ricci@BiTermTest.com,Active,Employee,2009-01-19,,Fleet Maintenance Technician,Fleet,United States,Gorka.Celik@BiTermTest.com
21495,Qfonseca2,User,QFonseca2@BiTermTest.com,QFonseca2@BiTermTest.com,Active,Employee,2002-07-11,,Fleet Planner,Fleet,Canada,Petro.Attard@BiTermTest.com
19492,Quang,Azevedo,Quang.Azevedo@BiTermTest.com,Quang.Azevedo@BiTermTest.com,Active,Employee,2001-07-23,,Recruiter,Human Resources,United States,Sanne.Khoury@BiTermTest.com
21216,Quang,Bosman,Quang.Bosman@BiTermTest.com,Quang.Bosman@BiTermTest.com,Active,Employee,2013-08-05,,Physical Security Officer,Security,United States,Duc.Pham@BiTermTest.com
73039370,Quang,Djordjevic,Quang.Djordjevic@BiTermTest.com,Quang.Djordjevic@BiTermTest.com,Active,Employee,2023-08-25,2026-12-31,Service Desk Analyst,IT,United States,Eshan.Mulder@BiTermTest.com
13977,Quang,Esposito,Quang.Esposito@BiTermTest.com,Quang.Esposito@BiTermTest.com,Active,Employee,2015-01-01,,Account Executive,Sales,United States,Elif.Jankowski@BiTermTest.com
26464,Quang,Ferreira,Quang.Ferreira@BiTermTest.com,Quang.Ferreira@BiTermTest.com,Active,Employee,2013-02-11,,Accounts Payable Clerk,Finance,United States,Teodora.Menon@BiTermTest.com
10004331,Quang,Fujimoto,Quang.Fujimoto@BiTermTest.com,Quang.Fujimoto@BiTermTest.com,Active,Employee,2015-03-02,,HR Business Partner,Human Resources,United States,Cuauhtemoc.Kapoor@BiTermTest.com
26464,Quang,Girma,Quang.Girma@BiTermTest.com,Quang.Girma@BiTermTest.com,Active,Employee,2013-02-11,,Systems Engineer,IT,United States,Renata.Mukherjee@BiTermTest.com
73039551,Quang,Iyer,Quang.Iyer@BiTermTest.com,Quang.Iyer@BiTermTest.com,Active,Employee,2023-10-09,,Account Executive,Sales,Canada,Matteo.Malhotra@BiTermTest.com
13211,Quang,Jankowski,Quang.Jankowski@BiTermTest.com,Quang.Jankowski@BiTermTest.com,Active,Contractor,2023-01-25,,Controller,Finance,United States,Astrid.Micallef@BiTermTest.com
25502,Quang,Mulder,Quang.Mulder@BiTermTest.com,Quang.Mulder@BiTermTest.com,Active,Employee,2007-04-30,,Account Executive,Sales,United States,Ilya.Meijer@BiTermTest.com
73043157,Quang,Obiora,Quang.Obiora@BiTermTest.com,Quang.Obiora@BiTermTest.com,Active,Employee,2024-03-05,,Fleet Maintenance Technician,Fleet,United States,Gorka.Celik@BiTermTest.com
27471,Quang,Traore,Quang.Traore@BiTermTest.com,Quang.Traore@BiTermTest.com,Active,Employee,2004-12-20,,Route Driver,Fleet,United States,Teodora.Jankowski@BiTermTest.com
73035033,Quang,Volkov,Quang.Volkov@BiTermTest.com,Quang.Volkov@BiTermTest.com,Active,Employee,2023-03-20,,Customer Security Representative II CDL,Customer Service,Canada,Eshan.Farrugia@BiTermTest.com
27451,Rafael,Attard,Rafael.Attard@BiTermTest.com,Rafael.Attard@BiTermTest.com,Active,Employee,2006-07-20,,Sales Operations Analyst,Sales,United States,Jisoo.Almeida@BiTermTest.com
22085,Rafael,Chukwu,Rafael.Chukwu@BiTermTest.com,Rafael.Chukwu@BiTermTest.com,Active,Employee,2008-01-23,,Customer Security Representative II CDL,Customer Service,United States,Maialen.Jankowski@BiTermTest.com
22485,Rafael,Esposito,Rafael.Esposito@BiTermTest.com,Rafael.Esposito@BiTermTest.com,Active,Employee,2005-12-05,,Fleet Maintenance Technician,Fleet,United States,Gorka.Celik@BiTermTest.com
73025418,Rafael,Farrugia,Rafael.Farrugia@BiTermTest.com,Rafael.Farrugia@BiTermTest.com,Active,Employee,2025-03-03,,Benefits Analyst,Human Resources,United States,Oksana.Haddad@BiTermTest.com
73033589,Rafael,Fonseca,Rafael.Fonseca@BiTermTest.com,Rafael.Fonseca@BiTermTest.com,Active,Employee,2023-01-23,,Service Desk Analyst,IT,Canada,Renata.Mukherjee@BiTermTest.com
41939,Rafael,Galea,Rafael.Galea@BiTermTest.com,Rafael.Galea@BiTermTest.com,Active,Employee,2019-10-07,,Site Coordinator,Operations,United States,Lars.Boateng@BiTermTest.com
19554,Rafael,Haile,Rafael.Haile@BiTermTest.com,Rafael.Haile@BiTermTest.com,Active,Employee,2001-01-29,,Service Desk Analyst,IT,United States,Diego.Azevedo@BiTermTest.com
38255,Rafael,Iyer,Rafael.Iyer@BiTermTest.com,Rafael.Iyer@BiTermTest.com,Active,Employee,2018-12-17,,GRC Analyst,Security,United States,Ilya.Wozniak@BiTermTest.com
73018147,Rafael,Kirigaya,Rafael.Kirigaya@BiTermTest.com,Rafael.Kirigaya@BiTermTest.com,Active,Employee,2021-07-26,,Sales Operations Analyst,Sales,United States,Matteo.Malhotra@BiTermTest.com
73035319,Rafael,Kozlowski,Rafael.Kozlowski@BiTermTest.com,Rafael.Kozlowski@BiTermTest.com,Active,Employee,2023-03-27,2035-12-31,Operations Supervisor,Operations,United States,OMoretti1@BiTermTest.com
27413,Rafael,Kuroda,Rafael.Kuroda@BiTermTest.com,Rafael.Kuroda@BiTermTest.com,Active,Employee,1993-10-18,,Customer Care Associate,Customer Service,Canada,Beatriz.Sahin@BiTermTest.com
23181,Rafael,Maalouf,Rafael.Maalouf@BiTermTest.com,Rafael.Maalouf@BiTermTest.com,Active,Employee,2016-05-31,,GRC Analyst,Security,United States,Jisoo.Menon@BiTermTest.com
73030055,Rafael,Sowande,Rafael.Sowande@BiTermTest.com,Rafael.Sowande@BiTermTest.com,Active,Employee,2022-08-23,,Fleet Maintenance Technician,Fleet,United States,Jeroen.Petrovic@BiTermTest.com
14556,Rafael,Stojanovic,Rafael.Stojanovic@BiTermTest.com,Rafael.Stojanovic@BiTermTest.com,Active,Employee,2015-01-01,,GRC Analyst,Security,United States,Amaia.Yilmaz@BiTermTest.com
26658,Rafael,Titov,Rafael.Titov@BiTermTest.com,Rafael.Titov@BiTermTest.com,Active,Employee,2013-07-15,,Controller,Finance,United States,Sanne.Desta@BiTermTest.com
20539,Rafael,Vuong,Rafael.Vuong@BiTermTest.com,Rafael.Vuong@BiTermTest.com,Active,Employee,2014-07-14,,Recruiter,Human Resources,United States,Iker.Lewandowski@BiTermTest.com
73029752,Rafael,Wojcik,Rafael.Wojcik@BiTermTest.com,Rafael.Wojcik@BiTermTest.com,Active,Employee,2022-08-22,,Regional Sales Manager,Sales,United States,Ilya.Meijer@BiTermTest.com
10004996,Rafael,Worku,Rafael.Worku@BiTermTest.com,Rafael.Worku@BiTermTest.com,Active,Employee,2004-04-01,,Site Coordinator,Operations,United States,Jovana.Baraka@BiTermTest.com
21841,Rafael,Yoon,Rafael.Yoon@BiTermTest.com,Rafael.Yoon@BiTermTest.com,Active,Employee,2009-10-26,,GRC Analyst,Security,United States,Meera.Rossi@BiTermTest.com
34690,Rashida,Bae,Rashida.Bae@BiTermTest.com,Rashida.Bae@BiTermTest.com,Active,Employee,2018-02-08,,Fleet Planner,Fleet,United States,Mei.Ozturk@BiTermTest.com
20106,Rashida,Bekele,Rashida.Bekele@BiTermTest.com,Rashida.Bekele@BiTermTest.com,Active,Contractor,2005-06-22,,Benefits Analyst,Human Resources,United States,Ren.Mazur@BiTermTest.com
73020328,Rashida,Boateng,Rashida.Boateng@BiTermTest.com,Rashida.Boateng@BiTermTest.com,Active,Employee,2021-09-03,2027-12-31,Site Coordinator,Operations,Canada,Anouk.Azevedo@BiTermTest.com
40070,Rashida,Dekker,Rashida.Dekker@BiTermTest.com,Rashida.Dekker@BiTermTest.com,Active,Employee,2019-05-06,,Fleet Planner,Fleet,Canada,Sanne.Iyer@BiTermTest.com
73052497,Rashida,Desai,Rashida.Desai@BiTermTest.com,Rashida.Desai@BiTermTest.com,Active,Employee,2025-06-23,,Security Analyst,Security,United States,FDeshpande@BiTermTest.com
73051410,Rashida,Egorov,Rashida.Egorov@BiTermTest.com,Rashida.Egorov@BiTermTest.com,Active,Employee,2025-04-09,,Route Driver,Fleet,United States,Sanne.Iyer@BiTermTest.com
15182,Rashida,Jankowski,Rashida.Jankowski@BiTermTest.com,Rashida.Jankowski@BiTermTest.com,Active,Employee,2015-01-01,,Benefits Analyst,Human Resources,United States,Jisoo.Jeong@BiTermTest.com
23181,Rashida,Jovanovic,Rashida.Jovanovic@BiTermTest.com,Rashida.Jovanovic@BiTermTest.com,Active,Employee,2016-05-31,,Fleet Maintenance Technician,Fleet,United States,Petro.Attard@BiTermTest.com
36316,Rashida,Krawczyk,Rashida.Krawczyk@BiTermTest.com,Rashida.Krawczyk@BiTermTest.com,Active,Employee,2018-07-09,,Recruiter,Human Resources,United States,Xochitl.Wojcik@BiTermTest.com
73018413,Rashida,Lundgren,Rashida.Lundgren@BiTermTest.com,Rashida.Lundgren@BiTermTest.com,Terminated,Employee,2021-07-20,2026-03-23,Systems Engineer,IT,Canada,Katya.Horvat@BiTermTest.com
22347,Rashida,Mukherjee,Rashida.Mukherjee@BiTermTest.com,Rashida.Mukherjee@BiTermTest.com,Active,Employee,2006-07-10,,Financial Analyst,Finance,United States,Aylin.Mukherjee@BiTermTest.com
37233,Rashida,Nassar,Rashida.Nassar@BiTermTest.com,Rashida.Nassar@BiTermTest.com,Active,Employee,2018-10-01,,GRC Analyst,Security,United States,Anouk.Desta@BiTermTest.com
10005143,Rashida,Ngo,Rashida.Ngo@BiTermTest.com,Rashida.Ngo@BiTermTest.com,Active,Employee,2013-07-22,,Accounts Payable Clerk,Finance,United States,Iker.Traore@BiTermTest.com
30664,Rashida,Polat,Rashida.Polat@BiTermTest.com,Rashida.Polat@BiTermTest.com,Active,Employee,2017-04-03,,Regional Sales Manager,Sales,United States,Laleh.Bekele@BiTermTest.com
18705,Ravi,Adeyemi,Ravi.Adeyemi@BiTermTest.com,Ravi.Adeyemi@BiTermTest.com,Active,Employee,2016-08-22,,Financial Analyst,Finance,United States,Chiara.Demir@BiTermTest.com
73051836,Ravi,Kaya,Ravi.Kaya@BiTermTest.com,Ravi.Kaya@BiTermTest.com,Active,Employee,2025-05-11,,Account Support Lead,Customer Service,United States,Itzel.Piotrowski@BiTermTest.com
16256,Ravi,Kozlowski,Ravi.Kozlowski@BiTermTest.com,Ravi.Kozlowski@BiTermTest.com,Active,Employee,2015-06-22,,Operations Supervisor,Operations,United States,Tahira.Zammit@BiTermTest.com
73015172,Ravi,Lewandowski,Ravi.Lewandowski@BiTermTest.com,Ravi.Lewandowski@BiTermTest.com,Active,Employee,2021-05-24,,Benefits Analyst,Human Resources,United States,Cuauhtemoc.Kapoor@BiTermTest.com
73006914,Ravi,Ozturk,Ravi.Ozturk@BiTermTest.com,Ravi.Ozturk@BiTermTest.com,Active,Employee,2020-08-17,,Benefits Analyst,Human Resources,United States,Ren.Mazur@BiTermTest.com
73017349,Ravi,Ricci,Ravi.Ricci@BiTermTest.com,Ravi.Ricci@BiTermTest.com,Active,Employee,2021-07-06,,Benefits Analyst,Human Resources,United States,Iker.Lewandowski@BiTermTest.com
24467,Ravi,Traore,Ravi.Traore@BiTermTest.com,Ravi.Traore@BiTermTest.com,Active,Contractor,2014-03-03,,Accounts Payable Clerk,Finance,United States,Soren.Ferreira@BiTermTest.com
27539,Ravi,Truong,Ravi.Truong@BiTermTest.com,Ravi.Truong@BiTermTest.com,Active,Employee,1992-03-17,,Regional Sales Manager,Sales,Canada,Niamh.Rahal@BiTermTest.com
24294,Ravi,Zammit,Ravi.Zammit@BiTermTest.com,Ravi.Zammit@BiTermTest.com,Active,Employee,2012-06-12,,Regional Sales Manager,Sales,United States,Ilya.Meijer@BiTermTest.com
26961,Ren,Abebe,Ren.Abebe@BiTermTest.com,Ren.Abebe@BiTermTest.com,Active,Employee,2014-11-24,,Controller,Finance,Canada,Soren.Ferreira@BiTermTest.com
73006966,Ren,Aslan,Ren.Aslan@BiTermTest.com,Ren.Aslan@BiTermTest.com,Active,Employee,2020-08-17,,Financial Analyst,Finance,United States,Deniz.Marino@BiTermTest.com
25533,Ren,Barone,Ren.Barone@BiTermTest.com,Ren.Barone@BiTermTest.com,Active,Employee,2019-11-04,,GRC Analyst,Security,United States,Amaia.Diallo@BiTermTest.com
10004559,Ren,Carvalho,Ren.Carvalho@BiTermTest.com,Ren.Carvalho@BiTermTest.com,Active,Employee,2011-12-26,,Recruiter,Human Resources,United States,Mahmoud.Tesfaye@BiTermTest.com
73044491,Ren,Conti,Ren.Conti@BiTermTest.com,Ren.Conti@BiTermTest.com,Active,Employee,2024-05-20,,Security Analyst,Security,United States,Amaia.Dang@BiTermTest.com
23506,Ren,Dabrowski,Ren.Dabrowski@BiTermTest.com,Ren.Dabrowski@BiTermTest.com,Active,Employee,2007-01-15,,Regional Sales Manager,Sales,United States,Elif.Jankowski@BiTermTest.com
10006003,Ren,Desta,Ren.Desta@BiTermTest.com,Ren.Desta@BiTermTest.com,Active,Employee,2016-10-05,,Systems Engineer,IT,United States,Emre.Kobayashi@BiTermTest.com
73000229,Ren,Diallo,Ren.Diallo@BiTermTest.com,Ren.Diallo@BiTermTest.com,Active,Contractor,2020-01-06,,Fleet Planner,Fleet,United States,Hui.Amari@BiTermTest.com
73050381,Ren,Grabowski,Ren.Grabowski@BiTermTest.com,Ren.Grabowski@BiTermTest.com,Active,Employee,2025-02-06,,Financial Analyst,Finance,United States,Parvin.Mehta@BiTermTest.com
73046850,Ren,Iyer,Ren.Iyer@BiTermTest.com,Ren.Iyer@BiTermTest.com,Active,Employee,2024-10-01,,Route Driver,Fleet,United States,Willem.Kuroda@BiTermTest.com
10001365,Ren,Kaya,Ren.Kaya@BiTermTest.com,Ren.Kaya@BiTermTest.com,Active,Employee,2008-06-27,,Sales Operations Analyst,Sales,United States,Elif.Jankowski@BiTermTest.com
27567,Ren,Kwon,Ren.Kwon@BiTermTest.com,Ren.Kwon@BiTermTest.com,Active,Employee,2003-05-05,,Financial Analyst,Finance,United States,Ingrid.Banerjee@BiTermTest.com
73035296,Ren,Lai,Ren.Lai@BiTermTest.com,Ren.Lai@BiTermTest.com,Active,Employee,2023-03-27,2035-12-31,Fleet Planner,Fleet,United States,Yusuf.Kaminski@BiTermTest.com
73001871,Ren,Mazur,Ren.Mazur@BiTermTest.com,Ren.Mazur@BiTermTest.com,Active,Employee,2020-03-09,,Recruiter,Human Resources,Canada,Sanne.Khoury@BiTermTest.com
20962,Ren,Ngo,Ren.Ngo@BiTermTest.com,Ren.Ngo@BiTermTest.com,Active,Employee,2015-07-27,,Operations Analyst,Operations,United States,Bjorn.Barone@BiTermTest.com
73033890,Ren,Pillai,Ren.Pillai@BiTermTest.com,Ren.Pillai@BiTermTest.com,Active,Employee,2023-02-06,,Fleet Planner,Fleet,United States,Teodora.Jankowski@BiTermTest.com
33974,Ren,Ricci,Ren.Ricci@BiTermTest.com,Ren.Ricci@BiTermTest.com,Active,Employee,2017-12-13,,Regional Sales Manager,Sales,United States,Rashida.Polat@BiTermTest.com
41490,Ren,Zammit,Ren.Zammit@BiTermTest.com,Ren.Zammit@BiTermTest.com,Active,Contractor,2019-09-03,,Financial Analyst,Finance,Canada,Astrid.Fofana@BiTermTest.com
73014397,Renata,Attard,Renata.Attard@BiTermTest.com,Renata.Attard@BiTermTest.com,Active,Employee,2021-04-13,,Sales Operations Analyst,Sales,United States,Jing.Owusu@BiTermTest.com
27985,Renata,Bosman,Renata.Bosman@BiTermTest.com,Renata.Bosman@BiTermTest.com,Active,Employee,2015-06-22,,Accounts Payable Clerk,Finance,United States,Naoko.Jeong@BiTermTest.com
73024147,Renata,Dekker,Renata.Dekker@BiTermTest.com,Renata.Dekker@BiTermTest.com,Active,Employee,2022-01-24,,Regional Sales Manager,Sales,United States,Laleh.Bekele@BiTermTest.com
73008405,Renata,Djordjevic,Renata.Djordjevic@BiTermTest.com,Renata.Djordjevic@BiTermTest.com,Renata Djordjevic,Employee,2020-10-26,,GRC Analyst,Security,United States,Lan.Vosberg@BiTermTest.com
12477,Renata,Duong,Renata.Duong@BiTermTest.com,Renata.Duong@BiTermTest.com,Active,Employee,2013-08-22,,Accounts Payable Clerk,Finance,United States,Parvin.Wisniewski@BiTermTest.com
27501,Renata,Fonseca,Renata.Fonseca@BiTermTest.com,Renata.Fonseca@BiTermTest.com,Active,Employee,2005-11-07,,Customer Security Representative II CDL,Customer Service,United States,Anahi.Esposito@BiTermTest.com
73014388,Renata,Kobayashi,Renata.Kobayashi@BiTermTest.com,Renata.Kobayashi@BiTermTest.com,Active,Employee,2021-04-26,,HR Business Partner,Human Resources,United States,Citlali.Ngo@BiTermTest.com
27625,Renata,Menon,Renata.Menon@BiTermTest.com,Renata.Menon@BiTermTest.com,Active,Employee,2002-07-24,,Account Executive,Sales,United States,Mateo.Pillai@BiTermTest.com
40061,Renata,Moretti,Renata.Moretti@BiTermTest.com,Renata.Moretti@BiTermTest.com,Active,Employee,2019-05-06,,HR Business Partner,Human Resources,United States,Xochitl.Wojcik@BiTermTest.com
24545,Renata,Mukherjee,Renata.Mukherjee@BiTermTest.com,Renata.Mukherjee@BiTermTest.com,Active,Employee,2014-04-14,,Systems Engineer,IT,United States,Gorka.Egorov@BiTermTest.com
73031051,Renata,Rossi,Renata.Rossi@BiTermTest.com,Renata.Rossi@BiTermTest.com,Active,Employee,2024-12-30,,Financial Analyst,Finance,United States,Aylin.Mukherjee@BiTermTest.com
13093,Renata,Uchida,Renata.Uchida@BiTermTest.com,Renata.Uchida@BiTermTest.com,Active,Employee,2015-01-01,,Route Driver,Fleet,United States,Sanne.Iyer@BiTermTest.com
26542,Renata,Yilmaz,Renata.Yilmaz@BiTermTest.com,Renata.Yilmaz@BiTermTest.com,Active,Employee,2013-04-29,,Account Support Lead,Customer Service,United States,Duc.Joshi@BiTermTest.com
22130,Rkocak,User,RKocak@BiTermTest.com,RKocak@BiTermTest.com,Active,Employee,2013-01-28,,Regional Sales Manager,Sales,Canada,Ilya.Meijer@BiTermTest.com
73036929,Rohan,Arslan,Rohan.Arslan@BiTermTest.com,Rohan.Arslan@BiTermTest.com,Active,Contractor,2023-05-15,,Sales Operations Analyst,Sales,Canada,Niamh.Rahal@BiTermTest.com
22197,Rohan,Camara,Rohan.Camara@BiTermTest.com,Rohan.Camara@BiTermTest.com,Active,Employee,2007-04-16,,Financial Analyst,Finance,United States,Ingrid.Banerjee@BiTermTest.com
21970,Rohan,Chukwu,Rohan.Chukwu@BiTermTest.com,Rohan.Chukwu@BiTermTest.com,Active,Contractor,2012-07-30,,Accounts Payable Clerk,Finance,United States,Parvin.Mehta@BiTermTest.com
26852,Rohan,Haile,Rohan.Haile@BiTermTest.com,Rohan.Haile@BiTermTest.com,Active,Employee,2008-12-22,,Account Support Lead,Customer Service,United States,Beatriz.Sahin@BiTermTest.com
73032556,Rohan,Kirigaya,Rohan.Kirigaya@BiTermTest.com,Rohan.Kirigaya@BiTermTest.com,Active,Employee,2022-12-19,2035-12-31,Operations Analyst,Operations,United States,Lan.Micallef@BiTermTest.com
39447,Rohan,Kozlowski,Rohan.Kozlowski@BiTermTest.com,Rohan.Kozlowski@BiTermTest.com,Active,Employee,2019-04-01,,Operations Supervisor,Operations,United States,Anouk.Azevedo@BiTermTest.com
13093,Rohan,Matsuda,Rohan.Matsuda@BiTermTest.com,Rohan.Matsuda@BiTermTest.com,Active,Contractor,2015-01-01,,Customer Security Representative II CDL,Customer Service,United States,Beatriz.Haile@BiTermTest.com
10004397,Rohan,Nwosu,Rohan.Nwosu@BiTermTest.com,Rohan.Nwosu@BiTermTest.com,Active,Employee,2008-10-28,,Fleet Planner,Fleet,Canada,Tariq.Zammit@BiTermTest.com
19677,Rohan,Orlov,Rohan.Orlov@BiTermTest.com,Rohan.Orlov@BiTermTest.com,Active,Contractor,2015-06-18,,Accounts Payable Clerk,Finance,Canada,Gorka.Desta@BiTermTest.com
73039363,Rohan,Ricci,Rohan.Ricci@BiTermTest.com,Rohan.Ricci@BiTermTest.com,Active,Contractor,2023-08-25,2026-12-31,Physical Security Officer,Security,United States,Amaia.Diallo@BiTermTest.com
24751,Rohan,Sandberg,Rohan.Sandberg@BiTermTest.com,Rohan.Sandberg@BiTermTest.com,Active,Employee,2011-04-01,,Systems Engineer,IT,United States,Sigrid.Ndiaye@BiTermTest.com
73027613,Rohan,Varma,Rohan.Varma@BiTermTest.com,Rohan.Varma@BiTermTest.com,Active,Employee,2022-06-06,,Customer Care Associate,Customer Service,United States,Lorenzo.Kebede@BiTermTest.com
17613,Rohan,Visser,Rohan.Visser@BiTermTest.com,Rohan.Visser@BiTermTest.com,Active,Employee,2016-06-30,,GRC Analyst,Security,United States,Duc.Pham@BiTermTest.com
73009142,Roisin,Aslan,Roisin.Aslan@BiTermTest.com,Roisin.Aslan@BiTermTest.com,Active,Employee,2020-11-30,,Account Support Lead,Customer Service,United States,Jovana.Mifsud@BiTermTest.com
38056,Roisin,Balogun,Roisin.Balogun@BiTermTest.com,Roisin.Balogun@BiTermTest.com,Active,Employee,2018-12-03,,Security Analyst,Security,United States,Lan.Vosberg@BiTermTest.com
31192,Roisin,Ferrari,Roisin.Ferrari@BiTermTest.com,Roisin.Ferrari@BiTermTest.com,Terminated,Employee,2017-04-24,2026-03-20,Customer Care Associate,Customer Service,United States,Beatriz.Sahin@BiTermTest.com
73011232,Roisin,Gallo,Roisin.Gallo@BiTermTest.com,Roisin.Gallo@BiTermTest.com,Active,Contractor,2021-01-29,,Account Executive,Sales,United States,Laleh.Bekele@BiTermTest.com
19868,Roisin,Gupta,Roisin.Gupta@BiTermTest.com,Roisin.Gupta@BiTermTest.com,Active,Employee,1990-01-05,,Sales Operations Analyst,Sales,United States,Mateo.Pillai@BiTermTest.com
12926,Roisin,Hoshino,Roisin.Hoshino@BiTermTest.com,Roisin.Hoshino@BiTermTest.com,Active,Employee,2015-01-01,,Systems Engineer,IT,United States,Ren.Desta@BiTermTest.com
73049787,Roisin,Kowalski,Roisin.Kowalski@BiTermTest.com,Roisin.Kowalski@BiTermTest.com,Active,Employee,2025-01-06,2035-01-17,Security Analyst,Security,United States,Diego.Nakamura@BiTermTest.com
73055725,Roisin,Kozlowski,Roisin.Kozlowski@BiTermTest.com,Roisin.Kozlowski@BiTermTest.com,Active,Employee,2026-02-27,2027-02-27,Operations Analyst,Operations,United States,Xiomara.Holmgren@BiTermTest.com
12364,Roisin,Kwon,Roisin.Kwon@BiTermTest.com,Roisin.Kwon@BiTermTest.com,Active,Employee,2013-05-21,,GRC Analyst,Security,United States,Firuza.Mulder@BiTermTest.com
10004558,Roisin,Mazur,Roisin.Mazur@BiTermTest.com,Roisin.Mazur@BiTermTest.com,Active,Employee,2024-02-27,,Customer Security Representative II CDL,Customer Service,United States,Arjun.Forsberg@BiTermTest.com
73037422,Roisin,Ozturk,Roisin.Ozturk@BiTermTest.com,Roisin.Ozturk@BiTermTest.com,Active,Contractor,2023-06-12,,Customer Security Representative II CDL,Customer Service,United States,Beatriz.Haile@BiTermTest.com
33974,Roisin,Ribeiro,Roisin.Ribeiro@BiTermTest.com,Roisin.Ribeiro@BiTermTest.com,Active,Employee,2017-12-13,,Regional Sales Manager,Sales,United States,Rashida.Polat@BiTermTest.com
27381,Roisin,Traore,Roisin.Traore@BiTermTest.com,Roisin.Traore@BiTermTest.com,Active,Employee,1988-12-05,,Accounts Payable Clerk,Finance,United States,Parvin.Mehta@BiTermTest.com
25257,Roisin,Zammit,Roisin.Zammit@BiTermTest.com,Roisin.Zammit@BiTermTest.com,Active,Employee,2004-12-01,,Service Desk Analyst,IT,United States,Katya.Horvat@BiTermTest.com
73039754,Sakura,Abebe,Sakura.Abebe@BiTermTest.com,Sakura.Abebe@BiTermTest.com,Active,Employee,2023-09-13,2099-09-13,Customer Security Representative II CDL,Customer Service,United States,Elzbieta.Amari@BiTermTest.com
73054273,Sakura,Attard,Sakura.Attard@BiTermTest.com,Sakura.Attard@BiTermTest.com,Active,Employee,2025-11-03,,Benefits Analyst,Human Resources,United States,Ren.Mazur@BiTermTest.com
10006347,Sakura,Fujimoto,Sakura.Fujimoto@BiTermTest.com,Sakura.Fujimoto@BiTermTest.com,Active,Employee,2017-05-15,,Fleet Maintenance Technician,Fleet,Canada,Ximena.Worku@BiTermTest.com
13676,Sakura,Ghanem,Sakura.Ghanem@BiTermTest.com,Sakura.Ghanem@BiTermTest.com,Active,Employee,2015-01-01,,Service Desk Analyst,IT,United States,Volkan.Engstrom@BiTermTest.com
31164,Sakura,Hwang,Sakura.Hwang@BiTermTest.com,Sakura.Hwang@BiTermTest.com,Active,Contractor,2017-04-17,,Operations Analyst,Operations,United States,Bjorn.Barone@BiTermTest.com
73040266,Sakura,Lemma,Sakura.Lemma@BiTermTest.com,Sakura.Lemma@BiTermTest.com,Active,Employee,2023-10-09,,Operations Analyst,Operations,United States,Xiomara.Holmgren@BiTermTest.com
22554,Sakura,Meijer,Sakura.Meijer@BiTermTest.com,Sakura.Meijer@BiTermTest.com,Active,Employee,2009-09-28,,Customer Care Associate,Customer Service,United States,Jovana.Mifsud@BiTermTest.com
39757,Sakura,Morozov,Sakura.Morozov@BiTermTest.com,Sakura.Morozov@BiTermTest.com,Active,Employee,2019-04-15,,Account Executive,Sales,United States,Laleh.Kulkarni@BiTermTest.com
73013812,Sakura,Nikolic,Sakura.Nikolic@BiTermTest.com,Sakura.Nikolic@BiTermTest.com,Active,Employee,2021-03-29,,Recruiter,Human Resources,United States,Sanne.Khoury@BiTermTest.com
10003081,Sakura,Nowak,Sakura.Nowak@BiTermTest.com,Sakura.Nowak@BiTermTest.com,Active,Employee,2014-09-02,,Financial Analyst,Finance,United States,Feng.Gallo@BiTermTest.com
73028087,Sakura,Obiora,Sakura.Obiora@BiTermTest.com,Sakura.Obiora@BiTermTest.com,Active,Employee,2022-06-13,,Operations Supervisor,Operations,United States,Xiomara.Holmgren@BiTermTest.com
14903,Sakura,Ozturk,Sakura.Ozturk@BiTermTest.com,Sakura.Ozturk@BiTermTest.com,Active,Employee,2015-01-01,,Financial Analyst,Finance,United States,Astrid.Fofana@BiTermTest.com
19841,Sakura,Petrov,Sakura.Petrov@BiTermTest.com,Sakura.Petrov@BiTermTest.com,Active,Employee,2015-03-16,,Fleet Planner,Fleet,United States,Thiago.Barone@BiTermTest.com
22093,Sakura,Sleiman,Sakura.Sleiman@BiTermTest.com,Sakura.Sleiman@BiTermTest.com,Active,Employee,2008-01-14,,GRC Analyst,Security,United States,Gita.Meijer@BiTermTest.com
24497,Sakura,Vuong,Sakura.Vuong@BiTermTest.com,Sakura.Vuong@BiTermTest.com,Active,Employee,2014-03-31,,Service Desk Analyst,IT,United States,Mahmoud.Worku@BiTermTest.com
73051310,Sanjay,Banerjee,Sanjay.Banerjee@BiTermTest.com,Sanjay.Banerjee@BiTermTest.com,Active,Employee,2025-04-14,,Account Executive,Sales,United States,Piotr.Malhotra@BiTermTest.com
24243,Sanjay,Dabrowski,Sanjay.Dabrowski@BiTermTest.com,Sanjay.Dabrowski@BiTermTest.com,Active,Employee,2012-06-18,,Fleet Planner,Fleet,United States,Aoife.Bosman@BiTermTest.com
73010605,Sanjay,Hoang,Sanjay.Hoang@BiTermTest.com,Sanjay.Hoang@BiTermTest.com,Active,Employee,2020-12-28,,Security Analyst,Security,United States,Diego.Nakamura@BiTermTest.com
39056,Sanjay,Kuroda,Sanjay.Kuroda@BiTermTest.com,Sanjay.Kuroda@BiTermTest.com,Active,Contractor,2019-02-18,,GRC Analyst,Security,Canada,FDeshpande@BiTermTest.com
73045058,Sanjay,Lundgren,Sanjay.Lundgren@BiTermTest.com,Sanjay.Lundgren@BiTermTest.com,Active,Employee,2024-06-17,,Operations Analyst,Operations,United States,Tahira.Zammit@BiTermTest.com
73002434,Sanjay,Nair,Sanjay.Nair@BiTermTest.com,Sanjay.Nair@BiTermTest.com,Active,Employee,2020-03-16,,Fleet Planner,Fleet,Canada,Sanne.Iyer@BiTermTest.com
10006832,Sanjay,Obiora,Sanjay.Obiora@BiTermTest.com,Sanjay.Obiora@BiTermTest.com,Active,Employee,2018-04-16,,Operations Analyst,Operations,Canada,Ines.Fofana@BiTermTest.com
22783,Sanjay,Owusu,Sanjay.Owusu@BiTermTest.com,Sanjay.Owusu@BiTermTest.com,Active,Employee,2010-08-23,,Operations Supervisor,Operations,United States,Suleiman.Seo@BiTermTest.com
73023867,Sanjay,Zammit,Sanjay.Zammit@BiTermTest.com,Sanjay.Zammit@BiTermTest.com,Active,Employee,2022-01-18,,Service Desk Analyst,IT,United States,Deniz.Mulder@BiTermTest.com
19756,Sanne,Attard,Sanne.Attard@BiTermTest.com,Sanne.Attard@BiTermTest.com,Active,Employee,1991-12-05,,Service Desk Analyst,IT,Canada,Daan.Uchida@BiTermTest.com
23502,Sanne,Barone,Sanne.Barone@BiTermTest.com,Sanne.Barone@BiTermTest.com,Active,Employee,2007-01-29,,Regional Sales Manager,Sales,United States,Jisoo.Almeida@BiTermTest.com
20003593,Sanne,Chukwu,Sanne.Chukwu@BiTermTest.com,Sanne.Chukwu@BiTermTest.com,Active,Employee,2020-07-07,,Recruiter,Human Resources,United States,Cuauhtemoc.Kapoor@BiTermTest.com
10005804,Sanne,Conti,Sanne.Conti@BiTermTest.com,Sanne.Conti@BiTermTest.com,Active,Employee,2016-07-18,,Customer Security Representative II CDL,Customer Service,United States,Beatriz.Haile@BiTermTest.com
73044959,Sanne,Desta,Sanne.Desta@BiTermTest.com,Sanne.Desta@BiTermTest.com,Active,Contractor,2024-06-10,,Controller,Finance,Canada,Parvin.Mehta@BiTermTest.com
73031072,Sanne,Iyer,Sanne.Iyer@BiTermTest.com,Sanne.Iyer@BiTermTest.com,Active,Employee,2025-01-06,,Fleet Planner,Fleet,United States,Teodora.Jankowski@BiTermTest.com
73039277,Sanne,Jovanovic,Sanne.Jovanovic@BiTermTest.com,Sanne.Jovanovic@BiTermTest.com,Active,Employee,2023-09-05,,Benefits Analyst,Human Resources,United States,Jisoo.Jeong@BiTermTest.com
36515,Sanne,Khoury,Sanne.Khoury@BiTermTest.com,Sanne.Khoury@BiTermTest.com,Active,Employee,2018-08-06,,Benefits Analyst,Human Resources,United States,Henryk.Yamamoto@BiTermTest.com
26770,Sanne,Petrovic,Sanne.Petrovic@BiTermTest.com,Sanne.Petrovic@BiTermTest.com,Active,Contractor,2014-06-02,,Service Desk Analyst,IT,United States,Maialen.Sleiman@BiTermTest.com
13054,Sanne,Teixeira,Sanne.Teixeira@BiTermTest.com,Sanne.Teixeira@BiTermTest.com,Terminated,Employee,2015-01-01,2026-03-23,Service Desk Analyst,IT,United States,Mahmoud.Nakamura@BiTermTest.com
24467,Seda,Adeyemi,Seda.Adeyemi@BiTermTest.com,Seda.Adeyemi@BiTermTest.com,Active,Employee,2014-03-03,,Systems Engineer,IT,United States,Xiu.Carvalho@BiTermTest.com
73035314,Seda,Attard,Seda.Attard@BiTermTest.com,Seda.Attard@BiTermTest.com,Active,Employee,2023-03-27,2035-12-31,Site Coordinator,Operations,United States,Firuza.Moretti@BiTermTest.com
18706,Seda,Barone,Seda.Barone@BiTermTest.com,Seda.Barone@BiTermTest.com,Terminated,Employee,2016-08-15,2026-03-23,Operations Supervisor,Operations,United States,Rafael.Kozlowski@BiTermTest.com
39503,Seda,Bhattacharya,Seda.Bhattacharya@BiTermTest.com,Seda.Bhattacharya@BiTermTest.com,Active,Employee,2019-03-25,,Customer Care Associate,Customer Service,United States,Itzel.Piotrowski@BiTermTest.com
27618,Seda,Grech,Seda.Grech@BiTermTest.com,Seda.Grech@BiTermTest.com,Active,Employee,2015-04-13,,Platform Administrator,IT,United States,Mahmoud.Nakamura@BiTermTest.com
73037328,Seda,Holmgren,Seda.Holmgren@BiTermTest.com,Seda.Holmgren@BiTermTest.com,Active,Employee,2023-06-12,,Operations Analyst,Operations,United States,Xiomara.Holmgren@BiTermTest.com
25273,Seda,Kapoor,Seda.Kapoor@BiTermTest.com,Seda.Kapoor@BiTermTest.com,Active,Employee,2005-08-18,,Customer Care Associate,Customer Service,United States,Lorenzo.Kebede@BiTermTest.com
37939,Seda,Kilic,Seda.Kilic@BiTermTest.com,Seda.Kilic@BiTermTest.com,Active,Employee,2018-11-26,,Operations Analyst,Operations,United States,Roisin.Kozlowski@BiTermTest.com
37333,Seda,Rossi,Seda.Rossi@BiTermTest.com,Seda.Rossi@BiTermTest.com,Active,Contractor,2018-10-08,,HR Business Partner,Human Resources,United States,Henryk.Yamamoto@BiTermTest.com
40113,Seda,Uchida,Seda.Uchida@BiTermTest.com,Seda.Uchida@BiTermTest.com,Active,Employee,2019-05-13,,Sales Operations Analyst,Sales,United States,Mateo.Pillai@BiTermTest.com
73031085,Sigrid,Aksoy,Sigrid.Aksoy@BiTermTest.com,Sigrid.Aksoy@BiTermTest.com,Active,Contractor,2022-12-09,,Accounts Payable Clerk,Finance,United States,Soren.Ferreira@BiTermTest.com
10003232,Sigrid,Arslan,Sigrid.Arslan@BiTermTest.com,Sigrid.Arslan@BiTermTest.com,Active,Employee,2015-02-17,,Controller,Finance,Canada,Deniz.Marino@BiTermTest.com
31133,Sigrid,Boateng,Sigrid.Boateng@BiTermTest.com,Sigrid.Boateng@BiTermTest.com,Active,Employee,2017-04-18,,Physical Security Officer,Security,Canada,Imani.Baraka@BiTermTest.com
38821,Sigrid,Cardoso,Sigrid.Cardoso@BiTermTest.com,Sigrid.Cardoso@BiTermTest.com,Active,Employee,2019-02-04,,Regional Sales Manager,Sales,United States,Matteo.Malhotra@BiTermTest.com
26628,Sigrid,Chatterjee,Sigrid.Chatterjee@BiTermTest.com,Sigrid.Chatterjee@BiTermTest.com,Active,Employee,2013-12-02,,Service Desk Analyst,IT,Canada,Anwar.Attard@BiTermTest.com
73032099,Sigrid,Kocak,Sigrid.Kocak@BiTermTest.com,Sigrid.Kocak@BiTermTest.com,Active,Employee,2022-12-12,,Fleet Maintenance Technician,Fleet,United States,Sanne.Iyer@BiTermTest.com
73040243,Sigrid,Lundgren,Sigrid.Lundgren@BiTermTest.com,Sigrid.Lundgren@BiTermTest.com,Active,Employee,2023-10-16,,Regional Sales Manager,Sales,United States,Laleh.Bekele@BiTermTest.com
73055067,Sigrid,Ndiaye,Sigrid.Ndiaye@BiTermTest.com,Sigrid.Ndiaye@BiTermTest.com,Active,Employee,2025-12-26,2027-12-31,Service Desk Analyst,IT,United States,Volkan.Engstrom@BiTermTest.com
22230,Sigrid,Ngo,Sigrid.Ngo@BiTermTest.com,Sigrid.Ngo@BiTermTest.com,Active,Employee,1995-07-19,,Physical Security Officer,Security,United States,Marisol.Asante@BiTermTest.com
23190,Siobhan,Banerjee,Siobhan.Banerjee@BiTermTest.com,Siobhan.Banerjee@BiTermTest.com,Active,Employee,2010-03-16,,Sales Operations Analyst,Sales,United States,Rashida.Polat@BiTermTest.com
23884,Siobhan,Bhattacharya,Siobhan.Bhattacharya@BiTermTest.com,Siobhan.Bhattacharya@BiTermTest.com,Active,Employee,2011-02-28,,Operations Supervisor,Operations,United States,Nemanja.Nikolic@BiTermTest.com
24165,Siobhan,Camilleri,Siobhan.Camilleri@BiTermTest.com,Siobhan.Camilleri@BiTermTest.com,Active,Employee,2012-08-13,,Platform Administrator,IT,United States,Sigrid.Ndiaye@BiTermTest.com
20354,Siobhan,Holmgren,Siobhan.Holmgren@BiTermTest.com,Siobhan.Holmgren@BiTermTest.com,Active,Employee,2014-10-27,,Operations Supervisor,Operations,Canada,Firuza.Moretti@BiTermTest.com
20759,Siobhan,Jankowski,Siobhan.Jankowski@BiTermTest.com,Siobhan.Jankowski@BiTermTest.com,Active,Employee,2013-10-06,,Controller,Finance,United States,Feng.Gallo@BiTermTest.com
14574,Siobhan,Kirigaya,Siobhan.Kirigaya@BiTermTest.com,Siobhan.Kirigaya@BiTermTest.com,Active,Employee,2014-08-25,,Controller,Finance,Canada,Iker.Traore@BiTermTest.com
73007730,Siobhan,Kozlowski,Siobhan.Kozlowski@BiTermTest.com,Siobhan.Kozlowski@BiTermTest.com,Active,Employee,2020-09-14,,Benefits Analyst,Human Resources,Canada,Iker.Lewandowski@BiTermTest.com
10003415,Siobhan,Mekonnen,Siobhan.Mekonnen@BiTermTest.com,Siobhan.Mekonnen@BiTermTest.com,Active,Employee,2015-07-27,,HR Business Partner,Human Resources,United States,Ren.Mazur@BiTermTest.com
73049787,Siobhan,Morozov,Siobhan.Morozov@BiTermTest.com,Siobhan.Morozov@BiTermTest.com,Active,Employee,2025-01-06,2035-01-17,Service Desk Analyst,IT,United States,Eshan.Mulder@BiTermTest.com
19624,Siobhan,Ngo,Siobhan.Ngo@BiTermTest.com,Siobhan.Ngo@BiTermTest.com,Active,Employee,1997-11-24,,Service Desk Analyst,IT,United States,Mahmoud.Worku@BiTermTest.com
23617,Siobhan,Orlov,Siobhan.Orlov@BiTermTest.com,Siobhan.Orlov@BiTermTest.com,Active,Employee,2016-08-08,,Customer Security Representative II CDL,Customer Service,United States,Tomasz.Ozturk@BiTermTest.com
10000942,Siobhan,Petrov,Siobhan.Petrov@BiTermTest.com,Siobhan.Petrov@BiTermTest.com,Active,Employee,2007-07-12,,Regional Sales Manager,Sales,United States,Rashida.Polat@BiTermTest.com
37553,Siobhan,Ricci,Siobhan.Ricci@BiTermTest.com,Siobhan.Ricci@BiTermTest.com,Active,Employee,2018-10-23,,HR Business Partner,Human Resources,United States,Yaretzi.Aslan@BiTermTest.com
73002313,Sipho,Aydin,Sipho.Aydin@BiTermTest.com,Sipho.Aydin@BiTermTest.com,Active,Employee,2020-03-16,,Sales Operations Analyst,Sales,Canada,Laleh.Kulkarni@BiTermTest.com
30475,Sipho,Cardoso,Sipho.Cardoso@BiTermTest.com,Sipho.Cardoso@BiTermTest.com,Active,Employee,2020-03-16,,Customer Security Representative II CDL,Customer Service,United States,Rafael.Kuroda@BiTermTest.com
40580,Sipho,Chopra,Sipho.Chopra@BiTermTest.com,Sipho.Chopra@BiTermTest.com,Active,Employee,2019-06-17,,Recruiter,Human Resources,Canada,Cuauhtemoc.Kapoor@BiTermTest.com
38436,Sipho,Dekker,Sipho.Dekker@BiTermTest.com,Sipho.Dekker@BiTermTest.com,Active,Employee,2019-01-07,,Security Analyst,Security,United States,Ines.Kulkarni@BiTermTest.com
73034613,Sipho,Desai,Sipho.Desai@BiTermTest.com,Sipho.Desai@BiTermTest.com,Active,Contractor,2023-03-13,,Fleet Maintenance Technician,Fleet,United States,Sanne.Iyer@BiTermTest.com
73001559,Sipho,Desta,Sipho.Desta@BiTermTest.com,Sipho.Desta@BiTermTest.com,Sipho Desta,Employee,2020-03-02,,Accounts Payable Clerk,Finance,United States,Fernanda.Rahal@BiTermTest.com
73045780,Sipho,Horvat,Sipho.Horvat@BiTermTest.com,Sipho.Horvat@BiTermTest.com,Active,Employee,2024-08-12,,Account Executive,Sales,United States,Tariq.Borg@BiTermTest.com
25541,Sipho,Ivanov,Sipho.Ivanov@BiTermTest.com,Sipho.Ivanov@BiTermTest.com,Active,Employee,2013-08-22,,Regional Sales Manager,Sales,United States,Ilya.Meijer@BiTermTest.com
33209,Sipho,Joshi,Sipho.Joshi@BiTermTest.com,Sipho.Joshi@BiTermTest.com,Active,Employee,2017-10-02,,Fleet Planner,Fleet,United States,Aoife.Bosman@BiTermTest.com
26824,Sipho,Lewandowski,Sipho.Lewandowski@BiTermTest.com,Sipho.Lewandowski@BiTermTest.com,Active,Employee,2010-02-02,,Sales Operations Analyst,Sales,United States,Laleh.Bekele@BiTermTest.com
73043825,Sipho,Mukherjee,Sipho.Mukherjee@BiTermTest.com,Sipho.Mukherjee@BiTermTest.com,Active,Employee,2024-03-26,2026-04-15,Route Driver,Fleet,United States,Yusuf.Kaminski@BiTermTest.com
37954,Sipho,Nassar,Sipho.Nassar@BiTermTest.com,Sipho.Nassar@BiTermTest.com,Active,Employee,2018-11-26,,Platform Administrator,IT,United States,Eshan.Mulder@BiTermTest.com
10002721,Sipho,Novak,Sipho.Novak@BiTermTest.com,Sipho.Novak@BiTermTest.com,Active,Employee,2014-04-28,,Financial Analyst,Finance,United States,Gorka.Desta@BiTermTest.com
73031383,Sipho,Nystrom,Sipho.Nystrom@BiTermTest.com,Sipho.Nystrom@BiTermTest.com,Active,Employee,2022-11-01,,Customer Security Representative II CDL,Customer Service,United States,Arjun.Forsberg@BiTermTest.com
22781,Sipho,Sakamoto,Sipho.Sakamoto@BiTermTest.com,Sipho.Sakamoto@BiTermTest.com,Active,Employee,2005-11-21,,GRC Analyst,Security,Canada,Amaia.Diallo@BiTermTest.com
18563,Sipho,Volkov,Sipho.Volkov@BiTermTest.com,Sipho.Volkov@BiTermTest.com,Active,Contractor,2016-10-03,,Physical Security Officer,Security,United States,Lan.Vosberg@BiTermTest.com
73007513,Soren,Abebe,Soren.Abebe@BiTermTest.com,Soren.Abebe@BiTermTest.com,Active,Employee,2020-09-15,,Regional Sales Manager,Sales,United States,Laleh.Bekele@BiTermTest.com
73039265,Soren,Arslan,Soren.Arslan@BiTermTest.com,Soren.Arslan@BiTermTest.com,Active,Employee,2023-08-28,,Customer Care Associate,Customer Service,United States,Minh.Sakamoto@BiTermTest.com
10004258,Soren,Asante,Soren.Asante@BiTermTest.com,Soren.Asante@BiTermTest.com,Active,Employee,2010-01-14,,Recruiter,Human Resources,United States,Henryk.Yamamoto@BiTermTest.com
22087,Soren,Banerjee,Soren.Banerjee@BiTermTest.com,Soren.Banerjee@BiTermTest.com,Active,Employee,2008-01-28,,Site Coordinator,Operations,United States,Dalia.Kozlowski@BiTermTest.com
25502,Soren,Baraka,Soren.Baraka@BiTermTest.com,Soren.Baraka@BiTermTest.com,Active,Employee,2007-04-30,,Accounts Payable Clerk,Finance,United States,Vandana.Rahal@BiTermTest.com
13054,Soren,Bosman,Soren.Bosman@BiTermTest.com,Soren.Bosman@BiTermTest.com,Terminated,Contractor,2015-01-01,2026-03-23,Account Support Lead,Customer Service,United States,Qasim.Engstrom@BiTermTest.com
24479,Soren,Devries,Soren.Devries@BiTermTest.com,Soren.Devries@BiTermTest.com,Active,Employee,2014-03-10,,Fleet Maintenance Technician,Fleet,Canada,Willem.Kuroda@BiTermTest.com
73012155,Soren,Ferreira,Soren.Ferreira@BiTermTest.com,Soren.Ferreira@BiTermTest.com,Active,Employee,2021-02-15,,Financial Analyst,Finance,United States,Naoko.Jeong@BiTermTest.com
73033347,Soren,Fujimoto,Soren.Fujimoto@BiTermTest.com,Soren.Fujimoto@BiTermTest.com,Active,Employee,2023-01-10,,Route Driver,Fleet,United States,Gorka.Celik@BiTermTest.com
73007258,Soren,Kaya,Soren.Kaya@BiTermTest.com,Soren.Kaya@BiTermTest.com,Active,Employee,2020-09-14,,Controller,Finance,Canada,Sanne.Desta@BiTermTest.com
73001184,Soren,Maalouf,Soren.Maalouf@BiTermTest.com,Soren.Maalouf@BiTermTest.com,Soren Maalouf,Employee,2020-02-24,,Security Analyst,Security,United States,Anouk.Desta@BiTermTest.com
73006347,Soren,Nowak,Soren.Nowak@BiTermTest.com,Soren.Nowak@BiTermTest.com,Active,Employee,2020-07-20,2026-03-31,Sales Operations Analyst,Sales,United States,Laleh.Bekele@BiTermTest.com
73006225,Soren,Sandberg,Soren.Sandberg@BiTermTest.com,Soren.Sandberg@BiTermTest.com,Active,Employee,2020-07-27,,Customer Care Associate,Customer Service,United States,Willem.Chopra@BiTermTest.com
22983,Soren,Toure,Soren.Toure@BiTermTest.com,Soren.Toure@BiTermTest.com,Active,Contractor,2007-08-07,,Service Desk Analyst,IT,United States,Deniz.Mulder@BiTermTest.com
21700,Soren,Traore,Soren.Traore@BiTermTest.com,Soren.Traore@BiTermTest.com,Terminated,Employee,2010-05-24,2026-03-23,Service Desk Analyst,IT,United States,Ren.Desta@BiTermTest.com
27537,Soren,Zielinski,Soren.Zielinski@BiTermTest.com,Soren.Zielinski@BiTermTest.com,Active,Employee,2009-12-21,,Accounts Payable Clerk,Finance,United States,Quang.Jankowski@BiTermTest.com
10003957,Sstojanovic,User,SStojanovic@BiTermTest.com,SStojanovic@BiTermTest.com,Active,Employee,2009-04-13,,Fleet Maintenance Technician,Fleet,United States,Ximena.Worku@BiTermTest.com
7209,Suleiman,Arslan,Suleiman.Arslan@BiTermTest.com,Suleiman.Arslan@BiTermTest.com,Active,Contractor,2002-07-26,,Systems Engineer,IT,United States,Katya.Horvat@BiTermTest.com
37555,Suleiman,Babic,Suleiman.Babic@BiTermTest.com,Suleiman.Babic@BiTermTest.com,Active,Employee,2018-10-24,,Financial Analyst,Finance,United States,Basim.Aydin@BiTermTest.com
73052924,Suleiman,Banerjee,Suleiman.Banerjee@BiTermTest.com,Suleiman.Banerjee@BiTermTest.com,Active,Employee,2025-07-25,2027-12-31,Accounts Payable Clerk,Finance,United States,Sanne.Desta@BiTermTest.com
22411,Suleiman,Barone,Suleiman.Barone@BiTermTest.com,Suleiman.Barone@BiTermTest.com,Active,Employee,2006-03-13,,Operations Analyst,Operations,United States,Roisin.Kozlowski@BiTermTest.com
73027544,Suleiman,Fujimoto,Suleiman.Fujimoto@BiTermTest.com,Suleiman.Fujimoto@BiTermTest.com,Active,Employee,2022-04-29,,Account Support Lead,Customer Service,Canada,Minh.Sakamoto@BiTermTest.com
25844,Suleiman,Gallo,Suleiman.Gallo@BiTermTest.com,Suleiman.Gallo@BiTermTest.com,Active,Employee,2016-12-05,,Route Driver,Fleet,United States,Teodora.Jankowski@BiTermTest.com
73013593,Suleiman,Ivanov,Suleiman.Ivanov@BiTermTest.com,Suleiman.Ivanov@BiTermTest.com,Active,Employee,2021-03-16,2035-12-31,Controller,Finance,United States,Cuauhtemoc.Zielinski@BiTermTest.com
73019813,Suleiman,Jeong,Suleiman.Jeong@BiTermTest.com,Suleiman.Jeong@BiTermTest.com,Active,Employee,2021-08-23,,Account Executive,Sales,United States,Tariq.Borg@BiTermTest.com
30709,Suleiman,Kirigaya,Suleiman.Kirigaya@BiTermTest.com,Suleiman.Kirigaya@BiTermTest.com,Active,Contractor,2017-04-10,,Fleet Maintenance Technician,Fleet,Canada,Alessandro.Vandenberg@BiTermTest.com
19340,Suleiman,Nassar,Suleiman.Nassar@BiTermTest.com,Suleiman.Nassar@BiTermTest.com,Active,Employee,2004-04-05,,Accounts Payable Clerk,Finance,Canada,Feng.Gallo@BiTermTest.com
41747,Suleiman,Okonkwo,Suleiman.Okonkwo@BiTermTest.com,Suleiman.Okonkwo@BiTermTest.com,Active,Employee,2019-09-23,,Route Driver,Fleet,United States,Willem.Kuroda@BiTermTest.com
73020859,Suleiman,Seo,Suleiman.Seo@BiTermTest.com,Suleiman.Seo@BiTermTest.com,Active,Employee,2021-09-27,,Operations Supervisor,Operations,United States,Soren.Banerjee@BiTermTest.com
73000902,Suleiman,Titov,Suleiman.Titov@BiTermTest.com,Suleiman.Titov@BiTermTest.com,Active,Employee,2020-02-18,,Operations Analyst,Operations,United States,Jovana.Baraka@BiTermTest.com
32034,Suleiman,Wisniewski,Suleiman.Wisniewski@BiTermTest.com,Suleiman.Wisniewski@BiTermTest.com,Active,Employee,2017-06-19,,Operations Supervisor,Operations,United States,Suleiman.Seo@BiTermTest.com
27230,Suleiman,Zielinski,Suleiman.Zielinski@BiTermTest.com,Suleiman.Zielinski@BiTermTest.com,Active,Employee,2018-07-02,,Fleet Maintenance Technician,Fleet,United States,Amara.Sleiman@BiTermTest.com
10005131,Tahira,Balogun,Tahira.Balogun@BiTermTest.com,Tahira.Balogun@BiTermTest.com,Active,Employee,2006-06-01,,Platform Administrator,IT,United States,Hana.Borg@BiTermTest.com
30475,Tahira,Dang,Tahira.Dang@BiTermTest.com,Tahira.Dang@BiTermTest.com,Active,Contractor,2020-03-16,,Recruiter,Human Resources,United States,Oksana.Haddad@BiTermTest.com
40806,Tahira,Desta,Tahira.Desta@BiTermTest.com,Tahira.Desta@BiTermTest.com,Tahira Desta,Contractor,2019-07-08,,Route Driver,Fleet,United States,Yusuf.Kaminski@BiTermTest.com
26194,Tahira,Galea,Tahira.Galea@BiTermTest.com,Tahira.Galea@BiTermTest.com,Active,Employee,2015-03-02,,Operations Analyst,Operations,Canada,Katya.Nair@BiTermTest.com
18345,Tahira,Matsuda,Tahira.Matsuda@BiTermTest.com,Tahira.Matsuda@BiTermTest.com,Active,Employee,1987-09-23,,Route Driver,Fleet,United States,Jeroen.Petrovic@BiTermTest.com
73005979,Tahira,Nair,Tahira.Nair@BiTermTest.com,Tahira.Nair@BiTermTest.com,Active,Employee,2020-07-13,,Regional Sales Manager,Sales,United States,Mateo.Pillai@BiTermTest.com
10003957,Tahira,Sakamoto,Tahira.Sakamoto@BiTermTest.com,Tahira.Sakamoto@BiTermTest.com,Active,Employee,2009-04-13,,Sales Operations Analyst,Sales,Canada,Bram.Aslan@BiTermTest.com
29670,Tahira,Saxena,Tahira.Saxena@BiTermTest.com,Tahira.Saxena@BiTermTest.com,Active,Employee,2017-01-30,,Customer Care Associate,Customer Service,United States,Minh.Sakamoto@BiTermTest.com
73051090,Tahira,Vella,Tahira.Vella@BiTermTest.com,Tahira.Vella@BiTermTest.com,Terminated,Contractor,2025-03-31,2026-03-19,Physical Security Officer,Security,Canada,FDeshpande@BiTermTest.com
14049,Tahira,Worku,Tahira.Worku@BiTermTest.com,Tahira.Worku@BiTermTest.com,Active,Employee,2015-01-01,,Account Executive,Sales,United States,Jisoo.Almeida@BiTermTest.com
73030792,Tahira,Zammit,Tahira.Zammit@BiTermTest.com,Tahira.Zammit@BiTermTest.com,Active,Employee,2022-10-17,,Operations Analyst,Operations,United States,Priya.Ribeiro@BiTermTest.com
73023767,Tahira,Zielinski,Tahira.Zielinski@BiTermTest.com,Tahira.Zielinski@BiTermTest.com,Active,Employee,2022-01-10,,Physical Security Officer,Security,United States,Meera.Rossi@BiTermTest.com
73015740,Tao,Almeida,Tao.Almeida@BiTermTest.com,Tao.Almeida@BiTermTest.com,Active,Contractor,2021-06-14,,Controller,Finance,United States,Aylin.Mukherjee@BiTermTest.com
23502,Tao,Attard,Tao.Attard@BiTermTest.com,Tao.Attard@BiTermTest.com,Active,Employee,2007-01-29,,Account Executive,Sales,United States,Volkan.Kocak@BiTermTest.com
73054607,Tao,Hoang,Tao.Hoang@BiTermTest.com,Tao.Hoang@BiTermTest.com,Active,Contractor,2025-12-01,,Fleet Planner,Fleet,United States,Tariq.Zammit@BiTermTest.com
15472,Tao,Ivanov,Tao.Ivanov@BiTermTest.com,Tao.Ivanov@BiTermTest.com,Active,Employee,2014-11-24,,Account Support Lead,Customer Service,United States,Beatriz.Haile@BiTermTest.com
19348,Tao,Kebede,Tao.Kebede@BiTermTest.com,Tao.Kebede@BiTermTest.com,Active,Employee,2004-04-01,,Site Coordinator,Operations,United States,Nemanja.Nikolic@BiTermTest.com
28515,Tao,Morozov,Tao.Morozov@BiTermTest.com,Tao.Morozov@BiTermTest.com,Active,Employee,2016-02-23,,Systems Engineer,IT,United States,Mahmoud.Worku@BiTermTest.com
22047,Tao,Orlov,Tao.Orlov@BiTermTest.com,Tao.Orlov@BiTermTest.com,Active,Employee,2008-05-12,,Site Coordinator,Operations,Canada,Tahira.Zammit@BiTermTest.com
73026741,Tao,Takahashi,Tao.Takahashi@BiTermTest.com,Tao.Takahashi@BiTermTest.com,Active,Employee,2022-04-18,,Site Coordinator,Operations,United States,Soren.Banerjee@BiTermTest.com
10007595,Tariq,Borg,Tariq.Borg@BiTermTest.com,Tariq.Borg@BiTermTest.com,Active,Employee,2019-10-20,,Regional Sales Manager,Sales,United States,Jing.Owusu@BiTermTest.com
22087,Tariq,Deluca,Tariq.Deluca@BiTermTest.com,Tariq.Deluca@BiTermTest.com,Active,Contractor,2008-01-28,,Platform Administrator,IT,United States,Bjorn.Dabrowski@BiTermTest.com
73009166,Tariq,Desai,Tariq.Desai@BiTermTest.com,Tariq.Desai@BiTermTest.com,Active,Employee,2020-12-14,,Accounts Payable Clerk,Finance,United States,Gorka.Desta@BiTermTest.com
24830,Tariq,Hendriks,Tariq.Hendriks@BiTermTest.com,Tariq.Hendriks@BiTermTest.com,Active,Employee,2008-10-06,,Financial Analyst,Finance,United States,Femi.Krawczyk@BiTermTest.com
20062,Tariq,Kaya,Tariq.Kaya@BiTermTest.com,Tariq.Kaya@BiTermTest.com,Active,Employee,2007-08-27,,Physical Security Officer,Security,United States,Ming.Owusu@BiTermTest.com
26974,Tariq,Keita,Tariq.Keita@BiTermTest.com,Tariq.Keita@BiTermTest.com,Active,Employee,2007-12-03,,Accounts Payable Clerk,Finance,United States,Sanne.Desta@BiTermTest.com
73034523,Tariq,Kobayashi,Tariq.Kobayashi@BiTermTest.com,Tariq.Kobayashi@BiTermTest.com,Active,Employee,2023-03-13,,Account Support Lead,Customer Service,United States,Arjun.Forsberg@BiTermTest.com
22087,Tariq,Matsuda,Tariq.Matsuda@BiTermTest.com,Tariq.Matsuda@BiTermTest.com,Active,Employee,2008-01-28,,Sales Operations Analyst,Sales,United States,Tariq.Borg@BiTermTest.com
32229,Tariq,Mifsud,Tariq.Mifsud@BiTermTest.com,Tariq.Mifsud@BiTermTest.com,Active,Employee,2017-07-10,,Customer Security Representative II CDL,Customer Service,United States,Beatriz.Haile@BiTermTest.com
73051702,Tariq,Obiora,Tariq.Obiora@BiTermTest.com,Tariq.Obiora@BiTermTest.com,Active,Employee,2025-04-30,,Service Desk Analyst,IT,United States,Gorka.Egorov@BiTermTest.com
23935,Tariq,Ribeiro,Tariq.Ribeiro@BiTermTest.com,Tariq.Ribeiro@BiTermTest.com,Active,Employee,2015-04-06,,Security Analyst,Security,United States,Meera.Rossi@BiTermTest.com
22157,Tariq,Toure,Tariq.Toure@BiTermTest.com,Tariq.Toure@BiTermTest.com,Active,Employee,2007-06-04,,Platform Administrator,IT,United States,Gorka.Egorov@BiTermTest.com
33338,Tariq,Truong,Tariq.Truong@BiTermTest.com,Tariq.Truong@BiTermTest.com,Active,Employee,2017-10-16,,Systems Engineer,IT,Canada,Eshan.Mulder@BiTermTest.com
16832,Tariq,Yamamoto,Tariq.Yamamoto@BiTermTest.com,Tariq.Yamamoto@BiTermTest.com,Tariq Yamamoto,Employee,2015-11-16,,HR Business Partner,Human Resources,United States,Oksana.Haddad@BiTermTest.com
10007379,Tariq,Zammit,Tariq.Zammit@BiTermTest.com,Tariq.Zammit@BiTermTest.com,Active,Employee,2019-05-20,,Fleet Planner,Fleet,United States,Amara.Sleiman@BiTermTest.com
31192,Tariq,Zielinski,Tariq.Zielinski@BiTermTest.com,Tariq.Zielinski@BiTermTest.com,Terminated,Employee,2017-04-24,2026-03-20,Account Support Lead,Customer Service,United States,Tomasz.Ozturk@BiTermTest.com
73031418,Tenoch,Abebe,Tenoch.Abebe@BiTermTest.com,Tenoch.Abebe@BiTermTest.com,Active,Employee,2022-11-14,,Financial Analyst,Finance,United States,Vandana.Rahal@BiTermTest.com
73047657,Tenoch,Haddad,Tenoch.Haddad@BiTermTest.com,Tenoch.Haddad@BiTermTest.com,Active,Employee,2024-12-09,,Operations Supervisor,Operations,United States,Cillian.Novikov@BiTermTest.com
10004795,Tenoch,Holmgren,Tenoch.Holmgren@BiTermTest.com,Tenoch.Holmgren@BiTermTest.com,Active,Employee,2016-02-01,,Regional Sales Manager,Sales,United States,Laleh.Kulkarni@BiTermTest.com
15347,Tenoch,Kaminski,Tenoch.Kaminski@BiTermTest.com,Tenoch.Kaminski@BiTermTest.com,Active,Employee,2015-01-01,,Customer Care Associate,Customer Service,United States,Duc.Traore@BiTermTest.com
24297,Tenoch,Khoury,Tenoch.Khoury@BiTermTest.com,Tenoch.Khoury@BiTermTest.com,Active,Employee,2013-07-29,,Route Driver,Fleet,United States,Hui.Amari@BiTermTest.com
14574,Tenoch,Ndiaye,Tenoch.Ndiaye@BiTermTest.com,Tenoch.Ndiaye@BiTermTest.com,Active,Employee,2014-08-25,,Sales Operations Analyst,Sales,United States,Laleh.Kulkarni@BiTermTest.com
19631,Tenoch,Pillai,Tenoch.Pillai@BiTermTest.com,Tenoch.Pillai@BiTermTest.com,Active,Employee,2015-07-21,,Fleet Maintenance Technician,Fleet,United States,Aoife.Bosman@BiTermTest.com
22485,Tenoch,Vella,Tenoch.Vella@BiTermTest.com,Tenoch.Vella@BiTermTest.com,Active,Employee,2005-12-05,,Account Support Lead,Customer Service,United States,Naoko.Ferreira@BiTermTest.com
20388,Teodora,Barbosa,Teodora.Barbosa@BiTermTest.com,Teodora.Barbosa@BiTermTest.com,Active,Employee,2014-09-26,,Route Driver,Fleet,United States,Alessandro.Vandenberg@BiTermTest.com
678,Teodora,Diallo,Teodora.Diallo@BiTermTest.com,Teodora.Diallo@BiTermTest.com,Active,Employee,2006-01-16,,Customer Security Representative II CDL,Customer Service,United States,Beatriz.Sahin@BiTermTest.com
21676,Teodora,Engstrom,Teodora.Engstrom@BiTermTest.com,Teodora.Engstrom@BiTermTest.com,Active,Employee,2011-04-04,,HR Business Partner,Human Resources,United States,Nemanja.Duong@BiTermTest.com
13157,Teodora,Ferreira,Teodora.Ferreira@BiTermTest.com,Teodora.Ferreira@BiTermTest.com,Active,Employee,2015-01-01,,Accounts Payable Clerk,Finance,United States,Feng.Gallo@BiTermTest.com
22175,Teodora,Galea,Teodora.Galea@BiTermTest.com,Teodora.Galea@BiTermTest.com,Active,Employee,2024-12-30,,Controller,Finance,United States,Deniz.Marino@BiTermTest.com
32229,Teodora,Gallo,Teodora.Gallo@BiTermTest.com,Teodora.Gallo@BiTermTest.com,Active,Employee,2017-07-10,,HR Business Partner,Human Resources,Canada,Yaretzi.Aslan@BiTermTest.com
28818,Teodora,Hendriks,Teodora.Hendriks@BiTermTest.com,Teodora.Hendriks@BiTermTest.com,Active,Employee,2016-01-04,,Route Driver,Fleet,United States,Tariq.Zammit@BiTermTest.com
36619,Teodora,Horvat,Teodora.Horvat@BiTermTest.com,Teodora.Horvat@BiTermTest.com,Active,Employee,2018-08-06,,Benefits Analyst,Human Resources,United States,Cuauhtemoc.Kapoor@BiTermTest.com
27004,Teodora,Iyer,Teodora.Iyer@BiTermTest.com,Teodora.Iyer@BiTermTest.com,Active,Employee,2008-09-02,,Service Desk Analyst,IT,United States,Katya.Horvat@BiTermTest.com
73050390,Teodora,Jankowski,Teodora.Jankowski@BiTermTest.com,Teodora.Jankowski@BiTermTest.com,Active,Employee,2025-02-06,,Fleet Maintenance Technician,Fleet,United States,Willem.Kuroda@BiTermTest.com
73046639,Teodora,Maalouf,Teodora.Maalouf@BiTermTest.com,Teodora.Maalouf@BiTermTest.com,Unpaid Leave,Employee,2024-09-23,,Account Executive,Sales,United States,Laleh.Bekele@BiTermTest.com
23060,Teodora,Menon,Teodora.Menon@BiTermTest.com,Teodora.Menon@BiTermTest.com,Active,Employee,2007-01-01,,Accounts Payable Clerk,Finance,United States,Aylin.Mukherjee@BiTermTest.com
73014244,Teodora,Nowak,Teodora.Nowak@BiTermTest.com,Teodora.Nowak@BiTermTest.com,Active,Employee,2021-04-19,,HR Business Partner,Human Resources,United States,Citlali.Ngo@BiTermTest.com
73015172,Teodora,Rao,Teodora.Rao@BiTermTest.com,Teodora.Rao@BiTermTest.com,Active,Employee,2021-05-24,,Recruiter,Human Resources,United States,Ren.Mazur@BiTermTest.com
73051703,Teodora,Rossi,Teodora.Rossi@BiTermTest.com,Teodora.Rossi@BiTermTest.com,Active,Employee,2025-04-30,,Physical Security Officer,Security,United States,Zainab.Holmgren@BiTermTest.com
34390,Teodora,Sleiman,Teodora.Sleiman@BiTermTest.com,Teodora.Sleiman@BiTermTest.com,Active,Employee,2017-11-30,,Controller,Finance,United States,Astrid.Fofana@BiTermTest.com
33974,Thabo,Adeyemi,Thabo.Adeyemi@BiTermTest.com,Thabo.Adeyemi@BiTermTest.com,Active,Employee,2017-12-13,,Sales Operations Analyst,Sales,United States,Ilya.Meijer@BiTermTest.com
31387,Thabo,Duong,Thabo.Duong@BiTermTest.com,Thabo.Duong@BiTermTest.com,Active,Employee,2017-05-01,,Site Coordinator,Operations,United States,Beatriz.Khoury@BiTermTest.com
21209,Thabo,Grabowski,Thabo.Grabowski@BiTermTest.com,Thabo.Grabowski@BiTermTest.com,Active,Employee,2012-11-26,,Physical Security Officer,Security,United States,Imani.Baraka@BiTermTest.com
73032556,Thabo,Hwang,Thabo.Hwang@BiTermTest.com,Thabo.Hwang@BiTermTest.com,Active,Employee,2022-12-19,2035-12-31,Platform Administrator,IT,Canada,Xiu.Carvalho@BiTermTest.com
26801,Thabo,Keita,Thabo.Keita@BiTermTest.com,Thabo.Keita@BiTermTest.com,Active,Employee,2015-01-05,,Security Analyst,Security,United States,Marisol.Asante@BiTermTest.com
21799,Thabo,Kuroda,Thabo.Kuroda@BiTermTest.com,Thabo.Kuroda@BiTermTest.com,Active,Employee,2010-02-08,,Controller,Finance,United States,Soren.Ferreira@BiTermTest.com
24671,Thabo,Meijer,Thabo.Meijer@BiTermTest.com,Thabo.Meijer@BiTermTest.com,Active,Employee,2008-05-12,,Accounts Payable Clerk,Finance,Canada,Vandana.Rahal@BiTermTest.com
19636,Thabo,Novak,Thabo.Novak@BiTermTest.com,Thabo.Novak@BiTermTest.com,Active,Employee,2003-04-07,,Sales Operations Analyst,Sales,United States,Matteo.Malhotra@BiTermTest.com
73052397,Thabo,Novikov,Thabo.Novikov@BiTermTest.com,Thabo.Novikov@BiTermTest.com,Active,Employee,2025-06-10,2026-12-31,Service Desk Analyst,IT,United States,Thabo.Hwang@BiTermTest.com
25602,Thabo,Oliveira,Thabo.Oliveira@BiTermTest.com,Thabo.Oliveira@BiTermTest.com,Active,Employee,2009-01-26,,Operations Supervisor,Operations,United States,Ines.Fofana@BiTermTest.com
13333,Thao,Attard,Thao.Attard@BiTermTest.com,Thao.Attard@BiTermTest.com,Active,Employee,2015-01-01,,Financial Analyst,Finance,United States,Aylin.Mukherjee@BiTermTest.com
22545,Thao,Fofana,Thao.Fofana@BiTermTest.com,Thao.Fofana@BiTermTest.com,Active,Employee,1997-03-26,,Account Support Lead,Customer Service,United States,Naoko.Ferreira@BiTermTest.com
24850,Thao,Gallo,Thao.Gallo@BiTermTest.com,Thao.Gallo@BiTermTest.com,Active,Employee,2013-03-04,,Accounts Payable Clerk,Finance,Canada,Feng.Gallo@BiTermTest.com
73002313,Thao,Ghanem,Thao.Ghanem@BiTermTest.com,Thao.Ghanem@BiTermTest.com,Active,Contractor,2020-03-16,,Operations Supervisor,Operations,United States,Tahira.Zammit@BiTermTest.com
26477,Thao,Holmgren,Thao.Holmgren@BiTermTest.com,Thao.Holmgren@BiTermTest.com,Active,Employee,2014-03-03,,Regional Sales Manager,Sales,United States,Volkan.Kocak@BiTermTest.com
73047817,Thao,Keita,Thao.Keita@BiTermTest.com,Thao.Keita@BiTermTest.com,Active,Employee,2024-11-18,,HR Business Partner,Human Resources,Canada,Mahmoud.Tesfaye@BiTermTest.com
27004,Thao,Kovac,Thao.Kovac@BiTermTest.com,Thao.Kovac@BiTermTest.com,Active,Employee,2008-09-02,,Account Executive,Sales,United States,Matteo.Malhotra@BiTermTest.com
10005356,Thao,Morozov,Thao.Morozov@BiTermTest.com,Thao.Morozov@BiTermTest.com,Active,Employee,2014-09-08,,Route Driver,Fleet,United States,Aoife.Bosman@BiTermTest.com
73015740,Thao,Nowak,Thao.Nowak@BiTermTest.com,Thao.Nowak@BiTermTest.com,Active,Employee,2021-06-14,,Platform Administrator,IT,United States,Oksana.Traore@BiTermTest.com
21216,Thao,Nwosu,Thao.Nwosu@BiTermTest.com,Thao.Nwosu@BiTermTest.com,Active,Employee,2013-08-05,,Account Support Lead,Customer Service,Canada,Itzel.Piotrowski@BiTermTest.com
73051932,Thao,Owusu,Thao.Owusu@BiTermTest.com,Thao.Owusu@BiTermTest.com,Active,Employee,2025-05-13,2027-12-31,Operations Analyst,Operations,United States,OMoretti1@BiTermTest.com
26592,Thao,Visser,Thao.Visser@BiTermTest.com,Thao.Visser@BiTermTest.com,Active,Contractor,2013-11-18,,Platform Administrator,IT,United States,Gorka.Egorov@BiTermTest.com
23534,Thao,Vuong,Thao.Vuong@BiTermTest.com,Thao.Vuong@BiTermTest.com,Active,Employee,2007-01-02,,Security Analyst,Security,Canada,Diego.Nakamura@BiTermTest.com
13552,Thiago,Baraka,Thiago.Baraka@BiTermTest.com,Thiago.Baraka@BiTermTest.com,Terminated,Employee,2015-01-01,2026-03-23,HR Business Partner,Human Resources,United States,Henryk.Yamamoto@BiTermTest.com
22446,Thiago,Barbosa,Thiago.Barbosa@BiTermTest.com,Thiago.Barbosa@BiTermTest.com,Active,Employee,2008-04-21,,Site Coordinator,Operations,United States,Katya.Nair@BiTermTest.com
27379,Thiago,Barone,Thiago.Barone@BiTermTest.com,Thiago.Barone@BiTermTest.com,Active,Employee,2000-04-10,,Route Driver,Fleet,United States,Mei.Ozturk@BiTermTest.com
13910,Thiago,Celik,Thiago.Celik@BiTermTest.com,Thiago.Celik@BiTermTest.com,Active,Employee,2015-01-01,,Security Analyst,Security,United States,Anwar.Fedorov@BiTermTest.com
73006966,Thiago,Chatterjee,Thiago.Chatterjee@BiTermTest.com,Thiago.Chatterjee@BiTermTest.com,Active,Employee,2020-08-17,,Physical Security Officer,Security,United States,Ines.Kulkarni@BiTermTest.com
23146,Thiago,Duong,Thiago.Duong@BiTermTest.com,Thiago.Duong@BiTermTest.com,Active,Contractor,2010-05-10,,Customer Care Associate,Customer Service,Canada,Tariq.Kobayashi@BiTermTest.com
27935,Thiago,Galea,Thiago.Galea@BiTermTest.com,Thiago.Galea@BiTermTest.com,Active,Employee,2015-10-05,,Accounts Payable Clerk,Finance,United States,Cuauhtemoc.Zielinski@BiTermTest.com
24629,Thiago,Lai,Thiago.Lai@BiTermTest.com,Thiago.Lai@BiTermTest.com,Thiago Lai,Employee,2005-03-01,,Fleet Maintenance Technician,Fleet,United States,Alessandro.Vandenberg@BiTermTest.com
73042747,Thiago,Lundgren,Thiago.Lundgren@BiTermTest.com,Thiago.Lundgren@BiTermTest.com,Active,Employee,2024-02-19,,Route Driver,Fleet,United States,Teodora.Jankowski@BiTermTest.com
73028573,Thiago,Malhotra,Thiago.Malhotra@BiTermTest.com,Thiago.Malhotra@BiTermTest.com,Active,Employee,2022-06-29,,Sales Operations Analyst,Sales,Canada,Mateo.Pillai@BiTermTest.com
30664,Thiago,Morozov,Thiago.Morozov@BiTermTest.com,Thiago.Morozov@BiTermTest.com,Active,Employee,2017-04-03,,Account Support Lead,Customer Service,United States,Tariq.Kobayashi@BiTermTest.com
41605,Thiago,Rao,Thiago.Rao@BiTermTest.com,Thiago.Rao@BiTermTest.com,Active,Employee,2019-09-09,,Customer Care Associate,Customer Service,United States,Elzbieta.Amari@BiTermTest.com
42324,Tomasz,Barbosa,Tomasz.Barbosa@BiTermTest.com,Tomasz.Barbosa@BiTermTest.com,Active,Employee,2019-11-04,,Accounts Payable Clerk,Finance,United States,Basim.Aydin@BiTermTest.com
41446,Tomasz,Camilleri,Tomasz.Camilleri@BiTermTest.com,Tomasz.Camilleri@BiTermTest.com,Active,Employee,2019-09-02,,Operations Analyst,Operations,United States,Firuza.Moretti@BiTermTest.com
13509,Tomasz,Djordjevic,Tomasz.Djordjevic@BiTermTest.com,Tomasz.Djordjevic@BiTermTest.com,Active,Employee,2015-01-01,,Accounts Payable Clerk,Finance,United States,Aylin.Mukherjee@BiTermTest.com
24840,Tomasz,Fofana,Tomasz.Fofana@BiTermTest.com,Tomasz.Fofana@BiTermTest.com,Active,Employee,2013-03-06,,Systems Engineer,IT,Canada,Mahmoud.Worku@BiTermTest.com
73037327,Tomasz,Greco,Tomasz.Greco@BiTermTest.com,Tomasz.Greco@BiTermTest.com,Active,Employee,2023-06-12,,Platform Administrator,IT,Canada,Katya.Horvat@BiTermTest.com
73026636,Tomasz,Joshi,Tomasz.Joshi@BiTermTest.com,Tomasz.Joshi@BiTermTest.com,Active,Employee,2022-04-11,,Physical Security Officer,Security,United States,Ilya.Wozniak@BiTermTest.com
12703,Tomasz,Lewandowski,Tomasz.Lewandowski@BiTermTest.com,Tomasz.Lewandowski@BiTermTest.com,Active,Employee,2014-02-10,,Sales Operations Analyst,Sales,United States,Ilya.Meijer@BiTermTest.com
73012396,Tomasz,Malhotra,Tomasz.Malhotra@BiTermTest.com,Tomasz.Malhotra@BiTermTest.com,Active,Employee,2021-02-15,,Financial Analyst,Finance,United States,Aylin.Mukherjee@BiTermTest.com
24629,Tomasz,Mekonnen,Tomasz.Mekonnen@BiTermTest.com,Tomasz.Mekonnen@BiTermTest.com,Tomasz Mekonnen,Employee,2005-03-01,,Physical Security Officer,Security,United States,FDeshpande@BiTermTest.com
73031582,Tomasz,Ozturk,Tomasz.Ozturk@BiTermTest.com,Tomasz.Ozturk@BiTermTest.com,Active,Employee,2022-11-16,,Customer Security Representative II CDL,Customer Service,United States,Maialen.Jankowski@BiTermTest.com
22554,Tomasz,Trivedi,Tomasz.Trivedi@BiTermTest.com,Tomasz.Trivedi@BiTermTest.com,Active,Employee,2009-09-28,,Fleet Maintenance Technician,Fleet,United States,Alessandro.Vandenberg@BiTermTest.com
31192,Trung,Abebe,Trung.Abebe@BiTermTest.com,Trung.Abebe@BiTermTest.com,Terminated,Employee,2017-04-24,2026-03-20,Operations Analyst,Operations,United States,Bjorn.Barone@BiTermTest.com
17335,Trung,Cassar,Trung.Cassar@BiTermTest.com,Trung.Cassar@BiTermTest.com,Active,Employee,2016-04-21,,Controller,Finance,United States,Deniz.Marino@BiTermTest.com
20589,Trung,Devries,Trung.Devries@BiTermTest.com,Trung.Devries@BiTermTest.com,Active,Employee,2024-04-29,,Recruiter,Human Resources,United States,Citlali.Ngo@BiTermTest.com
42734,Trung,Fedorov,Trung.Fedorov@BiTermTest.com,Trung.Fedorov@BiTermTest.com,Active,Employee,2019-12-02,,Operations Supervisor,Operations,United States,Valentina.Kebede@BiTermTest.com
10006606,Trung,Ferreira,Trung.Ferreira@BiTermTest.com,Trung.Ferreira@BiTermTest.com,Active,Employee,2017-10-23,,Sales Operations Analyst,Sales,United States,Bram.Aslan@BiTermTest.com
9346,Trung,Kebede,Trung.Kebede@BiTermTest.com,Trung.Kebede@BiTermTest.com,Active,Employee,2008-04-01,,Accounts Payable Clerk,Finance,United States,Ingrid.Banerjee@BiTermTest.com
73024147,Trung,Lemma,Trung.Lemma@BiTermTest.com,Trung.Lemma@BiTermTest.com,Active,Employee,2022-01-24,,Site Coordinator,Operations,United States,Lars.Boateng@BiTermTest.com
21743,Trung,Moretti,Trung.Moretti@BiTermTest.com,Trung.Moretti@BiTermTest.com,Active,Employee,2010-06-14,,Security Analyst,Security,United States,Diego.Nakamura@BiTermTest.com
26585,Trung,Novak,Trung.Novak@BiTermTest.com,Trung.Novak@BiTermTest.com,Active,Employee,2014-02-25,,Platform Administrator,IT,United States,Xiu.Carvalho@BiTermTest.com
10004763,Trung,Petrovic,Trung.Petrovic@BiTermTest.com,Trung.Petrovic@BiTermTest.com,Trung Petrovic,Employee,2016-02-01,,Systems Engineer,IT,United States,Hana.Borg@BiTermTest.com
28193,Trung,Polat,Trung.Polat@BiTermTest.com,Trung.Polat@BiTermTest.com,Active,Employee,2015-12-09,,Account Support Lead,Customer Service,United States,Naoko.Ferreira@BiTermTest.com
10003710,Trung,Rossi,Trung.Rossi@BiTermTest.com,Trung.Rossi@BiTermTest.com,Active,Employee,2012-01-03,,Controller,Finance,Canada,Iker.Traore@BiTermTest.com
30475,Trung,Sahin,Trung.Sahin@BiTermTest.com,Trung.Sahin@BiTermTest.com,Active,Employee,2020-03-16,,Physical Security Officer,Security,United States,Lars.Sakamoto@BiTermTest.com
27471,Trung,Yamamoto,Trung.Yamamoto@BiTermTest.com,Trung.Yamamoto@BiTermTest.com,Active,Employee,2004-12-20,,Site Coordinator,Operations,United States,Suleiman.Seo@BiTermTest.com
13455,Trung,Zielinski,Trung.Zielinski@BiTermTest.com,Trung.Zielinski@BiTermTest.com,Active,Employee,2015-01-01,,Fleet Maintenance Technician,Fleet,United States,Teodora.Jankowski@BiTermTest.com
72000094,Umar,Aksoy,Umar.Aksoy@BiTermTest.com,Umar.Aksoy@BiTermTest.com,Active,Employee,2019-12-09,2027-12-31,Site Coordinator,Operations,United States,Rafael.Kozlowski@BiTermTest.com
32732,Umar,Barone,Umar.Barone@BiTermTest.com,Umar.Barone@BiTermTest.com,Active,Employee,2021-05-17,,Fleet Planner,Fleet,Canada,Amara.Sleiman@BiTermTest.com
73019080,Umar,Deluca,Umar.Deluca@BiTermTest.com,Umar.Deluca@BiTermTest.com,Active,Employee,2021-08-10,,Route Driver,Fleet,United States,Willem.Kuroda@BiTermTest.com
27047,Umar,Devries,Umar.Devries@BiTermTest.com,Umar.Devries@BiTermTest.com,Active,Employee,2013-07-29,,Regional Sales Manager,Sales,United States,Anwar.Axelsson@BiTermTest.com
73027810,Umar,Dogan,Umar.Dogan@BiTermTest.com,Umar.Dogan@BiTermTest.com,Active,Employee,2022-05-16,,Site Coordinator,Operations,United States,Lars.Boateng@BiTermTest.com
73010898,Umar,Ferreira,Umar.Ferreira@BiTermTest.com,Umar.Ferreira@BiTermTest.com,Active,Employee,2021-01-04,,Site Coordinator,Operations,United States,Xiomara.Holmgren@BiTermTest.com
40962,Umar,Ghanem,Umar.Ghanem@BiTermTest.com,Umar.Ghanem@BiTermTest.com,Active,Employee,2019-07-22,,Customer Security Representative II CDL,Customer Service,United States,Duc.Traore@BiTermTest.com
25844,Umar,Hoshino,Umar.Hoshino@BiTermTest.com,Umar.Hoshino@BiTermTest.com,Active,Employee,2016-12-05,,Account Support Lead,Customer Service,United States,Arjun.Forsberg@BiTermTest.com
21965,Umar,Kuroda,Umar.Kuroda@BiTermTest.com,Umar.Kuroda@BiTermTest.com,Active,Employee,2008-10-06,,Regional Sales Manager,Sales,United States,Bram.Aslan@BiTermTest.com
27776,Umar,Nassar,Umar.Nassar@BiTermTest.com,Umar.Nassar@BiTermTest.com,Active,Contractor,2009-08-17,,GRC Analyst,Security,United States,Marisol.Asante@BiTermTest.com
39115,Umar,Novikov,Umar.Novikov@BiTermTest.com,Umar.Novikov@BiTermTest.com,Active,Contractor,2019-02-25,,Account Support Lead,Customer Service,Canada,Rafael.Kuroda@BiTermTest.com
73051920,Umar,Piotrowski,Umar.Piotrowski@BiTermTest.com,Umar.Piotrowski@BiTermTest.com,Active,Employee,2025-05-13,2027-12-31,Financial Analyst,Finance,United States,Feng.Gallo@BiTermTest.com
24245,Umar,Toure,Umar.Toure@BiTermTest.com,Umar.Toure@BiTermTest.com,Active,Contractor,2012-06-18,,GRC Analyst,Security,United States,Naoko.Desai@BiTermTest.com
37199,Unai,Deluca,Unai.Deluca@BiTermTest.com,Unai.Deluca@BiTermTest.com,Active,Employee,2023-08-28,,Recruiter,Human Resources,United States,Cuauhtemoc.Kapoor@BiTermTest.com
40580,Unai,Deshpande,Unai.Deshpande@BiTermTest.com,Unai.Deshpande@BiTermTest.com,Active,Employee,2019-06-17,,Site Coordinator,Operations,United States,Cillian.Novikov@BiTermTest.com
19554,Unai,Kapoor,Unai.Kapoor@BiTermTest.com,Unai.Kapoor@BiTermTest.com,Active,Contractor,2001-01-29,,Operations Supervisor,Operations,United States,Tahira.Zammit@BiTermTest.com
10631,Unai,Nassar,Unai.Nassar@BiTermTest.com,Unai.Nassar@BiTermTest.com,Active,Employee,2010-08-30,,Security Analyst,Security,United States,Teodora.Rossi@BiTermTest.com
73008405,Valentina,Afolabi,Valentina.Afolabi@BiTermTest.com,Valentina.Afolabi@BiTermTest.com,Valentina Afolabi,Employee,2020-10-26,,Systems Engineer,IT,Canada,Mahmoud.Nakamura@BiTermTest.com
22446,Valentina,Attard,Valentina.Attard@BiTermTest.com,Valentina.Attard@BiTermTest.com,Active,Employee,2008-04-21,,Physical Security Officer,Security,United States,Ilya.Wozniak@BiTermTest.com
23782,Valentina,Galea,Valentina.Galea@BiTermTest.com,Valentina.Galea@BiTermTest.com,Active,Employee,2011-05-11,,Physical Security Officer,Security,United States,Parvin.Mekonnen@BiTermTest.com
27649,Valentina,Jovanovic,Valentina.Jovanovic@BiTermTest.com,Valentina.Jovanovic@BiTermTest.com,Active,Employee,2004-09-27,,Customer Care Associate,Customer Service,United States,Itzel.Piotrowski@BiTermTest.com
13474,Valentina,Kebede,Valentina.Kebede@BiTermTest.com,Valentina.Kebede@BiTermTest.com,Active,Contractor,2019-08-16,,Operations Supervisor,Operations,United States,Nemanja.Nikolic@BiTermTest.com
26093,Valentina,Kirigaya,Valentina.Kirigaya@BiTermTest.com,Valentina.Kirigaya@BiTermTest.com,Active,Employee,2014-05-12,,Physical Security Officer,Security,United States,Duc.Pham@BiTermTest.com
73020066,Valentina,Lai,Valentina.Lai@BiTermTest.com,Valentina.Lai@BiTermTest.com,Active,Employee,2021-08-30,,Systems Engineer,IT,Canada,Gorka.Egorov@BiTermTest.com
34039,Valentina,Lewandowski,Valentina.Lewandowski@BiTermTest.com,Valentina.Lewandowski@BiTermTest.com,Active,Employee,2017-12-17,,Fleet Planner,Fleet,Canada,Teodora.Jankowski@BiTermTest.com
73023338,Valentina,Lundgren,Valentina.Lundgren@BiTermTest.com,Valentina.Lundgren@BiTermTest.com,Active,Employee,2021-12-13,,Customer Security Representative II CDL,Customer Service,Canada,Eshan.Farrugia@BiTermTest.com
10005138,Valentina,Mehta,Valentina.Mehta@BiTermTest.com,Valentina.Mehta@BiTermTest.com,Active,Contractor,2014-11-06,,Benefits Analyst,Human Resources,United States,Sanne.Khoury@BiTermTest.com
27968,Valentina,Menon,Valentina.Menon@BiTermTest.com,Valentina.Menon@BiTermTest.com,Active,Employee,2015-10-05,,Financial Analyst,Finance,United States,Deniz.Marino@BiTermTest.com
73047583,Valentina,Moretti,Valentina.Moretti@BiTermTest.com,Valentina.Moretti@BiTermTest.com,Active,Employee,2024-11-11,,Financial Analyst,Finance,United States,Astrid.Fofana@BiTermTest.com
12370,Valentina,Rao,Valentina.Rao@BiTermTest.com,Valentina.Rao@BiTermTest.com,Active,Employee,2013-05-22,,Physical Security Officer,Security,United States,Naoko.Desai@BiTermTest.com
9618,Valentina,Seo,Valentina.Seo@BiTermTest.com,Valentina.Seo@BiTermTest.com,Active,Employee,2010-09-08,,Site Coordinator,Operations,United States,Firuza.Moretti@BiTermTest.com
10007380,Valentina,Szymanski,Valentina.Szymanski@BiTermTest.com,Valentina.Szymanski@BiTermTest.com,Active,Contractor,2019-05-20,,Account Executive,Sales,United States,Anwar.Axelsson@BiTermTest.com
21293,Valentina,Traore,Valentina.Traore@BiTermTest.com,Valentina.Traore@BiTermTest.com,Active,Employee,2012-05-07,,Account Support Lead,Customer Service,United States,Jovana.Mifsud@BiTermTest.com
73019223,Vandana,Attard,Vandana.Attard@BiTermTest.com,Vandana.Attard@BiTermTest.com,Active,Employee,2021-08-23,,GRC Analyst,Security,United States,Teodora.Rossi@BiTermTest.com
73039371,Vandana,Desta,Vandana.Desta@BiTermTest.com,Vandana.Desta@BiTermTest.com,Active,Employee,2023-08-25,2026-12-31,Service Desk Analyst,IT,United States,Renata.Mukherjee@BiTermTest.com
300,Vandana,Egorov,Vandana.Egorov@BiTermTest.com,Vandana.Egorov@BiTermTest.com,Active,Contractor,2005-01-04,,Service Desk Analyst,IT,United States,Hana.Borg@BiTermTest.com
36387,Vandana,Forsberg,Vandana.Forsberg@BiTermTest.com,Vandana.Forsberg@BiTermTest.com,Active,Employee,2018-07-23,,Operations Supervisor,Operations,United States,Dalia.Kozlowski@BiTermTest.com
41790,Vandana,Fujimoto,Vandana.Fujimoto@BiTermTest.com,Vandana.Fujimoto@BiTermTest.com,Active,Employee,2019-09-23,,Fleet Maintenance Technician,Fleet,United States,Amara.Sleiman@BiTermTest.com
26667,Vandana,Grabowski,Vandana.Grabowski@BiTermTest.com,Vandana.Grabowski@BiTermTest.com,Active,Employee,2015-02-09,,HR Business Partner,Human Resources,United States,Citlali.Ngo@BiTermTest.com
73021211,Vandana,Kaya,Vandana.Kaya@BiTermTest.com,Vandana.Kaya@BiTermTest.com,Active,Employee,2021-10-18,,Operations Supervisor,Operations,United States,Nemanja.Nikolic@BiTermTest.com
10004201,Vandana,Kulkarni,Vandana.Kulkarni@BiTermTest.com,Vandana.Kulkarni@BiTermTest.com,Active,Employee,2012-03-21,,Accounts Payable Clerk,Finance,United States,Xochitl.Kapoor@BiTermTest.com
37874,Vandana,Lindqvist,Vandana.Lindqvist@BiTermTest.com,Vandana.Lindqvist@BiTermTest.com,Active,Employee,2018-11-19,,Customer Security Representative II CDL,Customer Service,United States,Arjun.Forsberg@BiTermTest.com
28162,Vandana,Mukherjee,Vandana.Mukherjee@BiTermTest.com,Vandana.Mukherjee@BiTermTest.com,Active,Employee,2015-03-09,,Sales Operations Analyst,Sales,United States,Jisoo.Almeida@BiTermTest.com
13135,Vandana,Rahal,Vandana.Rahal@BiTermTest.com,Vandana.Rahal@BiTermTest.com,Active,Employee,2015-01-01,,Controller,Finance,United States,Gorka.Desta@BiTermTest.com
41385,Vandana,Ricci,Vandana.Ricci@BiTermTest.com,Vandana.Ricci@BiTermTest.com,Active,Employee,2019-08-26,,Benefits Analyst,Human Resources,United States,Mahmoud.Tesfaye@BiTermTest.com
73032761,Vandana,Saliba,Vandana.Saliba@BiTermTest.com,Vandana.Saliba@BiTermTest.com,Active,Contractor,2023-01-09,,Accounts Payable Clerk,Finance,Canada,Teodora.Menon@BiTermTest.com
25461,Vandana,Uchida,Vandana.Uchida@BiTermTest.com,Vandana.Uchida@BiTermTest.com,Active,Employee,2010-09-20,,Fleet Maintenance Technician,Fleet,United States,Alessandro.Vandenberg@BiTermTest.com
20046,Vasil,Alemu,Vasil.Alemu@BiTermTest.com,Vasil.Alemu@BiTermTest.com,Active,Employee,1994-08-15,,Service Desk Analyst,IT,Canada,Maialen.Sleiman@BiTermTest.com
42324,Vasil,Amari,Vasil.Amari@BiTermTest.com,Vasil.Amari@BiTermTest.com,Active,Employee,2019-11-04,,Sales Operations Analyst,Sales,Canada,Volkan.Kocak@BiTermTest.com
12024,Vasil,Asante,Vasil.Asante@BiTermTest.com,Vasil.Asante@BiTermTest.com,Active,Contractor,2012-09-10,,Operations Analyst,Operations,United States,Firuza.Moretti@BiTermTest.com
31970,Vasil,Aslan,Vasil.Aslan@BiTermTest.com,Vasil.Aslan@BiTermTest.com,Active,Employee,2017-06-19,,Platform Administrator,IT,Canada,Eshan.Mulder@BiTermTest.com
25257,Vasil,Bae,Vasil.Bae@BiTermTest.com,Vasil.Bae@BiTermTest.com,Active,Employee,2004-12-01,,Benefits Analyst,Human Resources,United States,Yaretzi.Aslan@BiTermTest.com
73024046,Vasil,Cassar,Vasil.Cassar@BiTermTest.com,Vasil.Cassar@BiTermTest.com,Active,Employee,2022-01-31,,Financial Analyst,Finance,United States,Vandana.Rahal@BiTermTest.com
73040877,Vasil,Dang,Vasil.Dang@BiTermTest.com,Vasil.Dang@BiTermTest.com,Active,Employee,2023-10-30,,Site Coordinator,Operations,United States,Kofi.Obiora@BiTermTest.com
34840,Vasil,Kozlowski,Vasil.Kozlowski@BiTermTest.com,Vasil.Kozlowski@BiTermTest.com,Active,Employee,2018-02-26,,GRC Analyst,Security,United States,Amaia.Dang@BiTermTest.com
23008,Vasil,Nystrom,Vasil.Nystrom@BiTermTest.com,Vasil.Nystrom@BiTermTest.com,Active,Employee,2007-07-17,,Fleet Planner,Fleet,United States,Mei.Ozturk@BiTermTest.com
73019813,Vasil,Tesfaye,Vasil.Tesfaye@BiTermTest.com,Vasil.Tesfaye@BiTermTest.com,Active,Employee,2021-08-23,,Operations Supervisor,Operations,United States,Soren.Banerjee@BiTermTest.com
10007083,Vasil,Vella,Vasil.Vella@BiTermTest.com,Vasil.Vella@BiTermTest.com,Active,Employee,2018-10-22,,Fleet Maintenance Technician,Fleet,United States,Hui.Amari@BiTermTest.com
13842,Vasil,Worku,Vasil.Worku@BiTermTest.com,Vasil.Worku@BiTermTest.com,Active,Employee,2015-01-01,,Regional Sales Manager,Sales,United States,Elif.Jankowski@BiTermTest.com
27122,Volkan,Axelsson,Volkan.Axelsson@BiTermTest.com,Volkan.Axelsson@BiTermTest.com,Active,Employee,2010-04-19,,Service Desk Analyst,IT,United States,Thabo.Hwang@BiTermTest.com
23718,Volkan,Barbosa,Volkan.Barbosa@BiTermTest.com,Volkan.Barbosa@BiTermTest.com,Active,Employee,2007-09-24,,Operations Analyst,Operations,United States,Vandana.Forsberg@BiTermTest.com
12013,Volkan,Cassar,Volkan.Cassar@BiTermTest.com,Volkan.Cassar@BiTermTest.com,Active,Employee,2013-09-27,,Physical Security Officer,Security,United States,Amaia.Yilmaz@BiTermTest.com
37954,Volkan,Chatterjee,Volkan.Chatterjee@BiTermTest.com,Volkan.Chatterjee@BiTermTest.com,Active,Contractor,2018-11-26,,Account Executive,Sales,Canada,Bram.Aslan@BiTermTest.com
16807,Volkan,Engstrom,Volkan.Engstrom@BiTermTest.com,Volkan.Engstrom@BiTermTest.com,Active,Employee,2015-11-02,,Service Desk Analyst,IT,United States,Maialen.Sleiman@BiTermTest.com
39146,Volkan,Esposito,Volkan.Esposito@BiTermTest.com,Volkan.Esposito@BiTermTest.com,Active,Employee,2019-02-25,,Accounts Payable Clerk,Finance,United States,Deniz.Marino@BiTermTest.com
26475,Volkan,Ezeani,Volkan.Ezeani@BiTermTest.com,Volkan.Ezeani@BiTermTest.com,Active,Employee,2014-03-03,,Service Desk Analyst,IT,United States,Volkan.Engstrom@BiTermTest.com
73041476,Volkan,Kaya,Volkan.Kaya@BiTermTest.com,Volkan.Kaya@BiTermTest.com,Active,Employee,2023-11-14,2026-04-15,Route Driver,Fleet,United States,Gorka.Celik@BiTermTest.com
73050790,Volkan,Kebede,Volkan.Kebede@BiTermTest.com,Volkan.Kebede@BiTermTest.com,Active,Employee,2025-03-10,,Controller,Finance,United States,Soren.Ferreira@BiTermTest.com
73013341,Volkan,Kocak,Volkan.Kocak@BiTermTest.com,Volkan.Kocak@BiTermTest.com,Active,Employee,2021-03-22,,Account Executive,Sales,Canada,Anwar.Axelsson@BiTermTest.com
16752,Volkan,Kulkarni,Volkan.Kulkarni@BiTermTest.com,Volkan.Kulkarni@BiTermTest.com,Active,Employee,2015-10-13,,Account Executive,Sales,United States,Mateo.Pillai@BiTermTest.com
73053207,Volkan,Lemma,Volkan.Lemma@BiTermTest.com,Volkan.Lemma@BiTermTest.com,Active,Employee,2025-08-11,,Platform Administrator,IT,United States,Emre.Kobayashi@BiTermTest.com
28109,Volkan,Marino,Volkan.Marino@BiTermTest.com,Volkan.Marino@BiTermTest.com,Active,Employee,2015-09-08,,Regional Sales Manager,Sales,United States,Mateo.Pillai@BiTermTest.com
73001204,Volkan,Mekonnen,Volkan.Mekonnen@BiTermTest.com,Volkan.Mekonnen@BiTermTest.com,Active,Employee,2020-02-18,,Financial Analyst,Finance,United States,Parvin.Wisniewski@BiTermTest.com
36990,Volkan,Owusu,Volkan.Owusu@BiTermTest.com,Volkan.Owusu@BiTermTest.com,Active,Employee,2018-09-10,,Fleet Planner,Fleet,United States,Yusuf.Kaminski@BiTermTest.com
10003122,Volkan,Rahal,Volkan.Rahal@BiTermTest.com,Volkan.Rahal@BiTermTest.com,Active,Employee,2014-10-13,,GRC Analyst,Security,United States,FDeshpande@BiTermTest.com
12984,Volkan,Teixeira,Volkan.Teixeira@BiTermTest.com,Volkan.Teixeira@BiTermTest.com,Volkan Teixeira,Contractor,2015-01-01,,GRC Analyst,Security,United States,Unai.Nassar@BiTermTest.com
28791,Volkan,Visser,Volkan.Visser@BiTermTest.com,Volkan.Visser@BiTermTest.com,Active,Employee,2016-05-16,,Recruiter,Human Resources,United States,Nemanja.Duong@BiTermTest.com
73001531,Wafa,Forsberg,Wafa.Forsberg@BiTermTest.com,Wafa.Forsberg@BiTermTest.com,Active,Employee,2020-02-24,,Customer Security Representative II CDL,Customer Service,United States,Itzel.Piotrowski@BiTermTest.com
73012155,Wafa,Hwang,Wafa.Hwang@BiTermTest.com,Wafa.Hwang@BiTermTest.com,Active,Employee,2021-02-15,,Controller,Finance,United States,Rohan.Chukwu@BiTermTest.com
25502,Wafa,Kaminski,Wafa.Kaminski@BiTermTest.com,Wafa.Kaminski@BiTermTest.com,Active,Contractor,2007-04-30,,Regional Sales Manager,Sales,United States,Jisoo.Almeida@BiTermTest.com
73053600,Wafa,Sokolov,Wafa.Sokolov@BiTermTest.com,Wafa.Sokolov@BiTermTest.com,Active,Employee,2025-08-29,2027-12-31,Platform Administrator,IT,United States,Roisin.Hoshino@BiTermTest.com
33209,Wafa,Titov,Wafa.Titov@BiTermTest.com,Wafa.Titov@BiTermTest.com,Active,Employee,2017-10-02,,Benefits Analyst,Human Resources,United States,Jisoo.Jeong@BiTermTest.com
20062,Wafa,Truong,Wafa.Truong@BiTermTest.com,Wafa.Truong@BiTermTest.com,Active,Employee,2007-08-27,,Financial Analyst,Finance,United States,Fernanda.Rahal@BiTermTest.com
73016555,Willem,Almeida,Willem.Almeida@BiTermTest.com,Willem.Almeida@BiTermTest.com,Active,Employee,2021-06-21,,Operations Supervisor,Operations,United States,Hamid.Krawczyk@BiTermTest.com
17110,Willem,Asante,Willem.Asante@BiTermTest.com,Willem.Asante@BiTermTest.com,Active,Employee,2016-02-22,,Route Driver,Fleet,Canada,Alessandro.Vandenberg@BiTermTest.com
19382,Willem,Bosman,Willem.Bosman@BiTermTest.com,Willem.Bosman@BiTermTest.com,Active,Employee,1989-03-06,,GRC Analyst,Security,United States,Chidi.Chopra@BiTermTest.com
73015314,Willem,Chatterjee,Willem.Chatterjee@BiTermTest.com,Willem.Chatterjee@BiTermTest.com,Active,Employee,2021-05-18,,Route Driver,Fleet,United States,Willem.Kuroda@BiTermTest.com
73053049,Willem,Chopra,Willem.Chopra@BiTermTest.com,Willem.Chopra@BiTermTest.com,Active,Employee,2025-07-25,2027-12-31,Account Support Lead,Customer Service,United States,Eshan.Farrugia@BiTermTest.com
25145,Willem,Duong,Willem.Duong@BiTermTest.com,Willem.Duong@BiTermTest.com,Active,Employee,2010-05-26,,Fleet Maintenance Technician,Fleet,United States,Jeroen.Petrovic@BiTermTest.com
73003246,Willem,Fedorov,Willem.Fedorov@BiTermTest.com,Willem.Fedorov@BiTermTest.com,Active,Contractor,2020-04-06,2026-12-31,Sales Operations Analyst,Sales,United States,Ilya.Meijer@BiTermTest.com
73002458,Willem,Kaminski,Willem.Kaminski@BiTermTest.com,Willem.Kaminski@BiTermTest.com,Active,Employee,2020-03-23,,Route Driver,Fleet,Canada,Petro.Attard@BiTermTest.com
73023867,Willem,Kuroda,Willem.Kuroda@BiTermTest.com,Willem.Kuroda@BiTermTest.com,Active,Employee,2022-01-18,,Route Driver,Fleet,United States,Petro.Attard@BiTermTest.com
73030909,Willem,Lindqvist,Willem.Lindqvist@BiTermTest.com,Willem.Lindqvist@BiTermTest.com,Active,Contractor,2022-10-17,,Fleet Maintenance Technician,Fleet,United States,Hui.Amari@BiTermTest.com
11027,Willem,Markovic,Willem.Markovic@BiTermTest.com,Willem.Markovic@BiTermTest.com,Active,Employee,2011-03-28,,Fleet Planner,Fleet,United States,Aoife.Bosman@BiTermTest.com
10000070,Willem,Mulder,Willem.Mulder@BiTermTest.com,Willem.Mulder@BiTermTest.com,Active,Employee,2019-03-18,,Site Coordinator,Operations,United States,Hamid.Krawczyk@BiTermTest.com
22003,Willem,Piotrowski,Willem.Piotrowski@BiTermTest.com,Willem.Piotrowski@BiTermTest.com,Active,Contractor,2008-09-02,,Account Executive,Sales,United States,Rashida.Polat@BiTermTest.com
18973,Willem,Rossi,Willem.Rossi@BiTermTest.com,Willem.Rossi@BiTermTest.com,Active,Employee,2016-05-09,,Systems Engineer,IT,United States,Katya.Horvat@BiTermTest.com
31928,Willem,Vella,Willem.Vella@BiTermTest.com,Willem.Vella@BiTermTest.com,Active,Employee,2017-06-12,,Recruiter,Human Resources,United States,Citlali.Ngo@BiTermTest.com
42333,Willem,Visser,Willem.Visser@BiTermTest.com,Willem.Visser@BiTermTest.com,Active,Employee,2019-11-04,,Sales Operations Analyst,Sales,United States,Jing.Owusu@BiTermTest.com
41790,Ximena,Asante,Ximena.Asante@BiTermTest.com,Ximena.Asante@BiTermTest.com,Active,Employee,2019-09-23,,HR Business Partner,Human Resources,United States,Sanne.Khoury@BiTermTest.com
13281,Ximena,Cassar,Ximena.Cassar@BiTermTest.com,Ximena.Cassar@BiTermTest.com,Active,Employee,2015-01-01,,GRC Analyst,Security,United States,FDeshpande@BiTermTest.com
14498,Ximena,Chukwu,Ximena.Chukwu@BiTermTest.com,Ximena.Chukwu@BiTermTest.com,Active,Employee,2010-01-11,,Customer Security Representative II CDL,Customer Service,United States,Lorenzo.Kebede@BiTermTest.com
73024111,Ximena,Demir,Ximena.Demir@BiTermTest.com,Ximena.Demir@BiTermTest.com,Active,Employee,2022-01-10,2035-12-31,HR Business Partner,Human Resources,United States,Nemanja.Duong@BiTermTest.com
73051318,Ximena,Ezeani,Ximena.Ezeani@BiTermTest.com,Ximena.Ezeani@BiTermTest.com,Active,Employee,2025-04-04,,Customer Care Associate,Customer Service,United States,Anahi.Esposito@BiTermTest.com
19348,Ximena,Fedorov,Ximena.Fedorov@BiTermTest.com,Ximena.Fedorov@BiTermTest.com,Active,Employee,2004-04-01,,Benefits Analyst,Human Resources,United States,Nemanja.Duong@BiTermTest.com
19169,Ximena,Ishikawa,Ximena.Ishikawa@BiTermTest.com,Ximena.Ishikawa@BiTermTest.com,Active,Employee,2016-02-29,,Financial Analyst,Finance,United States,Rohan.Chukwu@BiTermTest.com
22347,Ximena,Iyer,Ximena.Iyer@BiTermTest.com,Ximena.Iyer@BiTermTest.com,Active,Employee,2006-07-10,,Route Driver,Fleet,United States,Tariq.Zammit@BiTermTest.com
26542,Ximena,Keita,Ximena.Keita@BiTermTest.com,Ximena.Keita@BiTermTest.com,Active,Employee,2013-04-29,,Platform Administrator,IT,United States,Oksana.Traore@BiTermTest.com
22268,Ximena,Nair,Ximena.Nair@BiTermTest.com,Ximena.Nair@BiTermTest.com,Active,Employee,2001-08-13,,Platform Administrator,IT,United States,Deniz.Mulder@BiTermTest.com
22923,Ximena,Owusu,Ximena.Owusu@BiTermTest.com,Ximena.Owusu@BiTermTest.com,Active,Contractor,2003-04-10,,Platform Administrator,IT,United States,Sigrid.Ndiaye@BiTermTest.com
10001099,Ximena,Traore,Ximena.Traore@BiTermTest.com,Ximena.Traore@BiTermTest.com,Active,Employee,2007-11-05,,Recruiter,Human Resources,United States,Xochitl.Wojcik@BiTermTest.com
25767,Ximena,Trivedi,Ximena.Trivedi@BiTermTest.com,Ximena.Trivedi@BiTermTest.com,Active,Employee,2014-07-28,,Sales Operations Analyst,Sales,United States,Anwar.Axelsson@BiTermTest.com
29185,Ximena,Worku,Ximena.Worku@BiTermTest.com,Ximena.Worku@BiTermTest.com,Active,Employee,2017-01-03,,Fleet Planner,Fleet,United States,Hui.Amari@BiTermTest.com
73053475,Xiomara,Dogan,Xiomara.Dogan@BiTermTest.com,Xiomara.Dogan@BiTermTest.com,Active,Employee,2025-08-25,2027-12-31,Site Coordinator,Operations,Canada,Anouk.Azevedo@BiTermTest.com
22112,Xiomara,Fakhoury,Xiomara.Fakhoury@BiTermTest.com,Xiomara.Fakhoury@BiTermTest.com,Active,Employee,2006-07-17,,Systems Engineer,IT,Canada,Gorka.Egorov@BiTermTest.com
73044635,Xiomara,Farrugia,Xiomara.Farrugia@BiTermTest.com,Xiomara.Farrugia@BiTermTest.com,Active,Employee,2024-06-03,,Regional Sales Manager,Sales,United States,Tariq.Borg@BiTermTest.com
21908,Xiomara,Gallo,Xiomara.Gallo@BiTermTest.com,Xiomara.Gallo@BiTermTest.com,Active,Employee,2011-11-07,,Recruiter,Human Resources,United States,Cuauhtemoc.Kapoor@BiTermTest.com
27039,Xiomara,Holmgren,Xiomara.Holmgren@BiTermTest.com,Xiomara.Holmgren@BiTermTest.com,Active,Employee,2013-07-29,,Operations Supervisor,Operations,Canada,Vandana.Forsberg@BiTermTest.com
71006543,Xiomara,Titov,Xiomara.Titov@BiTermTest.com,Xiomara.Titov@BiTermTest.com,Active,Employee,2014-02-06,,Security Analyst,Security,United States,Lars.Sakamoto@BiTermTest.com
24416,Xiomara,Vella,Xiomara.Vella@BiTermTest.com,Xiomara.Vella@BiTermTest.com,Active,Employee,2012-04-09,,Customer Care Associate,Customer Service,United States,Itzel.Piotrowski@BiTermTest.com
19666,Xiu,Bosman,Xiu.Bosman@BiTermTest.com,Xiu.Bosman@BiTermTest.com,Active,Employee,2000-06-19,,Controller,Finance,United States,Deniz.Marino@BiTermTest.com
10006797,Xiu,Carvalho,Xiu.Carvalho@BiTermTest.com,Xiu.Carvalho@BiTermTest.com,Active,Employee,2018-03-26,,Service Desk Analyst,IT,United States,Maialen.Sleiman@BiTermTest.com
25257,Xiu,Fedorov,Xiu.Fedorov@BiTermTest.com,Xiu.Fedorov@BiTermTest.com,Active,Contractor,2004-12-01,,Sales Operations Analyst,Sales,United States,Laleh.Kulkarni@BiTermTest.com
10004536,Xiu,Ferrari,Xiu.Ferrari@BiTermTest.com,Xiu.Ferrari@BiTermTest.com,Active,Employee,2000-01-17,,Security Analyst,Security,United States,Anouk.Desta@BiTermTest.com
11911,Xiu,Fofana,Xiu.Fofana@BiTermTest.com,Xiu.Fofana@BiTermTest.com,Active,Employee,2012-07-09,,Fleet Planner,Fleet,Canada,Petro.Attard@BiTermTest.com
10506,Xiu,Ishikawa,Xiu.Ishikawa@BiTermTest.com,Xiu.Ishikawa@BiTermTest.com,Active,Employee,2010-06-08,,Financial Analyst,Finance,Canada,Rohan.Chukwu@BiTermTest.com
13552,Xiu,Jankowski,Xiu.Jankowski@BiTermTest.com,Xiu.Jankowski@BiTermTest.com,Terminated,Employee,2015-01-01,2026-03-23,Account Support Lead,Customer Service,United States,Anahi.Esposito@BiTermTest.com
27577,Xiu,Joshi,Xiu.Joshi@BiTermTest.com,Xiu.Joshi@BiTermTest.com,Active,Employee,1990-10-31,,Recruiter,Human Resources,Canada,Citlali.Ngo@BiTermTest.com
25092,Xiu,Kilic,Xiu.Kilic@BiTermTest.com,Xiu.Kilic@BiTermTest.com,Active,Employee,2011-10-31,,Route Driver,Fleet,United States,Hui.Amari@BiTermTest.com
9346,Xiu,Kwon,Xiu.Kwon@BiTermTest.com,Xiu.Kwon@BiTermTest.com,Active,Employee,2008-04-01,,Fleet Maintenance Technician,Fleet,United States,Willem.Kuroda@BiTermTest.com
39633,Xiu,Lundgren,Xiu.Lundgren@BiTermTest.com,Xiu.Lundgren@BiTermTest.com,Active,Employee,2019-04-08,,Platform Administrator,IT,Canada,Maialen.Sleiman@BiTermTest.com
19590,Xiu,Piotrowski,Xiu.Piotrowski@BiTermTest.com,Xiu.Piotrowski@BiTermTest.com,Active,Employee,1993-12-01,,Recruiter,Human Resources,United States,Iker.Lewandowski@BiTermTest.com
26600,Xiu,Visser,Xiu.Visser@BiTermTest.com,Xiu.Visser@BiTermTest.com,Active,Employee,2013-01-21,,Operations Supervisor,Operations,Canada,Hamid.Krawczyk@BiTermTest.com
32142,Xochitl,Alemu,Xochitl.Alemu@BiTermTest.com,Xochitl.Alemu@BiTermTest.com,Active,Contractor,2017-06-26,,Physical Security Officer,Security,United States,Imani.Baraka@BiTermTest.com
32229,Xochitl,Azevedo,Xochitl.Azevedo@BiTermTest.com,Xochitl.Azevedo@BiTermTest.com,Active,Employee,2017-07-10,,Operations Analyst,Operations,United States,Ngozi.Mehta@BiTermTest.com
23926,Xochitl,Conti,Xochitl.Conti@BiTermTest.com,Xochitl.Conti@BiTermTest.com,Active,Employee,2011-01-26,,Financial Analyst,Finance,United States,Gorka.Desta@BiTermTest.com
73034247,Xochitl,Kapoor,Xochitl.Kapoor@BiTermTest.com,Xochitl.Kapoor@BiTermTest.com,Active,Contractor,2023-02-27,,Financial Analyst,Finance,United States,Teodora.Menon@BiTermTest.com
25602,Xochitl,Kocak,Xochitl.Kocak@BiTermTest.com,Xochitl.Kocak@BiTermTest.com,Active,Employee,2009-01-26,,Physical Security Officer,Security,United States,Parvin.Mekonnen@BiTermTest.com
21944,Xochitl,Kuroda,Xochitl.Kuroda@BiTermTest.com,Xochitl.Kuroda@BiTermTest.com,Active,Employee,2012-06-11,,Sales Operations Analyst,Sales,United States,Niamh.Rahal@BiTermTest.com
73009142,Xochitl,Lewandowski,Xochitl.Lewandowski@BiTermTest.com,Xochitl.Lewandowski@BiTermTest.com,Active,Employee,2020-11-30,,Controller,Finance,United States,Xochitl.Kapoor@BiTermTest.com
73017778,Xochitl,Nwosu,Xochitl.Nwosu@BiTermTest.com,Xochitl.Nwosu@BiTermTest.com,Active,Employee,2021-07-12,,Account Executive,Sales,United States,Jing.Owusu@BiTermTest.com
26477,Xochitl,Reddy,Xochitl.Reddy@BiTermTest.com,Xochitl.Reddy@BiTermTest.com,Active,Employee,2014-03-03,,Controller,Finance,United States,Teodora.Menon@BiTermTest.com
73039277,Xochitl,Wojcik,Xochitl.Wojcik@BiTermTest.com,Xochitl.Wojcik@BiTermTest.com,Active,Employee,2023-09-05,,Recruiter,Human Resources,Canada,Cuauhtemoc.Kapoor@BiTermTest.com
19868,Xzammit,User,XZammit@BiTermTest.com,XZammit@BiTermTest.com,Active,Employee,1990-01-05,,Physical Security Officer,Security,Canada,Anouk.Desta@BiTermTest.com
36693,Yan,Bekele,Yan.Bekele@BiTermTest.com,Yan.Bekele@BiTermTest.com,Active,Contractor,2018-06-01,,Controller,Finance,United States,Rohan.Chukwu@BiTermTest.com
73017579,Yan,Celik,Yan.Celik@BiTermTest.com,Yan.Celik@BiTermTest.com,Active,Employee,2021-07-12,,Service Desk Analyst,IT,United States,Nikolai.Ghanem@BiTermTest.com
29878,Yan,Fakhoury,Yan.Fakhoury@BiTermTest.com,Yan.Fakhoury@BiTermTest.com,Active,Employee,2017-02-13,,HR Business Partner,Human Resources,United States,Henryk.Yamamoto@BiTermTest.com
7183,Yan,Hendriks,Yan.Hendriks@BiTermTest.com,Yan.Hendriks@BiTermTest.com,Active,Employee,2004-08-30,,GRC Analyst,Security,United States,Eneko.Zielinski@BiTermTest.com
41446,Yan,Krawczyk,Yan.Krawczyk@BiTermTest.com,Yan.Krawczyk@BiTermTest.com,Active,Employee,2019-09-02,,GRC Analyst,Security,United States,Amaia.Yilmaz@BiTermTest.com
41225,Yan,Nakamura,Yan.Nakamura@BiTermTest.com,Yan.Nakamura@BiTermTest.com,Active,Employee,2019-08-12,,HR Business Partner,Human Resources,United States,Oksana.Haddad@BiTermTest.com
73054271,Yan,Obiora,Yan.Obiora@BiTermTest.com,Yan.Obiora@BiTermTest.com,Active,Employee,2025-10-20,,Customer Security Representative II CDL,Customer Service,United States,Duc.Traore@BiTermTest.com
10004269,Yan,Seo,Yan.Seo@BiTermTest.com,Yan.Seo@BiTermTest.com,Active,Employee,1998-09-08,,Site Coordinator,Operations,United States,Firuza.Moretti@BiTermTest.com
73024081,Yan,Sokolov,Yan.Sokolov@BiTermTest.com,Yan.Sokolov@BiTermTest.com,Active,Employee,2022-01-11,,Regional Sales Manager,Sales,United States,Matteo.Malhotra@BiTermTest.com
27047,Yan,Vandenberg,Yan.Vandenberg@BiTermTest.com,Yan.Vandenberg@BiTermTest.com,Active,Employee,2013-07-29,,Site Coordinator,Operations,United States,Hamid.Krawczyk@BiTermTest.com
15552,Yan,Wozniak,Yan.Wozniak@BiTermTest.com,Yan.Wozniak@BiTermTest.com,Active,Contractor,2014-12-01,,Fleet Maintenance Technician,Fleet,United States,Willem.Kuroda@BiTermTest.com
24505,Yaretzi,Arslan,Yaretzi.Arslan@BiTermTest.com,Yaretzi.Arslan@BiTermTest.com,Active,Employee,2014-07-07,,Operations Supervisor,Operations,United States,Jovana.Baraka@BiTermTest.com
73028005,Yaretzi,Aslan,Yaretzi.Aslan@BiTermTest.com,Yaretzi.Aslan@BiTermTest.com,Active,Employee,2022-06-06,,Benefits Analyst,Human Resources,United States,Henryk.Yamamoto@BiTermTest.com
21208,Yaretzi,Aydin,Yaretzi.Aydin@BiTermTest.com,Yaretzi.Aydin@BiTermTest.com,Active,Employee,2013-08-26,,Customer Security Representative II CDL,Customer Service,United States,Arjun.Forsberg@BiTermTest.com
23478,Yaretzi,Bae,Yaretzi.Bae@BiTermTest.com,Yaretzi.Bae@BiTermTest.com,Active,Employee,2009-07-13,,Operations Analyst,Operations,United States,Beatriz.Khoury@BiTermTest.com
27691,Yaretzi,Borg,Yaretzi.Borg@BiTermTest.com,Yaretzi.Borg@BiTermTest.com,Active,Employee,2009-01-19,,Physical Security Officer,Security,Canada,Amaia.Dang@BiTermTest.com
19834,Yaretzi,Duong,Yaretzi.Duong@BiTermTest.com,Yaretzi.Duong@BiTermTest.com,Active,Employee,1999-12-27,,Route Driver,Fleet,United States,Yusuf.Kaminski@BiTermTest.com
41225,Yaretzi,Hwang,Yaretzi.Hwang@BiTermTest.com,Yaretzi.Hwang@BiTermTest.com,Active,Employee,2019-08-12,,Account Support Lead,Customer Service,United States,Beatriz.Haile@BiTermTest.com
21974,Yaretzi,Ishikawa,Yaretzi.Ishikawa@BiTermTest.com,Yaretzi.Ishikawa@BiTermTest.com,Active,Employee,2012-01-02,,Route Driver,Fleet,United States,Teodora.Jankowski@BiTermTest.com
41338,Yaretzi,Kozlowski,Yaretzi.Kozlowski@BiTermTest.com,Yaretzi.Kozlowski@BiTermTest.com,Active,Employee,2019-08-26,,Benefits Analyst,Human Resources,United States,Iker.Lewandowski@BiTermTest.com
73000680,Yaretzi,Mekonnen,Yaretzi.Mekonnen@BiTermTest.com,Yaretzi.Mekonnen@BiTermTest.com,Active,Employee,2020-01-20,,Customer Security Representative II CDL,Customer Service,Canada,Eshan.Farrugia@BiTermTest.com
21335,Yaretzi,Mulder,Yaretzi.Mulder@BiTermTest.com,Yaretzi.Mulder@BiTermTest.com,Active,Employee,2012-02-08,,GRC Analyst,Security,United States,Jisoo.Menon@BiTermTest.com
72000094,Yaretzi,Novak,Yaretzi.Novak@BiTermTest.com,Yaretzi.Novak@BiTermTest.com,Active,Employee,2019-12-09,2027-12-31,Fleet Planner,Fleet,United States,Amara.Sleiman@BiTermTest.com
22216,Yaretzi,Obiora,Yaretzi.Obiora@BiTermTest.com,Yaretzi.Obiora@BiTermTest.com,Active,Employee,2006-02-16,,Operations Analyst,Operations,United States,Jovana.Baraka@BiTermTest.com
10004061,Yaretzi,Stojanovic,Yaretzi.Stojanovic@BiTermTest.com,Yaretzi.Stojanovic@BiTermTest.com,Yaretzi Stojanovic,Employee,2015-01-19,,Financial Analyst,Finance,United States,Fernanda.Rahal@BiTermTest.com
73026324,Yasmin,Bae,Yasmin.Bae@BiTermTest.com,Yasmin.Bae@BiTermTest.com,Active,Employee,2022-03-21,,Account Executive,Sales,United States,Bram.Aslan@BiTermTest.com
21671,Yasmin,Engstrom,Yasmin.Engstrom@BiTermTest.com,Yasmin.Engstrom@BiTermTest.com,Active,Employee,2010-10-25,,Benefits Analyst,Human Resources,United States,Xochitl.Wojcik@BiTermTest.com
42263,Yasmin,Esposito,Yasmin.Esposito@BiTermTest.com,Yasmin.Esposito@BiTermTest.com,Active,Employee,2019-11-04,,Financial Analyst,Finance,United States,Parvin.Wisniewski@BiTermTest.com
26628,Yasmin,Hoang,Yasmin.Hoang@BiTermTest.com,Yasmin.Hoang@BiTermTest.com,Active,Employee,2013-12-02,,Physical Security Officer,Security,United States,Amaia.Yilmaz@BiTermTest.com
22175,Yasmin,Meijer,Yasmin.Meijer@BiTermTest.com,Yasmin.Meijer@BiTermTest.com,Active,Contractor,2024-12-30,,Recruiter,Human Resources,United States,Sanne.Khoury@BiTermTest.com
24300,Yasmin,Okonkwo,Yasmin.Okonkwo@BiTermTest.com,Yasmin.Okonkwo@BiTermTest.com,Active,Employee,2014-01-06,,Recruiter,Human Resources,United States,Cuauhtemoc.Kapoor@BiTermTest.com
73038272,Yasmin,Watanabe,Yasmin.Watanabe@BiTermTest.com,Yasmin.Watanabe@BiTermTest.com,Active,Employee,2023-07-10,,Physical Security Officer,Security,United States,Ilya.Wozniak@BiTermTest.com
25220,Yasmin,Yamamoto,Yasmin.Yamamoto@BiTermTest.com,Yasmin.Yamamoto@BiTermTest.com,Active,Employee,2013-11-25,,Physical Security Officer,Security,United States,Marisol.Asante@BiTermTest.com
14524,Yasmin,Yoon,Yasmin.Yoon@BiTermTest.com,Yasmin.Yoon@BiTermTest.com,Active,Employee,2015-01-01,,Account Support Lead,Customer Service,United States,Maialen.Jankowski@BiTermTest.com
19265,Yevhen,Almeida,Yevhen.Almeida@BiTermTest.com,Yevhen.Almeida@BiTermTest.com,Active,Employee,2016-01-18,,Regional Sales Manager,Sales,United States,Bram.Aslan@BiTermTest.com
36786,Yevhen,Bhattacharya,Yevhen.Bhattacharya@BiTermTest.com,Yevhen.Bhattacharya@BiTermTest.com,Active,Employee,2018-08-20,,Systems Engineer,IT,United States,Mahmoud.Worku@BiTermTest.com
21671,Yevhen,Dabrowski,Yevhen.Dabrowski@BiTermTest.com,Yevhen.Dabrowski@BiTermTest.com,Active,Employee,2010-10-25,,Route Driver,Fleet,United States,Sanne.Iyer@BiTermTest.com
22649,Yevhen,Deshpande,Yevhen.Deshpande@BiTermTest.com,Yevhen.Deshpande@BiTermTest.com,Active,Employee,2001-06-25,,Financial Analyst,Finance,United States,Cuauhtemoc.Zielinski@BiTermTest.com
25075,Yevhen,Ezeani,Yevhen.Ezeani@BiTermTest.com,Yevhen.Ezeani@BiTermTest.com,Active,Employee,2011-10-24,,Recruiter,Human Resources,United States,Mahmoud.Tesfaye@BiTermTest.com
30252,Yevhen,Ferreira,Yevhen.Ferreira@BiTermTest.com,Yevhen.Ferreira@BiTermTest.com,Active,Contractor,2017-03-06,,Financial Analyst,Finance,United States,Cuauhtemoc.Zielinski@BiTermTest.com
25071,Yevhen,Khoury,Yevhen.Khoury@BiTermTest.com,Yevhen.Khoury@BiTermTest.com,Active,Employee,2019-10-21,,Service Desk Analyst,IT,United States,Thabo.Hwang@BiTermTest.com
21938,Yevhen,Kirigaya,Yevhen.Kirigaya@BiTermTest.com,Yevhen.Kirigaya@BiTermTest.com,Active,Employee,2014-12-01,,Regional Sales Manager,Sales,United States,Niamh.Rahal@BiTermTest.com
73038755,Yevhen,Lindqvist,Yevhen.Lindqvist@BiTermTest.com,Yevhen.Lindqvist@BiTermTest.com,Active,Employee,2023-08-07,,Security Analyst,Security,United States,Duc.Pham@BiTermTest.com
73006347,Yevhen,Mazur,Yevhen.Mazur@BiTermTest.com,Yevhen.Mazur@BiTermTest.com,Active,Employee,2020-07-20,2026-03-31,Account Executive,Sales,United States,Jisoo.Almeida@BiTermTest.com
17856,Yevhen,Ohtani,Yevhen.Ohtani@BiTermTest.com,Yevhen.Ohtani@BiTermTest.com,Active,Employee,2016-08-29,,GRC Analyst,Security,United States,Firuza.Mulder@BiTermTest.com
16298,Yevhen,Seo,Yevhen.Seo@BiTermTest.com,Yevhen.Seo@BiTermTest.com,Active,Contractor,2015-06-26,,Operations Supervisor,Operations,United States,Firuza.Moretti@BiTermTest.com
18981,Yevhen,Stojanovic,Yevhen.Stojanovic@BiTermTest.com,Yevhen.Stojanovic@BiTermTest.com,Active,Employee,2016-05-09,,GRC Analyst,Security,United States,Zainab.Holmgren@BiTermTest.com
10005131,Yevhen,Yilmaz,Yevhen.Yilmaz@BiTermTest.com,Yevhen.Yilmaz@BiTermTest.com,Active,Employee,2006-06-01,,Fleet Planner,Fleet,Canada,Amara.Sleiman@BiTermTest.com
73031118,Yuki,Abebe,Yuki.Abebe@BiTermTest.com,Yuki.Abebe@BiTermTest.com,Active,Employee,2022-10-24,,Accounts Payable Clerk,Finance,United States,Basim.Aydin@BiTermTest.com
23286,Yuki,Aksoy,Yuki.Aksoy@BiTermTest.com,Yuki.Aksoy@BiTermTest.com,Yuki Aksoy,Employee,2007-03-01,,Systems Engineer,IT,Canada,Deniz.Mulder@BiTermTest.com
27890,Yuki,Bergstrom,Yuki.Bergstrom@BiTermTest.com,Yuki.Bergstrom@BiTermTest.com,Active,Contractor,2016-05-16,,Customer Security Representative II CDL,Customer Service,United States,Beatriz.Sahin@BiTermTest.com
27215,Yuki,Deshpande,Yuki.Deshpande@BiTermTest.com,Yuki.Deshpande@BiTermTest.com,Active,Contractor,2012-12-03,,Site Coordinator,Operations,United States,Valentina.Kebede@BiTermTest.com
27617,Yuki,Hendriks,Yuki.Hendriks@BiTermTest.com,Yuki.Hendriks@BiTermTest.com,Active,Employee,2004-11-15,,Customer Security Representative II CDL,Customer Service,United States,Jovana.Mifsud@BiTermTest.com
73012764,Yuki,Morozov,Yuki.Morozov@BiTermTest.com,Yuki.Morozov@BiTermTest.com,Active,Employee,2021-03-01,,Fleet Planner,Fleet,United States,Amara.Sleiman@BiTermTest.com
73052393,Yuki,Nikolic,Yuki.Nikolic@BiTermTest.com,Yuki.Nikolic@BiTermTest.com,Active,Employee,2025-06-10,2026-12-31,Financial Analyst,Finance,United States,Aylin.Mukherjee@BiTermTest.com
73010351,Yuki,Nowak,Yuki.Nowak@BiTermTest.com,Yuki.Nowak@BiTermTest.com,Active,Contractor,2024-03-25,,Customer Care Associate,Customer Service,United States,Arjun.Forsberg@BiTermTest.com
73050417,Yuki,Ricci,Yuki.Ricci@BiTermTest.com,Yuki.Ricci@BiTermTest.com,Active,Employee,2025-02-06,,Controller,Finance,United States,Cuauhtemoc.Zielinski@BiTermTest.com
73024111,Yuki,Trivedi,Yuki.Trivedi@BiTermTest.com,Yuki.Trivedi@BiTermTest.com,Active,Employee,2022-01-10,2035-12-31,GRC Analyst,Security,Canada,Ilya.Wozniak@BiTermTest.com
23600,Yusuf,Afolabi,Yusuf.Afolabi@BiTermTest.com,Yusuf.Afolabi@BiTermTest.com,Active,Employee,2000-08-01,,Systems Engineer,IT,United States,Anwar.Attard@BiTermTest.com
10006769,Yusuf,Bae,Yusuf.Bae@BiTermTest.com,Yusuf.Bae@BiTermTest.com,Active,Employee,2018-03-19,,Service Desk Analyst,IT,United States,Gorka.Egorov@BiTermTest.com
23960,Yusuf,Cardoso,Yusuf.Cardoso@BiTermTest.com,Yusuf.Cardoso@BiTermTest.com,Active,Employee,2009-04-08,,HR Business Partner,Human Resources,United States,Cuauhtemoc.Kapoor@BiTermTest.com
10006797,Yusuf,Dekker,Yusuf.Dekker@BiTermTest.com,Yusuf.Dekker@BiTermTest.com,Active,Employee,2018-03-26,,Operations Supervisor,Operations,United States,OMoretti1@BiTermTest.com
73055457,Yusuf,Deshpande,Yusuf.Deshpande@BiTermTest.com,Yusuf.Deshpande@BiTermTest.com,Active,Employee,2026-03-02,,Fleet Planner,Fleet,United States,Aoife.Bosman@BiTermTest.com
28816,Yusuf,Fakhoury,Yusuf.Fakhoury@BiTermTest.com,Yusuf.Fakhoury@BiTermTest.com,Active,Employee,2016-01-04,,Security Analyst,Security,United States,Ming.Owusu@BiTermTest.com
27118,Yusuf,Fedorov,Yusuf.Fedorov@BiTermTest.com,Yusuf.Fedorov@BiTermTest.com,Active,Employee,2010-04-26,,Financial Analyst,Finance,United States,Sanne.Desta@BiTermTest.com
73038146,Yusuf,Ferrari,Yusuf.Ferrari@BiTermTest.com,Yusuf.Ferrari@BiTermTest.com,Active,Employee,2023-07-17,,Systems Engineer,IT,United States,Roisin.Hoshino@BiTermTest.com
19580,Yusuf,Grabowski,Yusuf.Grabowski@BiTermTest.com,Yusuf.Grabowski@BiTermTest.com,Active,Employee,1996-04-29,,Site Coordinator,Operations,United States,Kofi.Obiora@BiTermTest.com
21799,Yusuf,Iyer,Yusuf.Iyer@BiTermTest.com,Yusuf.Iyer@BiTermTest.com,Active,Employee,2010-02-08,,Customer Care Associate,Customer Service,United States,Minh.Sakamoto@BiTermTest.com
24297,Yusuf,Kaminski,Yusuf.Kaminski@BiTermTest.com,Yusuf.Kaminski@BiTermTest.com,Active,Employee,2013-07-29,,Fleet Planner,Fleet,United States,Sanne.Iyer@BiTermTest.com
19671,Yusuf,Lemma,Yusuf.Lemma@BiTermTest.com,Yusuf.Lemma@BiTermTest.com,Active,Contractor,2015-06-22,,Benefits Analyst,Human Resources,United States,Mahmoud.Tesfaye@BiTermTest.com
73047008,Yusuf,Novak,Yusuf.Novak@BiTermTest.com,Yusuf.Novak@BiTermTest.com,Active,Employee,2024-10-21,,Customer Care Associate,Customer Service,United States,Arjun.Forsberg@BiTermTest.com
73051505,Yusuf,Uchida,Yusuf.Uchida@BiTermTest.com,Yusuf.Uchida@BiTermTest.com,Active,Employee,2025-05-05,,Operations Analyst,Operations,United States,Katya.Nair@BiTermTest.com
435,Zahra,Babic,Zahra.Babic@BiTermTest.com,Zahra.Babic@BiTermTest.com,Active,Employee,2003-03-31,,Security Analyst,Security,United States,Amaia.Diallo@BiTermTest.com
11027,Zahra,Balogun,Zahra.Balogun@BiTermTest.com,Zahra.Balogun@BiTermTest.com,Active,Employee,2011-03-28,,HR Business Partner,Human Resources,Canada,Elzbieta.Barone@BiTermTest.com
15338,Zahra,Camilleri,Zahra.Camilleri@BiTermTest.com,Zahra.Camilleri@BiTermTest.com,Active,Employee,2014-10-14,,Security Analyst,Security,United States,Lan.Vosberg@BiTermTest.com
25257,Zahra,Desta,Zahra.Desta@BiTermTest.com,Zahra.Desta@BiTermTest.com,Active,Employee,2004-12-01,,Financial Analyst,Finance,Canada,Chiara.Demir@BiTermTest.com
15190,Zahra,Devries,Zahra.Devries@BiTermTest.com,Zahra.Devries@BiTermTest.com,Active,Employee,2015-01-01,,Recruiter,Human Resources,United States,Yaretzi.Aslan@BiTermTest.com
7933,Zahra,Duong,Zahra.Duong@BiTermTest.com,Zahra.Duong@BiTermTest.com,Active,Employee,2006-02-27,,Benefits Analyst,Human Resources,United States,Citlali.Ngo@BiTermTest.com
34020,Zahra,Micallef,Zahra.Micallef@BiTermTest.com,Zahra.Micallef@BiTermTest.com,Active,Employee,2021-08-16,,Operations Supervisor,Operations,United States,Cillian.Novikov@BiTermTest.com
73035069,Zahra,Morozov,Zahra.Morozov@BiTermTest.com,Zahra.Morozov@BiTermTest.com,Active,Employee,2023-04-03,,Platform Administrator,IT,Canada,Ren.Desta@BiTermTest.com
9271,Zahra,Mukherjee,Zahra.Mukherjee@BiTermTest.com,Zahra.Mukherjee@BiTermTest.com,Active,Employee,2008-03-17,,Physical Security Officer,Security,Canada,Amaia.Yilmaz@BiTermTest.com
73043876,Zahra,Nikolic,Zahra.Nikolic@BiTermTest.com,Zahra.Nikolic@BiTermTest.com,Active,Employee,2024-03-28,2026-12-31,Benefits Analyst,Human Resources,United States,Cuauhtemoc.Kapoor@BiTermTest.com
73006520,Zahra,Owusu,Zahra.Owusu@BiTermTest.com,Zahra.Owusu@BiTermTest.com,Active,Employee,2020-08-17,,Fleet Planner,Fleet,United States,Mei.Ozturk@BiTermTest.com
10006953,Zahra,Petrovic,Zahra.Petrovic@BiTermTest.com,Zahra.Petrovic@BiTermTest.com,Active,Employee,2018-06-18,,Accounts Payable Clerk,Finance,United States,Naoko.Jeong@BiTermTest.com
36143,Zahra,Ribeiro,Zahra.Ribeiro@BiTermTest.com,Zahra.Ribeiro@BiTermTest.com,Active,Employee,2024-05-20,,Account Executive,Sales,United States,Piotr.Malhotra@BiTermTest.com
33974,Zahra,Szymanski,Zahra.Szymanski@BiTermTest.com,Zahra.Szymanski@BiTermTest.com,Active,Employee,2017-12-13,,Customer Security Representative II CDL,Customer Service,United States,Elzbieta.Amari@BiTermTest.com
73027751,Zainab,Borg,Zainab.Borg@BiTermTest.com,Zainab.Borg@BiTermTest.com,Active,Contractor,2022-05-31,,Sales Operations Analyst,Sales,Canada,Anwar.Axelsson@BiTermTest.com
73000198,Zainab,Holmgren,Zainab.Holmgren@BiTermTest.com,Zainab.Holmgren@BiTermTest.com,Active,Employee,2020-01-06,,GRC Analyst,Security,United States,Parvin.Mekonnen@BiTermTest.com
73005809,Zainab,Horvat,Zainab.Horvat@BiTermTest.com,Zainab.Horvat@BiTermTest.com,Active,Employee,2020-06-29,,Operations Analyst,Operations,Canada,Firuza.Moretti@BiTermTest.com
73025614,Zainab,Maalouf,Zainab.Maalouf@BiTermTest.com,Zainab.Maalouf@BiTermTest.com,Active,Employee,2022-02-28,,Account Executive,Sales,United States,Volkan.Kocak@BiTermTest.com
21536,Zainab,Reddy,Zainab.Reddy@BiTermTest.com,Zainab.Reddy@BiTermTest.com,Active,Employee,2009-03-17,,Recruiter,Human Resources,United States,Jisoo.Jeong@BiTermTest.com
27381,Zdeshpande,User,ZDeshpande@BiTermTest.com,ZDeshpande@BiTermTest.com,Active,Contractor,1988-12-05,,HR Business Partner,Human Resources,Canada,Iker.Lewandowski@BiTermTest.com
40334,Zofia,Almeida,Zofia.Almeida@BiTermTest.com,Zofia.Almeida@BiTermTest.com,Active,Employee,2019-05-28,,Customer Security Representative II CDL,Customer Service,United States,Duc.Traore@BiTermTest.com
8897,Zofia,Babic,Zofia.Babic@BiTermTest.com,Zofia.Babic@BiTermTest.com,Active,Employee,2007-08-30,,Benefits Analyst,Human Resources,United States,Henryk.Yamamoto@BiTermTest.com
40103,Zofia,Camilleri,Zofia.Camilleri@BiTermTest.com,Zofia.Camilleri@BiTermTest.com,Active,Employee,2019-05-13,,Financial Analyst,Finance,Canada,Ingrid.Banerjee@BiTermTest.com
73023767,Zofia,Deluca,Zofia.Deluca@BiTermTest.com,Zofia.Deluca@BiTermTest.com,Active,Employee,2022-01-10,,Financial Analyst,Finance,United States,Astrid.Micallef@BiTermTest.com
42324,Zofia,Fedorov,Zofia.Fedorov@BiTermTest.com,Zofia.Fedorov@BiTermTest.com,Active,Contractor,2019-11-04,,Operations Analyst,Operations,United States,Ines.Fofana@BiTermTest.com
20778,Zofia,Fonseca,Zofia.Fonseca@BiTermTest.com,Zofia.Fonseca@BiTermTest.com,Active,Employee,2014-10-13,,Physical Security Officer,Security,United States,Diego.Nakamura@BiTermTest.com
73001184,Zofia,Kirigaya,Zofia.Kirigaya@BiTermTest.com,Zofia.Kirigaya@BiTermTest.com,Zofia Kirigaya,Employee,2020-02-24,,Recruiter,Human Resources,United States,Elzbieta.Barone@BiTermTest.com
24741,Zofia,Maalouf,Zofia.Maalouf@BiTermTest.com,Zofia.Maalouf@BiTermTest.com,Active,Employee,2008-08-11,,Account Support Lead,Customer Service,United States,Tomasz.Ozturk@BiTermTest.com
33861,Zofia,Novikov,Zofia.Novikov@BiTermTest.com,Zofia.Novikov@BiTermTest.com,Active,Contractor,2017-12-04,,Physical Security Officer,Security,United States,Marisol.Asante@BiTermTest.com
26801,Zofia,Oliveira,Zofia.Oliveira@BiTermTest.com,Zofia.Oliveira@BiTermTest.com,Active,Employee,2015-01-05,,Systems Engineer,IT,United States,Katya.Horvat@BiTermTest.com
19388,Zofia,Polat,Zofia.Polat@BiTermTest.com,Zofia.Polat@BiTermTest.com,Active,Employee,2000-12-18,,Account Executive,Sales,United States,Anwar.Axelsson@BiTermTest.com
29878,Zofia,Saxena,Zofia.Saxena@BiTermTest.com,Zofia.Saxena@BiTermTest.com,Active,Employee,2017-02-13,,Fleet Maintenance Technician,Fleet,United States,Yusuf.Kaminski@BiTermTest.com
27455,Zofia,Uchida,Zofia.Uchida@BiTermTest.com,Zofia.Uchida@BiTermTest.com,Active,Employee,2005-02-14,,Benefits Analyst,Human Resources,Canada,Elzbieta.Barone@BiTermTest.com
25304,Zofia,Wojcik,Zofia.Wojcik@BiTermTest.com,Zofia.Wojcik@BiTermTest.com,Active,Contractor,1995-08-01,,Fleet Maintenance Technician,Fleet,United States,Tariq.Zammit@BiTermTest.com
73041475,Zofia,Worku,Zofia.Worku@BiTermTest.com,Zofia.Worku@BiTermTest.com,Active,Employee,2023-11-14,2026-04-15,Sales Operations Analyst,Sales,United States,Tariq.Borg@BiTermTest.com
23506,Ztraore,User,ZTraore@BiTermTest.com,ZTraore@BiTermTest.com,Active,Employee,2007-01-15,,Regional Sales Manager,Sales,United States,Jisoo.Almeida@BiTermTest.com
